id,vendor_id,pickup_datetime,dropoff_datetime,passenger_count,pickup_longitude,pickup_latitude,dropoff_longitude,dropoff_latitude,store_and_fwd_flag,trip_duration
id0000000,2,2016-04-22 02:46:00,2016-04-22 02:54:18,1,-73.97261858001289,40.77171226858895,-73.94398665989847,40.760869703855995,N,498
id0000001,2,2016-01-09 11:37:00,2016-01-09 11:55:26,3,-73.98793386292357,40.71120071521918,-73.91685212532452,40.7133089812719,N,1106
id0000002,2,2016-05-31 21:48:00,2016-05-31 22:02:30,5,-73.93747760056591,40.79177030381129,-73.96757320457253,40.74834384576788,N,870
id0000003,2,2016-04-18 07:47:00,2016-04-18 08:07:47,2,-73.95162967524236,40.800325412237605,-73.97617506728616,40.751754037578095,N,1247
id0000004,1,2016-05-10 19:53:00,2016-05-10 19:59:48,1,-74.1,40.67020341651058,-74.10939900446427,40.67658383889241,N,408
id0000005,1,2016-04-30 07:19:00,2016-04-30 07:33:57,4,-73.95501167875643,40.6994019221912,-73.94190696229718,40.67287960233518,N,897
id0000006,2,2016-03-01 20:11:00,2016-03-01 20:26:31,2,-74.04019136752272,40.76375281814253,-74.0358255679797,40.71291490804729,N,931
id0000007,1,2016-02-06 13:31:00,2016-02-06 13:45:59,1,-74.06319508077968,40.74376908334454,-74.03600122132116,40.77755602857553,N,899
id0000008,2,2016-03-09 18:35:00,2016-03-09 18:56:49,1,-73.99536603757055,40.75724394791231,-74.04599943197023,40.73513113435986,N,1309
id0000009,1,2016-05-18 16:55:00,2016-05-18 17:14:19,1,-73.96239658900335,40.71961302325919,-73.944538172985,40.75985642939448,N,1159
id0000010,1,2016-04-25 21:26:00,2016-04-25 21:36:12,2,-74.07524040356577,40.79757290886883,-74.10864009567592,40.79856938655766,N,612
id0000011,2,2016-04-24 02:16:00,2016-04-24 02:20:48,1,-73.94624829706183,40.7930006370943,-73.95269832265433,40.80331719726624,N,288
id0000012,1,2016-01-24 17:31:00,2016-01-24 17:51:39,1,-73.94301636338577,40.760971381390256,-73.86615575015924,40.75356889027687,N,1239
id0000013,1,2016-01-02 17:42:00,2016-01-02 18:29:49,1,-73.98241630920353,40.808725854313565,-74.045337235598,40.715795175754465,N,2869
id0000014,2,2016-05-01 12:58:00,2016-05-01 13:09:10,1,-74.03271929966249,40.77903792040134,-74.04529533574227,40.73925039321446,N,670
id0000015,1,2016-06-22 00:01:00,2016-06-22 00:13:07,1,-74.03886579023042,40.71933183917026,-74.0962248499844,40.714932008080105,N,727
id0000016,2,2016-03-06 06:23:00,2016-03-06 06:30:59,1,-73.92857373276308,40.77459378528371,-73.92168567390826,40.787359305088955,N,479
id0000017,2,2016-03-22 02:17:00,2016-03-22 02:31:41,1,-74.06811724775727,40.7148502829627,-74.02094676656472,40.652211692179115,N,881
id0000018,2,2016-06-23 07:59:00,2016-06-23 08:04:02,1,-73.92645412465494,40.797530263558826,-73.91881964430695,40.79565420378371,N,302
id0000019,2,2016-02-12 07:01:00,2016-02-12 07:13:26,6,-73.99408595375218,40.75575333400562,-73.99933816715227,40.71647409095313,N,746
id0000020,1,2016-04-04 23:39:00,2016-04-04 23:54:23,1,-73.99027089748036,40.74968119364046,-73.93049279267302,40.7578928994186,N,923
id0000021,2,2016-01-16 16:30:00,2016-01-16 16:37:29,1,-74.07894482379773,40.72735817050182,-74.06407221423298,40.72667914300233,N,449
id0000022,1,2016-02-17 23:33:00,2016-02-17 23:44:54,1,-73.99306941465707,40.81301436024033,-73.95618894212303,40.83903691632536,N,714
id0000023,1,2016-03-09 03:30:00,2016-03-09 03:44:58,1,-73.95125279661937,40.751046173306904,-73.91906621421134,40.788384975863465,N,898
id0000024,2,2016-05-04 18:14:00,2016-05-04 18:51:21,3,-74.05850255483186,40.738725248002666,-74.15,40.754789894477256,N,2241
id0000025,1,2016-02-26 00:20:00,2016-02-26 00:27:29,5,-73.95757502730115,40.74215399022803,-73.9610251235541,40.772267765842,N,449
id0000026,1,2016-03-24 19:39:00,2016-03-24 19:53:41,1,-73.98010432604765,40.7819539133499,-74.02861767714731,40.769691926692566,N,881
id0000027,2,2016-02-24 05:27:00,2016-02-24 05:54:27,1,-74.02040655876078,40.774444982896384,-74.05772581899784,40.873254092290736,N,1647
id0000028,2,2016-01-26 16:23:00,2016-01-26 16:52:37,1,-73.93799298024298,40.77657296752182,-73.87163660541334,40.7339142991445,N,1777
id0000029,2,2016-05-24 08:42:00,2016-05-24 08:52:59,1,-74.1,40.777386945135355,-74.11686624953951,40.75891549290853,N,659
id0000030,1,2016-05-02 11:19:00,2016-05-02 11:43:16,1,-73.96593255881909,40.85437414203918,-73.88076699000781,40.88592169243532,N,1456
id0000031,2,2016-04-27 13:23:00,2016-04-27 13:40:03,1,-73.89593106630596,40.73971132426269,-73.95927704521814,40.76605656993283,N,1023
id0000032,2,2016-04-16 02:30:00,2016-04-16 02:42:21,1,-73.90580312734946,40.734949077191786,-73.95456831246194,40.75200769286177,N,741
id0000033,2,2016-01-25 05:10:00,2016-01-25 05:21:56,1,-73.96356063037038,40.72138022722885,-73.92925485062754,40.745016380258605,N,716
id0000034,2,2016-04-03 18:25:00,2016-04-03 18:58:31,5,-74.0015924426872,40.7857190740159,-74.01695416107633,40.71279457360469,N,2011
id0000035,1,2016-05-08 20:52:00,2016-05-08 21:14:33,1,-74.01996914061012,40.80880375317244,-74.00613941046306,40.864429207481265,N,1353
id0000036,1,2016-03-30 23:38:00,2016-03-30 23:42:29,2,-74.00166091866481,40.75287236440553,-74.00671472585145,40.7457361808452,N,269
id0000037,1,2016-05-11 16:10:00,2016-05-11 16:30:35,2,-73.95509060136452,40.720192958536686,-73.96150653207299,40.763799254916165,N,1235
id0000038,2,2016-02-29 21:28:00,2016-02-29 21:48:04,1,-74.02939840930027,40.7208983452939,-74.04308903239321,40.64972491503002,N,1204
id0000039,2,2016-04-03 14:19:00,2016-04-03 14:23:24,5,-73.94334169000723,40.78727667545211,-73.93526448878889,40.796256573073954,N,264
id0000040,1,2016-03-10 07:03:00,2016-03-10 07:16:55,1,-73.86767617150981,40.79144643770416,-73.83880244857106,40.77172385793409,N,835
id0000041,2,2016-06-30 05:30:00,2016-06-30 05:48:01,1,-73.988403577932,40.78244194207374,-73.91575458113824,40.802466147379086,N,1081
id0000042,2,2016-02-02 14:07:00,2016-02-02 14:13:17,1,-74.05894171418058,40.72805206317201,-74.068054778271,40.739149529008415,N,377
id0000043,1,2016-02-21 14:14:00,2016-02-21 14:21:35,1,-74.0589609610474,40.76844725953801,-74.07667468435102,40.78125893245048,N,455
id0000044,2,2016-05-03 22:50:00,2016-05-03 23:01:09,1,-73.94228889465586,40.763250861411336,-73.96579966469652,40.72618790232323,N,669
id0000045,1,2016-01-11 15:20:00,2016-01-11 15:44:32,1,-73.98828603984282,40.76784098685281,-73.92214576636636,40.76584706762416,N,1472
id0000046,1,2016-04-03 07:43:00,2016-04-03 07:54:26,2,-73.93677430071648,40.79721429500767,-73.90570968034636,40.79090844833014,N,686
id0000047,2,2016-01-06 05:49:00,2016-01-06 06:14:26,4,-74.01434988370376,40.76806179969486,-74.09980638789348,40.785397651154625,N,1526
id0000048,2,2016-04-06 01:37:00,2016-04-06 01:58:35,1,-73.9393157048853,40.78855111033824,-74.02675613651114,40.82317650517841,N,1295
id0000049,1,2016-02-28 08:09:00,2016-02-28 08:22:31,1,-73.99370645453973,40.761041058127006,-74.03105905911714,40.76630771539731,N,811
id0000050,2,2016-02-04 13:36:00,2016-02-04 13:50:11,1,-74.02528772304282,40.77101037294105,-74.01493117806038,40.72634434284745,N,851
id0000051,2,2016-03-31 14:54:00,2016-03-31 14:57:03,5,-74.00705491633413,40.786407970162735,-74.00856107259897,40.79017322849757,N,183
id0000052,2,2016-03-01 06:08:00,2016-03-01 06:32:12,1,-74.05083798954827,40.692427988106495,-74.0276729547153,40.78381565610082,N,1452
id0000053,2,2016-01-15 05:42:00,2016-01-15 05:57:46,4,-73.87558522427801,40.74361479526392,-73.88348017917626,40.80122498170849,N,946
id0000054,2,2016-04-06 22:40:00,2016-04-06 23:18:55,1,-73.99030099974571,40.736833230556826,-73.92741715503367,40.632729245860304,N,2335
id0000055,1,2016-04-12 23:24:00,2016-04-12 23:32:27,1,-73.94955172512248,40.72925049682905,-73.91480671307764,40.73146750720837,N,507
id0000056,1,2016-04-30 11:06:00,2016-04-30 11:16:55,1,-74.0145278023079,40.745618598694804,-74.0110368549877,40.77824278207874,N,655
id0000057,2,2016-06-12 23:00:00,2016-06-12 23:14:12,1,-74.0428560302089,40.82527235900555,-73.99131575583486,40.818890913565674,N,852
id0000058,1,2016-05-07 20:28:00,2016-05-07 20:45:12,1,-73.99786342810049,40.71903759979381,-74.07206420819467,40.70293441758877,N,1032
id0000059,2,2016-05-25 00:41:00,2016-05-25 00:45:38,4,-73.92443441066415,40.80157252595662,-73.92826277273409,40.7922287784287,N,278
id0000060,1,2016-04-27 22:46:00,2016-04-27 22:56:07,1,-74.01364024852691,40.68227086027729,-74.00745219475115,40.7015974922675,N,607
id0000061,1,2016-05-02 09:20:00,2016-05-02 09:43:15,1,-74.03287925850012,40.74293017365064,-74.00578761600225,40.702733724547514,N,1395
id0000062,1,2016-05-24 09:15:00,2016-05-24 09:46:31,1,-73.9764494665597,40.765323887929725,-74.05363193668698,40.80692799073605,N,1891
id0000063,1,2016-04-30 10:26:00,2016-04-30 10:30:10,1,-73.95755375696052,40.78438000491117,-73.96927206776988,40.78242025020174,N,250
id0000064,2,2016-04-01 09:52:00,2016-04-01 10:09:20,1,-73.89464335071307,40.79000519609068,-73.87662261487726,40.75727934649678,N,1040
id0000065,2,2016-05-12 21:57:00,2016-05-12 22:12:58,2,-73.9655437236895,40.793700625584,-73.94407142800162,40.83305288123296,N,958
id0000066,1,2016-06-24 16:34:00,2016-06-24 17:03:24,6,-73.94958040268078,40.74230737174882,-73.89620455981535,40.68822779006992,N,1764
id0000067,1,2016-03-30 22:41:00,2016-03-30 22:54:24,1,-73.94543986196938,40.737194169330095,-73.91117212201107,40.71776181593504,N,804
id0000068,2,2016-02-11 03:10:00,2016-02-11 03:16:51,1,-74.0484158460063,40.796608914656574,-74.05115391822804,40.77660028737159,N,411
id0000069,2,2016-03-14 03:03:00,2016-03-14 03:25:13,1,-74.03798326387583,40.74939130538033,-74.00760944517313,40.82442927321859,N,1333
id0000070,2,2016-01-03 14:03:00,2016-01-03 14:11:54,1,-74.04461429592831,40.700594115449796,-74.05367565952827,40.67661838854742,N,534
id0000071,1,2016-02-25 19:28:00,2016-02-25 19:58:41,1,-74.05826801656303,40.70700207536984,-74.0516631886887,40.63157829265234,N,1841
id0000072,1,2016-06-10 10:43:00,2016-06-10 10:54:43,1,-73.94124970688213,40.71662464712993,-73.9054836011255,40.696261118095165,N,703
id0000073,2,2016-01-19 03:07:00,2016-01-19 03:14:17,1,-73.96904724495849,40.780372233482424,-73.97108578065195,40.79631649564159,N,437
id0000074,1,2016-06-10 14:57:00,2016-06-10 15:07:07,6,-73.98062771652997,40.76440915812318,-73.96433818095103,40.791852117253605,N,607
id0000075,2,2016-04-12 07:31:00,2016-04-12 08:04:10,5,-74.1,40.789071840933055,-74.05674110538072,40.86875073020355,N,1990
id0000076,2,2016-02-27 22:59:00,2016-02-27 23:20:57,1,-73.87194877277598,40.73877363091486,-73.83990135404272,40.788015045899364,N,1317
id0000077,1,2016-03-26 23:57:00,2016-03-27 00:09:14,6,-74.03418496022844,40.76513428609845,-73.97867872671378,40.77171157688548,N,734
id0000078,2,2016-06-08 21:40:00,2016-06-08 22:01:19,2,-73.87215029842336,40.78615156772853,-73.76737012501549,40.75495202636341,N,1279
id0000079,2,2016-01-22 15:22:00,2016-01-22 15:39:09,1,-74.06470828143583,40.74407940571259,-74.03307653163476,40.800920365809745,N,1029
id0000080,2,2016-04-12 23:10:00,2016-04-12 23:16:54,4,-74.02968206372061,40.778554885690085,-74.05044022853383,40.76565516142867,N,414
id0000081,1,2016-02-18 19:48:00,2016-02-18 19:57:10,5,-74.1,40.728213332652004,-74.0769679628481,40.705177829384496,N,550
id0000082,2,2016-04-08 11:37:00,2016-04-08 11:45:10,1,-73.96508312632315,40.741662576904574,-73.94398629758108,40.72706499382918,N,490
id0000083,1,2016-05-23 06:30:00,2016-05-23 06:42:01,2,-74.04556912514462,40.74082179477008,-74.01796114393666,40.69699170640869,N,721
id0000084,2,2016-06-16 16:23:00,2016-06-16 16:48:13,1,-74.04401500847541,40.704187215948494,-73.97673927734974,40.68791151275751,N,1513
id0000085,1,2016-02-16 12:28:00,2016-02-16 12:43:33,1,-74.06048828194459,40.779913761635356,-74.13627329984887,40.771754970086114,N,933
id0000086,2,2016-04-30 18:48:00,2016-04-30 19:17:03,2,-73.94224547154941,40.73687689469088,-73.87412276193957,40.762449875894305,N,1743
id0000087,1,2016-03-18 11:32:00,2016-03-18 11:44:44,1,-73.94586949916379,40.75856223534275,-73.86260074010117,40.744979143614216,N,764
id0000088,2,2016-04-01 11:57:00,2016-04-01 12:09:28,1,-73.88533813599066,40.779633599650765,-73.85977495614351,40.735272526186414,N,748
id0000089,1,2016-01-30 08:35:00,2016-01-30 09:06:20,1,-74.02271386415902,40.77809390292135,-73.99606778550398,40.72196187748737,N,1880
id0000090,2,2016-06-04 21:47:00,2016-06-04 21:51:05,2,-73.97296493459243,40.78794232990378,-73.98383895091911,40.795277271067086,N,245
id0000091,1,2016-01-31 21:53:00,2016-01-31 21:56:04,2,-74.05591343585711,40.75356815319708,-74.05562885631535,40.7561100580685,N,184
id0000092,1,2016-01-08 06:06:00,2016-01-08 06:17:08,1,-74.00342714625044,40.73895157595802,-73.97201929908877,40.71955063106556,N,668
id0000093,1,2016-05-17 15:43:00,2016-05-17 15:54:51,1,-74.01353649223046,40.75441268050921,-73.9850266345558,40.73805170439199,N,711
id0000094,1,2016-03-14 19:39:00,2016-03-14 19:52:30,1,-73.95945525233775,40.68206995047189,-73.9270233144876,40.695666993119865,N,810
id0000095,1,2016-01-13 03:13:00,2016-01-13 03:28:10,1,-73.929063800647,40.692879938740965,-73.90086371492485,40.74154905762009,N,910
id0000096,1,2016-05-03 21:58:00,2016-05-03 22:08:45,1,-73.93049133200427,40.69847851744405,-73.89006378316786,40.671173456999014,N,645
id0000097,1,2016-02-21 20:59:00,2016-02-21 21:08:48,5,-74.03135467497196,40.713123892757935,-73.99595548482262,40.716235492025476,N,588
id0000098,2,2016-06-26 15:54:00,2016-06-26 16:11:55,1,-73.93008426524574,40.775989840202556,-73.97617995518245,40.80952930434274,N,1075
id0000099,2,2016-06-27 12:19:00,2016-06-27 12:29:10,1,-73.98742468254093,40.7172534425088,-73.94997262058308,40.6900894423519,N,610
id0000100,1,2016-04-10 04:06:00,2016-04-10 04:26:36,2,-74.00285282927433,40.74098268506823,-73.9192164315356,40.74043556105852,N,1236
id0000101,1,2016-03-27 14:42:00,2016-03-27 14:44:18,1,-74.02396813177504,40.816465273400375,-74.02516633561302,40.815135427292304,N,138
id0000102,2,2016-03-21 23:00:00,2016-03-21 23:19:04,1,-74.01579646868989,40.741968121302236,-73.94831987103068,40.69607278807571,N,1144
id0000103,2,2016-04-20 07:56:00,2016-04-20 08:11:37,1,-73.88917273845921,40.79118820058102,-73.93045102695523,40.79708565839781,N,937
id0000104,1,2016-06-14 10:42:00,2016-06-14 10:45:37,1,-73.96809240784283,40.71598720439956,-73.9694317257253,40.71709126815072,N,217
id0000105,1,2016-04-26 14:58:00,2016-04-26 15:07:41,3,-73.97539634838743,40.74875530989596,-74.00424846521888,40.76818325863182,N,581
id0000106,2,2016-01-19 01:23:00,2016-01-19 01:43:43,1,-73.99942357721953,40.715249007529025,-73.93735862086046,40.6737079809159,N,1243
id0000107,1,2016-02-05 16:44:00,2016-02-05 17:14:22,2,-73.8504711763709,40.74274351158448,-73.77664973142251,40.74309247506862,N,1822
id0000108,2,2016-04-24 13:30:00,2016-04-24 13:43:59,1,-73.91322442311345,40.79581386618558,-73.9176882485174,40.844174558413535,N,839
id0000109,1,2016-03-08 05:17:00,2016-03-08 05:35:32,1,-74.02465841631393,40.680270580956346,-73.97196064779415,40.752983075073274,N,1112
id0000110,2,2016-03-28 05:56:00,2016-03-28 06:12:37,1,-74.00004882800876,40.77754906395957,-73.9257706297531,40.82235358837357,N,997
id0000111,1,2016-03-13 22:17:00,2016-03-13 22:27:12,2,-73.9967834498854,40.768698102104956,-73.99826479849368,40.7275005994072,N,612
id0000112,1,2016-04-18 11:07:00,2016-04-18 11:12:09,5,-73.97697704119446,40.731263251993646,-73.9711382186636,40.74705009586517,N,309
id0000113,2,2016-02-11 23:37:00,2016-02-11 23:47:11,1,-74.02356742959473,40.69292739655252,-73.99055473796152,40.67601726642888,N,611
id0000114,2,2016-01-14 09:56:00,2016-01-14 10:13:31,1,-73.96086509121511,40.76124582784713,-73.99877930038352,40.77118234860667,N,1051
id0000115,2,2016-02-12 14:02:00,2016-02-12 14:10:41,1,-73.90513515273784,40.734172828092134,-73.90018076095319,40.707145243389945,N,521
id0000116,2,2016-05-01 13:41:00,2016-05-01 14:07:33,1,-74.05724954599523,40.76847042951096,-73.96082412621615,40.70849885904613,N,1593
id0000117,1,2016-04-20 15:10:00,2016-04-20 15:21:29,5,-74.04704807054006,40.75898334654856,-74.06954867895132,40.74692524319407,N,689
id0000118,1,2016-05-27 06:22:00,2016-05-27 06:40:55,1,-74.01157372054135,40.830080050109444,-73.97315153970956,40.855371144490796,N,1135
id0000119,1,2016-01-20 17:49:00,2016-01-20 17:59:04,1,-74.00902375580593,40.74722899676372,-73.98545255572976,40.7573089882053,N,604
id0000120,1,2016-01-26 18:26:00,2016-01-26 18:33:22,1,-73.87508437688898,40.71194261283202,-73.8824538427806,40.726045787929024,N,442
id0000121,2,2016-01-24 12:06:00,2016-01-24 12:09:29,1,-73.92990599289918,40.76606740357304,-73.91993151371825,40.773639664877315,N,209
id0000122,1,2016-04-12 09:53:00,2016-04-12 10:19:39,2,-73.9330622706335,40.76789985077873,-73.85419437402922,40.782058312398334,N,1599
id0000123,1,2016-04-14 08:11:00,2016-04-14 08:20:41,1,-73.99954011314324,40.81916344088582,-73.97462824154717,40.83769635245386,N,581
id0000124,2,2016-01-29 23:50:00,2016-01-29 23:56:32,5,-74.00074723737328,40.79558000606616,-73.96880539932651,40.78596615605275,N,392
id0000125,2,2016-03-22 18:42:00,2016-03-22 19:11:42,1,-74.06484379775709,40.77405919766173,-73.99280499442577,40.77696036731142,N,1782
id0000126,2,2016-01-10 08:45:00,2016-01-10 09:11:08,2,-73.94200428745737,40.823848630104884,-73.95502775712228,40.88486267322532,N,1568
id0000127,2,2016-04-21 08:55:00,2016-04-21 09:13:06,1,-73.95799199673552,40.704505662555476,-74.00510316767821,40.709476748570516,N,1086
id0000128,2,2016-04-13 17:42:00,2016-04-13 18:01:59,1,-73.91427014494269,40.729211181026265,-73.83469451232112,40.73070090340215,N,1199
id0000129,1,2016-01-05 21:45:00,2016-01-05 21:50:57,1,-73.9965956342346,40.71630408263675,-73.99045215401677,40.719905040389676,N,357
id0000130,1,2016-01-17 02:29:00,2016-01-17 02:38:48,1,-73.99279785304103,40.740458558857995,-73.95258581478431,40.73283176071693,N,588
id0000131,1,2016-05-08 07:04:00,2016-05-08 07:16:26,6,-73.97564749592917,40.69604912335997,-74.00995230928204,40.68081166462974,N,746
id0000132,1,2016-06-12 15:31:00,2016-06-12 15:36:55,2,-73.9359456333471,40.786581792606654,-73.91846194961103,40.793885540959444,N,355
id0000133,1,2016-06-03 16:19:00,2016-06-03 16:33:35,1,-74.06586185921536,40.74799997863056,-74.11522383453415,40.73029994656199,N,875
id0000134,1,2016-04-13 05:02:00,2016-04-13 05:06:18,1,-73.94451691264439,40.69181371674738,-73.94164861985662,40.68672069421568,N,258
id0000135,2,2016-04-05 09:26:00,2016-04-05 09:43:21,1,-73.9861272559195,40.712298941345665,-74.01528379925251,40.684630926617245,N,1041
id0000136,2,2016-05-27 03:21:00,2016-05-27 03:29:19,1,-74.04322504973746,40.77210812313526,-74.08271949480853,40.77588853629396,N,499
id0000137,2,2016-06-02 00:47:00,2016-06-02 00:55:14,1,-74.09965331639597,40.79571569555525,-74.11329383651744,40.816162518601416,N,494
id0000138,2,2016-06-13 23:35:00,2016-06-13 23:58:56,1,-73.99250605415331,40.847852890126134,-74.09570863308689,40.84043587002925,N,1436
id0000139,1,2016-03-13 17:43:00,2016-03-13 18:24:14,1,-73.90537578591993,40.88912381097033,-73.95757139561992,40.81883056567921,N,2474
id0000140,2,2016-03-27 15:24:00,2016-03-27 15:37:05,4,-73.89289234332922,40.776648424497424,-73.85768370629751,40.797311428539366,N,785
id0000141,2,2016-01-15 08:44:00,2016-01-15 08:50:39,1,-73.96545430841314,40.71347078459857,-73.94980932088349,40.717677219095165,N,399
id0000142,2,2016-02-01 21:01:00,2016-02-01 21:18:00,2,-73.87708968848868,40.66205791736709,-73.925428101102,40.62729481661662,N,1020
id0000143,1,2016-03-09 17:06:00,2016-03-09 17:18:15,5,-73.98736175956262,40.770047015805474,-73.96270744893668,40.79711147428679,N,735
id0000144,2,2016-05-27 08:07:00,2016-05-27 08:30:09,1,-73.93256830465964,40.72141765071104,-73.97208789290647,40.672472768685985,N,1389
id0000145,1,2016-03-22 05:44:00,2016-03-22 05:54:05,1,-74.00981769888985,40.739308923291915,-73.97732932472124,40.77589818982827,N,605
id0000146,1,2016-04-16 21:21:00,2016-04-16 21:23:15,1,-74.01330293616063,40.73045564404231,-74.01850669446641,40.72844781235466,N,135
id0000147,2,2016-06-06 12:40:00,2016-06-06 13:01:52,1,-74.02226300142843,40.75166441011127,-74.03689354319609,40.672254132473064,N,1312
id0000148,2,2016-03-27 13:30:00,2016-03-27 13:33:22,1,-74.09832909209183,40.80596911038545,-74.10242695515957,40.81221064593966,N,202
id0000149,2,2016-03-01 22:02:00,2016-03-01 22:24:44,1,-73.91420992570292,40.765067185535045,-73.79903114515297,40.75085045265186,N,1364
id0000150,2,2016-05-12 21:58:00,2016-05-12 22:12:13,1,-74.0202897841526,40.75086143233326,-74.0544358525311,40.73137170711945,N,853
id0000151,1,2016-02-27 08:21:00,2016-02-27 08:30:53,1,-74.02907913288654,40.711395581122844,-74.01888399290455,40.685575179471876,N,593
id0000152,1,2016-03-11 15:50:00,2016-03-11 16:00:12,2,-74.0498984424887,40.682639267488305,-74.01473685056153,40.67818671480821,N,612
id0000153,2,2016-06-10 14:51:00,2016-06-10 15:02:49,1,-73.99623976900949,40.7361161440917,-74.0395483472185,40.719134540250856,N,709
id0000154,2,2016-03-20 14:14:00,2016-03-20 14:46:57,2,-73.88800792291921,40.75557978521318,-73.95974952560248,40.69059562670159,N,1977
id0000155,1,2016-02-15 16:13:00,2016-02-15 16:29:27,1,-73.86984216320475,40.8375568461111,-73.89689157963805,40.8820792221448,N,987
id0000156,2,2016-05-31 21:46:00,2016-05-31 21:53:15,1,-74.07634767816911,40.76386235346628,-74.04217183411922,40.75530983550762,N,435
id0000157,2,2016-04-26 22:12:00,2016-04-26 22:22:17,1,-74.0044946397787,40.80222327799604,-74.01988479510648,40.7766055524403,N,617
id0000158,1,2016-05-19 17:38:00,2016-05-19 17:55:12,2,-74.04188967735516,40.73553169806574,-74.0522894442664,40.69603686917666,N,1032
id0000159,2,2016-02-29 10:44:00,2016-02-29 10:59:43,1,-73.93064142423337,40.70467753051123,-73.88965678992523,40.731653152872084,N,943
id0000160,2,2016-05-22 07:26:00,2016-05-22 07:48:35,1,-73.96923735489884,40.71456974569955,-74.0055227934761,40.66912462678117,N,1355
id0000161,2,2016-06-22 03:57:00,2016-06-22 04:00:30,1,-74.0200113130059,40.725364827095895,-74.02400530200747,40.730054382660924,N,210
id0000162,1,2016-01-30 18:02:00,2016-01-30 18:23:23,1,-73.9810084805675,40.85378113795959,-74.04913132742675,40.833353422894014,N,1283
id0000163,2,2016-02-04 12:16:00,2016-02-04 12:23:47,1,-74.01125802417742,40.72103759943491,-73.99682566644476,40.702647911315225,N,467
id0000164,1,2016-04-12 16:04:00,2016-04-12 16:25:12,1,-73.89621646480938,40.79573201416814,-73.88588864645381,40.75710743058398,N,1272
id0000165,2,2016-05-11 18:09:00,2016-05-11 18:22:39,1,-73.95491722667411,40.717368276986086,-73.91911809325659,40.695657096847825,N,819
id0000166,2,2016-01-01 02:02:00,2016-01-01 02:14:55,1,-73.9481597118496,40.799920785579346,-73.99969623777481,40.80022921928209,N,775
id0000167,2,2016-04-10 02:40:00,2016-04-10 02:44:24,1,-74.1,40.775322793474764,-74.10863494113475,40.78355872139698,N,264
id0000168,2,2016-01-24 04:19:00,2016-01-24 04:37:11,1,-73.98867337733559,40.750951294605386,-74.0462045435562,40.72345555776048,N,1091
id0000169,2,2016-06-27 02:59:00,2016-06-27 03:03:24,1,-73.87042339725176,40.75616568632391,-73.88149819812877,40.7529829822386,N,264
id0000170,1,2016-05-12 05:00:00,2016-05-12 05:15:37,1,-73.91206290114798,40.72853455370568,-73.84538243775312,40.759630458789644,N,937
id0000171,1,2016-06-29 22:02:00,2016-06-29 22:25:30,1,-74.08658992722562,40.77807324906669,-74.10102380124445,40.719881249573476,N,1410
id0000172,2,2016-02-09 16:39:00,2016-02-09 16:52:25,1,-74.0022384207976,40.737525743384666,-74.06370481288862,40.73730632930895,N,805
id0000173,2,2016-05-24 10:52:00,2016-05-24 11:05:44,1,-74.05108357062552,40.702847740630475,-74.08167813754939,40.6695703025414,N,824
id0000174,2,2016-03-10 12:58:00,2016-03-10 13:14:48,1,-73.89088941418004,40.70049280915562,-73.9633822466838,40.66364886313154,N,1008
id0000175,2,2016-01-19 19:53:00,2016-01-19 20:10:06,1,-73.97156469447482,40.7657664562975,-74.02987447402114,40.77490185925243,N,1026
id0000176,1,2016-03-28 09:08:00,2016-03-28 09:35:07,1,-74.02722875578523,40.82905910653847,-73.99703434314794,40.80997530513511,N,1627
id0000177,2,2016-03-26 08:37:00,2016-03-26 08:57:57,2,-73.98312131310526,40.76519962261081,-74.04820405878655,40.72261151319258,N,1257
id0000178,2,2016-04-01 01:10:00,2016-04-01 01:25:00,1,-74.1,40.75266127532506,-74.08594521343403,40.79901118704751,N,900
id0000179,2,2016-06-04 12:30:00,2016-06-04 12:40:41,1,-74.04467287169011,40.770862176282115,-74.0435144512754,40.80306530928373,N,641
id0000180,1,2016-02-20 20:37:00,2016-02-20 21:01:07,1,-73.98299559507956,40.81677007837681,-74.00691436628875,40.74913936990424,N,1447
id0000181,1,2016-04-26 04:53:00,2016-04-26 05:03:59,1,-73.93848785473507,40.76787221256138,-73.92825710563247,40.71626722808131,N,659
id0000182,1,2016-02-06 06:20:00,2016-02-06 06:33:36,4,-74.09177227663285,40.73950827461248,-74.13396704455347,40.76027927210864,N,816
id0000183,1,2016-06-08 23:20:00,2016-06-08 23:27:54,6,-74.00596354192363,40.8077829919527,-73.96812554388642,40.797812407796386,N,474
id0000184,1,2016-03-24 08:46:00,2016-03-24 09:10:45,1,-73.92946728438146,40.777294039730776,-73.96089259781722,40.8298141522832,N,1485
id0000185,1,2016-05-25 11:37:00,2016-05-25 11:46:49,1,-74.06482993284052,40.82710901963982,-74.08221644282783,40.848680793588755,N,589
id0000186,2,2016-02-18 22:49:00,2016-02-18 22:56:06,1,-73.97239494408687,40.76624554967499,-73.99513573932974,40.77672684300988,N,426
id0000187,2,2016-02-26 23:00:00,2016-02-26 23:13:15,1,-73.98137140232917,40.70289889357258,-73.95034509193083,40.66713369935869,N,795
id0000188,1,2016-06-27 21:26:00,2016-06-27 21:32:48,1,-73.89070908238038,40.69643283603395,-73.86620910627248,40.713633246354206,N,408
id0000189,2,2016-02-05 12:02:00,2016-02-05 12:25:24,1,-73.99765749062114,40.83229175695041,-74.11563404308771,40.78764001853415,N,1404
id0000190,2,2016-04-12 03:51:00,2016-04-12 04:00:40,1,-73.99443803291062,40.83556495743525,-73.9829971007781,40.881248516104606,N,580
id0000191,2,2016-02-28 16:57:00,2016-02-28 17:21:12,1,-73.93797721357595,40.74992163540229,-74.0164838910081,40.764696486017925,N,1452
id0000192,2,2016-03-12 00:06:00,2016-03-12 00:14:29,1,-74.05794917674271,40.74075657054888,-74.07330865379122,40.711887500362366,N,509
id0000193,1,2016-05-06 15:53:00,2016-05-06 16:01:23,1,-73.9971485763603,40.8237649931509,-74.0020164073389,40.851928703135535,N,503
id0000194,1,2016-05-22 07:28:00,2016-05-22 07:51:24,3,-74.01006487559623,40.70818294430804,-74.02590749592517,40.78663631542781,N,1404
id0000195,2,2016-03-28 13:17:00,2016-03-28 13:23:35,1,-73.99264014969879,40.71773728414699,-73.97010328470434,40.71012068565366,N,395
id0000196,2,2016-04-26 02:54:00,2016-04-26 03:03:14,2,-73.93833764530704,40.78694970576101,-73.90593419983347,40.806214167400206,N,554
id0000197,1,2016-01-08 23:31:00,2016-01-08 23:41:07,1,-73.95452111832049,40.74024276947132,-73.98932707899735,40.725128743282134,N,607
id0000198,2,2016-02-12 13:50:00,2016-02-12 13:59:08,1,-74.02617752696908,40.7577695159976,-74.06261839208146,40.760756843614246,N,548
id0000199,1,2016-05-15 03:08:00,2016-05-15 03:21:28,1,-73.977481543817,40.7506450695664,-73.97910017373137,40.6978918599653,N,808
id0000200,2,2016-05-01 04:40:00,2016-05-01 04:53:54,1,-73.90302571122447,40.773190854695954,-73.97249365484996,40.77317232172325,N,834
id0000201,2,2016-01-09 03:14:00,2016-01-09 03:20:49,4,-74.03072511343385,40.82133668375912,-74.05218912231729,40.822861890303194,N,409
id0000202,2,2016-06-11 04:28:00,2016-06-11 04:50:22,5,-73.97701582707816,40.76207632081058,-73.91635232457573,40.82504124300014,N,1342
id0000203,2,2016-03-15 11:50:00,2016-03-15 12:17:09,1,-73.99562383723162,40.786977245697464,-74.0634073626661,40.72415213675285,N,1629
id0000204,1,2016-02-25 06:46:00,2016-02-25 06:52:58,1,-73.98846527587102,40.66574225545361,-74.00377055704013,40.65591133438484,N,418
id0000205,2,2016-03-25 03:15:00,2016-03-25 03:25:20,1,-74.07468616922371,40.755807671913146,-74.10133970580557,40.800891774537234,N,620
id0000206,1,2016-03-12 20:29:00,2016-03-12 20:52:30,4,-73.90740804301282,40.720054637836824,-73.81717098835037,40.71159263548387,N,1410
id0000207,2,2016-04-01 13:13:00,2016-04-01 13:20:23,1,-74.02758935454885,40.70315341228094,-74.05179310884898,40.697156458626466,N,443
id0000208,2,2016-01-30 21:02:00,2016-01-30 21:12:50,2,-73.92856604164156,40.71848314348821,-73.95015753148269,40.689319077617334,N,650
id0000209,1,2016-01-26 07:32:00,2016-01-26 08:10:59,1,-74.0191757134426,40.74296444516847,-74.06556013519368,40.71032325685927,N,2339
id0000210,2,2016-06-29 02:54:00,2016-06-29 03:11:59,1,-74.01940275585427,40.79921561440602,-74.01898327469375,40.73531073260186,N,1079
id0000211,1,2016-05-16 02:20:00,2016-05-16 02:29:31,1,-73.9182782212244,40.69831232770172,-73.90612070374833,40.676289794034176,Y,571
id0000212,1,2016-03-06 17:53:00,2016-03-06 18:18:50,2,-73.93033634680872,40.75937841716675,-73.9701982399516,40.72475099023783,N,1550
id0000213,2,2016-06-03 14:03:00,2016-06-03 14:12:59,1,-73.97352337555698,40.73621237549999,-73.9290308495245,40.740343734677985,N,599
id0000214,2,2016-05-24 18:26:00,2016-05-24 18:40:20,1,-73.94313671976064,40.74325471075372,-73.93093885846766,40.71568632366888,N,860
id0000215,1,2016-05-07 00:25:00,2016-05-07 00:35:36,1,-74.0008704029141,40.80312410213871,-73.96253493581968,40.786338417662016,N,636
id0000216,1,2016-05-11 06:56:00,2016-05-11 07:02:22,1,-73.98546021952454,40.78221519466518,-74.00022631827734,40.76638800590816,N,382
id0000217,2,2016-06-22 02:16:00,2016-06-22 02:19:05,1,-74.0213893415855,40.81818291483493,-74.01044604669539,40.81649713345477,N,185
id0000218,2,2016-05-31 19:35:00,2016-05-31 19:45:38,2,-73.93527642778848,40.75104724443376,-73.94486577005782,40.732548965459586,N,638
id0000219,1,2016-02-16 20:45:00,2016-02-16 21:01:27,1,-74.0231377332142,40.72668258247482,-73.9575420634871,40.689520069327024,N,987
id0000220,2,2016-05-12 06:19:00,2016-05-12 06:24:31,5,-73.90331640102842,40.74792635324038,-73.89808451484672,40.75092817877856,N,331
id0000221,1,2016-01-30 06:04:00,2016-01-30 06:19:29,1,-74.00237087925758,40.768912355607206,-74.0019769515834,40.806274268176466,N,929
id0000222,2,2016-04-01 11:42:00,2016-04-01 11:50:46,3,-73.9838720289791,40.76594580113042,-74.00449291893504,40.7704421179831,N,526
id0000223,2,2016-01-13 05:56:00,2016-01-13 06:05:49,4,-73.94326995886401,40.7092025367495,-73.96648832223525,40.68785882141115,N,589
id0000224,2,2016-01-31 20:02:00,2016-01-31 20:06:58,1,-73.98368745683457,40.76207204017326,-73.9729899634675,40.75776191599498,N,298
id0000225,2,2016-05-11 07:35:00,2016-05-11 08:19:19,5,-74.0013849572857,40.768270274856256,-73.96450352161392,40.696498127893776,N,2659
id0000226,1,2016-03-08 15:22:00,2016-03-08 15:30:54,1,-73.98665128962946,40.87128633168903,-74.01745640403541,40.86640723545517,N,534
id0000227,1,2016-01-30 12:05:00,2016-01-30 12:12:33,1,-73.93583999055433,40.84245800750768,-73.9301439230814,40.82844560458951,N,453
id0000228,1,2016-06-27 05:53:00,2016-06-27 06:02:26,1,-74.02145687221751,40.719604049224856,-74.01316924512166,40.686932936694625,N,566
id0000229,1,2016-06-19 17:58:00,2016-06-19 18:11:44,1,-73.99194303540003,40.74506774873029,-73.97581667716312,40.718744306398676,N,824
id0000230,1,2016-02-11 17:14:00,2016-02-11 17:44:01,1,-73.98443422999644,40.69214510991734,-74.06127156808017,40.67778690236345,N,1801
id0000231,1,2016-04-18 21:35:00,2016-04-18 21:48:37,3,-73.93744781424599,40.73141818437165,-73.97906078573298,40.76615422403187,N,817
id0000232,1,2016-02-23 11:27:00,2016-02-23 11:44:06,5,-73.99049149556294,40.77220222516157,-74.05195449896843,40.81042433974888,N,1026
id0000233,1,2016-05-26 08:27:00,2016-05-26 08:41:22,1,-73.88554354980285,40.81226341293997,-73.88406375060352,40.77977903228545,N,862
id0000234,1,2016-05-05 04:50:00,2016-05-05 05:00:50,3,-73.99360962177433,40.72519122730154,-74.03415342341938,40.707058519238025,N,650
id0000235,2,2016-03-20 02:45:00,2016-03-20 02:51:19,2,-73.9980726001123,40.728563410196955,-74.02040345044149,40.711322761691854,N,379
id0000236,2,2016-06-18 10:10:00,2016-06-18 10:25:28,2,-73.99440676668897,40.66137199366176,-74.04814939026495,40.68970608670602,N,928
id0000237,1,2016-05-13 17:48:00,2016-05-13 17:55:48,1,-74.05741527857619,40.750680033575485,-74.07556092274874,40.755772762917594,N,468
id0000238,2,2016-01-28 13:04:00,2016-01-28 13:19:06,1,-74.04201997657172,40.71019135146632,-74.09260463862657,40.71343899665876,N,906
id0000239,1,2016-03-21 17:52:00,2016-03-21 18:09:44,1,-74.01418667893564,40.73417522576853,-73.98008079904416,40.752944417238275,N,1064
id0000240,1,2016-05-30 23:58:00,2016-05-31 00:07:02,2,-73.92252935831324,40.71854126498246,-73.90096409967244,40.69766679568808,N,542
id0000241,2,2016-04-08 01:19:00,2016-04-08 01:34:11,1,-73.9868219332649,40.753758185058636,-73.98006161559856,40.80149421516103,N,911
id0000242,2,2016-01-19 04:14:00,2016-01-19 04:18:56,2,-74.01165543042886,40.678902222388956,-74.02524281726448,40.678841159379246,N,296
id0000243,2,2016-05-20 19:00:00,2016-05-20 19:37:30,5,-73.91754058899164,40.69198296395741,-74.00923649347527,40.66202602834069,N,2250
id0000244,1,2016-03-28 13:21:00,2016-03-28 13:29:50,1,-73.89968525769092,40.85381612004127,-73.92030455583819,40.84577871150835,N,530
id0000245,1,2016-02-13 08:15:00,2016-02-13 08:35:49,2,-73.91595396465007,40.70006598384267,-73.95021950911601,40.743183475189944,N,1249
id0000246,2,2016-05-28 10:30:00,2016-05-28 10:38:59,1,-74.03191994984793,40.708644648969546,-74.02079261007098,40.693764674210115,N,539
id0000247,2,2016-06-09 23:32:00,2016-06-09 23:44:58,1,-74.01223867411065,40.84066110877446,-73.98435185151445,40.87389563174103,N,778
id0000248,1,2016-04-16 22:34:00,2016-04-16 22:40:30,1,-73.88524451613269,40.88872802261582,-73.8706360463205,40.86684091986882,N,390
id0000249,1,2016-05-10 08:47:00,2016-05-10 09:18:44,5,-73.97173731694,40.70527950170286,-73.9149005930293,40.67848127231566,N,1904
id0000250,2,2016-02-13 21:04:00,2016-02-13 21:15:29,2,-73.99971948856928,40.74142879694454,-74.02529362911662,40.76451470631534,N,689
id0000251,1,2016-05-15 20:53:00,2016-05-15 21:07:08,2,-73.9454908621268,40.77336999979232,-73.97293077678623,40.742780960169725,N,848
id0000252,2,2016-06-13 13:49:00,2016-06-13 14:04:26,1,-73.9295985512953,40.83579139399826,-73.88289403099468,40.864580302753915,N,926
id0000253,2,2016-02-13 08:17:00,2016-02-13 08:24:49,1,-74.01642972640106,40.71359143147073,-74.00894998864685,40.72589834143655,N,469
id0000254,1,2016-06-20 14:36:00,2016-06-20 14:48:02,3,-73.9729308022759,40.74696249693261,-73.9840457456003,40.71638670922624,N,722
id0000255,1,2016-01-17 09:40:00,2016-01-17 10:04:21,5,-73.93403919619305,40.79298019092278,-73.85094574467279,40.79047969488298,N,1461
id0000256,2,2016-03-22 03:31:00,2016-03-22 03:43:03,6,-74.04881579302779,40.777564473351,-74.02281791839556,40.75835737318142,N,723
id0000257,2,2016-01-14 06:14:00,2016-01-14 06:19:11,2,-73.98432099984156,40.74107297679465,-73.99289548766859,40.75328715627806,N,311
id0000258,2,2016-03-22 10:29:00,2016-03-22 10:47:55,2,-74.04629143091779,40.75197796659678,-74.07715894753191,40.818050905170224,N,1135
id0000259,2,2016-04-27 18:10:00,2016-04-27 18:33:00,1,-74.03909692733097,40.69612968862335,-73.9794038571097,40.68315502752229,N,1380
id0000260,1,2016-06-07 10:23:00,2016-06-07 10:30:22,2,-74.01597050426142,40.74728218152114,-74.00665563832138,40.76596435110619,N,442
id0000261,2,2016-01-28 07:12:00,2016-01-28 07:13:28,1,-73.95875842541663,40.7460125629496,-73.9576551640374,40.74686798540797,N,88
id0000262,1,2016-06-10 12:13:00,2016-06-10 12:22:22,3,-74.0027112445751,40.768447645033184,-73.97227880533961,40.7692896646404,N,562
id0000263,1,2016-06-30 20:28:00,2016-06-30 20:34:37,1,-74.02066299687326,40.73301027515315,-73.98105904331483,40.72722809592754,N,397
id0000264,2,2016-01-13 02:52:00,2016-01-13 03:04:59,5,-73.98216449901713,40.77921923351453,-73.95742034971504,40.74920962289223,N,779
id0000265,1,2016-06-23 21:51:00,2016-06-23 21:58:36,1,-74.04808295005465,40.80357221180189,-74.0083040491512,40.81530211002678,N,456
id0000266,2,2016-06-13 23:51:00,2016-06-13 23:57:29,1,-73.96141582301914,40.764994319745085,-73.94110397686852,40.75488835849791,N,389
id0000267,2,2016-01-06 07:26:00,2016-01-06 07:42:12,1,-73.9227737280923,40.77382903837797,-73.89780365183793,40.74216103544711,N,972
id0000268,2,2016-01-12 12:29:00,2016-01-12 12:48:34,1,-73.98935622225434,40.760391990641004,-74.0222799257223,40.79588805481969,N,1174
id0000269,2,2016-05-11 23:03:00,2016-05-11 23:21:45,2,-73.99614569463151,40.75800379768911,-73.91467976995872,40.7614691344837,N,1125
id0000270,2,2016-03-17 09:48:00,2016-03-17 10:21:06,2,-73.96446078057315,40.72552988849058,-74.01997623022773,40.71754642498357,N,1986
id0000271,2,2016-02-17 11:03:00,2016-02-17 11:18:31,1,-74.09656581803573,40.7722422417753,-74.08264382538334,40.819144223291424,N,931
id0000272,2,2016-03-14 13:23:00,2016-03-14 13:53:01,1,-73.95547503988712,40.75362210307139,-74.01562955750515,40.68935924932774,N,1801
id0000273,1,2016-03-03 01:03:00,2016-03-03 01:15:41,3,-73.81439628079403,40.85219257390188,-73.81881207404165,40.896741302032396,N,761
id0000274,1,2016-06-26 11:37:00,2016-06-26 11:49:08,6,-73.99174719216131,40.82880097061139,-74.01745540586538,40.79799439239162,N,728
id0000275,2,2016-02-13 17:40:00,2016-02-13 17:46:44,2,-73.9915518768544,40.77536309486504,-73.98544286264392,40.78276673374459,N,404
id0000276,2,2016-01-17 02:53:00,2016-01-17 02:59:11,1,-73.94410161499452,40.72366242556374,-73.92872251933343,40.703080194169516,N,371
id0000277,1,2016-05-31 03:49:00,2016-05-31 04:01:01,2,-73.8945067032491,40.70794148376075,-73.93754171988387,40.675636447344914,N,721
id0000278,1,2016-06-01 20:19:00,2016-06-01 20:34:55,1,-73.93137676855612,40.811601432889,-73.93270041902895,40.857587461297896,N,955
id0000279,1,2016-06-11 15:54:00,2016-06-11 16:21:45,5,-74.1,40.76982371513162,-74.03728465998947,40.83479129499046,N,1665
id0000280,2,2016-06-25 18:23:00,2016-06-25 18:46:32,1,-73.95401306392854,40.779606453152624,-74.0130649933161,40.77186355537984,N,1412
id0000281,2,2016-01-08 08:28:00,2016-01-08 08:43:02,1,-73.84354384201171,40.679493630586165,-73.881976261624,40.691235245162964,N,902
id0000282,1,2016-05-19 22:55:00,2016-05-19 23:06:20,1,-73.95076574242823,40.79973473167012,-73.91203178327204,40.80172942547831,N,680
id0000283,2,2016-02-19 03:31:00,2016-02-19 03:50:57,2,-74.04850310522994,40.77844891521965,-74.04501313863385,40.839016654527,N,1197
id0000284,2,2016-03-17 17:49:00,2016-03-17 18:34:03,1,-73.96949937065698,40.70803061920135,-73.96269739881487,40.63407035354048,N,2703
id0000285,2,2016-03-22 15:54:00,2016-03-22 16:05:05,2,-74.05543779882376,40.736781383664756,-74.0094341931326,40.74998070410921,N,665
id0000286,2,2016-06-28 09:05:00,2016-06-28 09:22:43,1,-73.91719579709022,40.769867274196045,-73.95292888867114,40.74441785320101,N,1063
id0000287,1,2016-04-04 23:19:00,2016-04-04 23:42:19,3,-74.03757354234153,40.760361005926036,-74.06094362769592,40.677902265174545,N,1399
id0000288,1,2016-02-10 12:41:00,2016-02-10 12:49:02,1,-73.98091660009194,40.74485229663884,-74.00983548408296,40.73223374322882,N,482
id0000289,2,2016-01-16 22:50:00,2016-01-16 23:10:28,1,-74.03217790010955,40.753343027937035,-74.04784703723965,40.818024735618906,N,1228
id0000290,2,2016-04-17 04:31:00,2016-04-17 04:47:54,2,-74.01505464316514,40.74666101798069,-73.95477614934249,40.72369929631668,N,1014
id0000291,2,2016-05-31 01:33:00,2016-05-31 01:51:22,1,-73.90326171447767,40.764865313044616,-73.97981031877627,40.79254210577438,N,1102
id0000292,2,2016-05-09 07:00:00,2016-05-09 07:33:53,1,-73.97930985593085,40.8242171387847,-74.0330497024218,40.86617066568191,N,2033
id0000293,1,2016-06-18 23:37:00,2016-06-18 23:51:46,1,-74.01575613605492,40.642500370158096,-74.0772118740831,40.64205598206641,N,886
id0000294,1,2016-01-08 14:54:00,2016-01-08 15:06:56,2,-74.04798753839877,40.74734173809707,-73.9849113106179,40.751557684741464,N,776
id0000295,2,2016-03-14 07:42:00,2016-03-14 08:08:12,1,-74.08794358175197,40.76594305896176,-74.11559157881346,40.70587263223282,N,1572
id0000296,1,2016-04-21 07:49:00,2016-04-21 08:02:48,1,-74.05382043484374,40.771319729535925,-74.06852074891756,40.74625399432488,N,828
id0000297,2,2016-06-05 00:23:00,2016-06-05 00:40:20,1,-73.97884224172056,40.74126384384054,-74.051500779727,40.773009110692094,N,1040
id0000298,1,2016-02-26 21:48:00,2016-02-26 21:52:45,2,-73.93108714272026,40.678947519788466,-73.94289451434773,40.68107128818476,N,285
id0000299,1,2016-05-03 02:19:00,2016-05-03 02:32:55,1,-74.01581933208323,40.77275979676714,-73.97682585464534,40.78561674721767,N,835
id0000300,1,2016-02-07 20:15:00,2016-02-07 20:23:35,1,-73.89862010196046,40.83573075963739,-73.88723703478817,40.8403912749263,N,515
id0000301,2,2016-04-17 16:44:00,2016-04-17 17:19:40,1,-74.02446252322255,40.68897623677878,-74.02931640553099,40.765696374829155,N,2140
id0000302,1,2016-05-21 01:55:00,2016-05-21 02:15:46,1,-73.99809064475839,40.79687226061642,-74.06851049340372,40.78180406652481,N,1246
id0000303,2,2016-05-29 01:36:00,2016-05-29 02:02:03,1,-74.04437671961855,40.74321636495947,-74.05913456354742,40.799405716463994,N,1563
id0000304,2,2016-03-23 05:29:00,2016-03-23 05:32:17,1,-73.93050810459877,40.75524040443771,-73.92389694022211,40.75991301721494,N,197
id0000305,2,2016-03-27 02:11:00,2016-03-27 02:35:22,1,-73.86963691622755,40.71061956701833,-73.91426903479405,40.76991653112866,N,1462
id0000306,2,2016-06-09 12:10:00,2016-06-09 12:25:01,1,-74.08189993285148,40.742949472243986,-74.05242983074248,40.70007523911995,N,901
id0000307,1,2016-04-09 16:25:00,2016-04-09 16:37:37,1,-74.0040389137749,40.81650200676145,-73.96421082917588,40.82296483402853,N,757
id0000308,2,2016-03-04 17:27:00,2016-03-04 17:43:24,1,-73.91543710841225,40.78421948588945,-73.93922630030168,40.77044044845213,N,984
id0000309,2,2016-02-19 23:44:00,2016-02-19 23:53:38,2,-74.06458200367841,40.83595402224345,-74.03191955495868,40.8408355539982,N,578
id0000310,1,2016-05-09 12:55:00,2016-05-09 13:08:14,1,-73.95383238511658,40.810983535004,-73.95877066700336,40.85376670419731,N,794
id0000311,2,2016-05-09 14:49:00,2016-05-09 15:06:02,2,-73.91781902898859,40.77775890055183,-73.86619781981754,40.79101723673936,N,1022
id0000312,1,2016-04-07 20:52:00,2016-04-07 21:11:13,1,-73.98069741521037,40.836477053677555,-73.88916063550776,40.8791904478285,N,1153
id0000313,2,2016-01-29 22:47:00,2016-01-29 23:02:50,1,-73.9547355310983,40.777754692143226,-74.0039504777853,40.75429695387864,N,950
id0000314,2,2016-01-30 09:29:00,2016-01-30 09:39:16,1,-73.88815036876298,40.79525946795587,-73.85352357060339,40.76646026194254,N,616
id0000315,1,2016-02-14 06:07:00,2016-02-14 06:23:26,1,-73.87783653952444,40.74465430709094,-73.81911313404711,40.74521798465074,N,986
id0000316,1,2016-01-03 04:10:00,2016-01-03 04:20:14,3,-73.98840819671689,40.760994561713666,-74.03208881203273,40.75964173546998,N,614
id0000317,1,2016-03-28 08:17:00,2016-03-28 08:27:07,1,-74.01428078171146,40.72661592795149,-74.0401612117813,40.720110850042644,N,607
id0000318,2,2016-03-16 11:56:00,2016-03-16 12:07:03,1,-74.03559890610906,40.80253127705677,-74.06198587552937,40.7689791666583,N,663
id0000319,2,2016-03-11 03:02:00,2016-03-11 03:14:19,1,-73.93126697172642,40.70497633695983,-73.93724212746054,40.74692914260465,N,739
id0000320,2,2016-06-19 04:00:00,2016-06-19 04:06:12,1,-74.0604476556785,40.7932057654088,-74.07648410345843,40.78050646338663,N,372
id0000321,1,2016-02-13 14:28:00,2016-02-13 14:40:51,4,-73.99889157208952,40.74942070241227,-74.007814378552,40.799333436689714,N,771
id0000322,1,2016-05-27 05:12:00,2016-05-27 05:23:00,1,-73.9793520625975,40.81070611920603,-73.94164258782499,40.81115213698817,N,660
id0000323,2,2016-02-04 22:10:00,2016-02-04 22:28:06,3,-74.01266513819954,40.791789104492906,-74.09797666568441,40.814484117071395,N,1086
id0000324,1,2016-04-21 08:02:00,2016-04-21 08:16:56,2,-73.96960988542395,40.83992907709411,-74.01343508939782,40.85944891459784,N,896
id0000325,1,2016-06-05 16:23:00,2016-06-05 16:38:19,2,-73.84395176749389,40.79088486110124,-73.81380500406445,40.76203524518896,N,919
id0000326,1,2016-06-01 11:32:00,2016-06-01 11:38:55,1,-73.99168792246905,40.687258188495605,-73.96681299578111,40.70011029074994,N,415
id0000327,2,2016-04-17 12:52:00,2016-04-17 13:17:03,1,-74.0089473095085,40.754987107219584,-74.05658170824,40.822478760275935,N,1503
id0000328,1,2016-02-07 17:11:00,2016-02-07 17:20:03,1,-73.929156749659,40.705259676333235,-73.90397016189533,40.71406610519175,N,543
id0000329,1,2016-03-09 16:27:00,2016-03-09 16:48:21,2,-73.97182289957199,40.73467740709352,-73.9121138865151,40.76622209297811,N,1281
id0000330,2,2016-03-18 06:53:00,2016-03-18 07:02:01,1,-73.90583653258338,40.82600527949746,-73.90804272573433,40.850269794058185,N,541
id0000331,2,2016-06-02 22:22:00,2016-06-02 22:34:46,1,-73.97594218090991,40.786689021490396,-74.02130042690278,40.79743575953317,N,766
id0000332,2,2016-03-09 16:48:00,2016-03-09 17:12:58,1,-73.9986632764384,40.72654813071396,-73.95929033490427,40.73307488583433,N,1498
id0000333,2,2016-05-30 04:18:00,2016-05-30 04:30:25,3,-74.0831048688452,40.712382718510185,-74.0055678244515,40.73153876307943,N,745
id0000334,1,2016-06-22 04:42:00,2016-06-22 04:52:38,1,-74.07408540815965,40.75947519417944,-74.11396172181443,40.78619008330608,N,638
id0000335,1,2016-01-21 04:21:00,2016-01-21 04:37:06,1,-74.0859634279735,40.70325479327785,-74.08419708464575,40.65592905128106,N,966
id0000336,2,2016-06-19 07:07:00,2016-06-19 07:24:27,2,-73.96413634585437,40.72779868751716,-73.91507934228446,40.736454288635535,N,1047
id0000337,1,2016-04-13 05:54:00,2016-04-13 05:58:18,4,-74.0599237213927,40.77204042621981,-74.05473257921936,40.765597700393656,N,258
id0000338,2,2016-04-19 08:39:00,2016-04-19 09:00:07,2,-73.91594324487443,40.8099890416248,-73.9945715798598,40.796285602096994,N,1267
id0000339,2,2016-02-25 14:55:00,2016-02-25 15:12:35,1,-73.98333643893292,40.7853942662501,-73.96338264158756,40.8307530195161,N,1055
id0000340,2,2016-03-01 18:27:00,2016-03-01 18:50:10,1,-73.9984302805506,40.65489197211309,-74.04247666918512,40.62923185343086,N,1390
id0000341,2,2016-04-08 10:22:00,2016-04-08 10:42:31,1,-74.03141202913623,40.771696502806364,-74.08859454609096,40.722879585695516,N,1231
id0000342,2,2016-02-06 05:07:00,2016-02-06 05:24:35,1,-73.95077576884513,40.76124151079547,-74.0285244284395,40.78909157868398,N,1055
id0000343,2,2016-05-10 16:13:00,2016-05-10 16:40:15,1,-74.02924738007484,40.776625062841774,-73.97567905188238,40.726911277862385,N,1635
id0000344,1,2016-05-01 08:56:00,2016-05-01 09:32:43,1,-74.03919579022384,40.83072943567431,-74.07675779957962,40.76325142794576,N,2203
id0000345,1,2016-01-02 13:09:00,2016-01-02 13:18:59,1,-73.91964075436671,40.66515427754379,-73.90464062625556,40.69694364669344,N,599
id0000346,2,2016-02-08 08:31:00,2016-02-08 08:40:45,1,-73.96549583615737,40.731400345866405,-73.9394428867813,40.73695562463609,N,585
id0000347,2,2016-04-03 11:15:00,2016-04-03 11:23:24,2,-73.99792111855365,40.784590784525705,-73.99063926401196,40.80113597148361,N,504
id0000348,1,2016-05-15 01:44:00,2016-05-15 01:50:58,1,-73.94972118583965,40.686828252024576,-73.93637550074082,40.67134328690729,N,418
id0000349,2,2016-02-23 02:17:00,2016-02-23 02:31:12,6,-73.98450874697892,40.82441770716241,-73.96736158304594,40.775963492556095,N,852
id0000350,1,2016-06-10 09:22:00,2016-06-10 09:51:36,3,-73.96393427672515,40.774576047571536,-73.95771988082612,40.73307349509492,N,1776
id0000351,1,2016-04-07 04:33:00,2016-04-07 04:42:20,1,-74.02992663463066,40.796096279362956,-74.06413381277487,40.78656966788286,N,560
id0000352,2,2016-04-08 02:17:00,2016-04-08 02:30:08,1,-73.87112807650992,40.73230753523152,-73.90934824880674,40.68777343520439,N,788
id0000353,1,2016-01-20 23:47:00,2016-01-20 23:51:26,5,-74.01687909822219,40.79461936604848,-74.0216032677101,40.805366217795076,N,266
id0000354,2,2016-04-24 08:09:00,2016-04-24 08:17:44,5,-73.89941910201775,40.80608122001951,-73.90509648417995,40.789895192188304,N,524
id0000355,1,2016-05-28 19:07:00,2016-05-28 19:15:59,1,-73.99538778671175,40.768479510906175,-73.97606839875255,40.77495577256396,N,539
id0000356,1,2016-02-08 11:16:00,2016-02-08 11:27:00,1,-73.94060965863898,40.768548040171446,-73.89103540561655,40.77397822465937,N,660
id0000357,2,2016-04-08 22:44:00,2016-04-08 22:51:26,6,-73.94461770755356,40.77016544576768,-73.92914196632793,40.78370343017254,N,446
id0000358,2,2016-01-02 03:55:00,2016-01-02 04:04:58,1,-73.92192315346675,40.71914946308673,-73.95841292082702,40.736631351541845,N,598
id0000359,2,2016-02-08 09:55:00,2016-02-08 10:24:54,1,-74.03123430389402,40.75136120938919,-74.1293863155569,40.73932468871192,N,1794
id0000360,2,2016-01-13 22:01:00,2016-01-13 22:12:33,1,-73.92584005292966,40.75113648603965,-73.96044222719422,40.757575410371835,N,693
id0000361,1,2016-05-20 01:58:00,2016-05-20 02:11:53,2,-73.88344580819987,40.77525272389591,-73.94394787446856,40.783513008390614,N,833
id0000362,1,2016-06-30 05:07:00,2016-06-30 05:31:13,1,-73.99922811385831,40.802992091110966,-74.03209486296454,40.7179809302927,N,1453
id0000363,1,2016-01-07 21:02:00,2016-01-07 21:13:33,1,-73.98309116630718,40.71036587631097,-73.97218870180824,40.732994277416054,N,693
id0000364,2,2016-05-07 19:21:00,2016-05-07 19:25:38,2,-74.01378956533641,40.75237459363562,-74.00999199248366,40.75762257050333,N,278
id0000365,1,2016-04-17 21:27:00,2016-04-17 21:51:47,1,-74.00405399387019,40.82466549964466,-73.92043600110797,40.844407209928185,N,1487
id0000366,1,2016-05-07 18:32:00,2016-05-07 18:54:50,1,-73.8908717460587,40.72453852970344,-73.86913307621501,40.67949900386278,N,1370
id0000367,1,2016-04-01 07:41:00,2016-04-01 08:14:14,1,-74.04023289893716,40.72099874922194,-73.954320371188,40.70994668809126,N,1994
id0000368,1,2016-06-29 10:32:00,2016-06-29 10:47:12,1,-74.0368165352018,40.7671037786324,-74.00463526202225,40.72890024765261,N,912
id0000369,2,2016-01-08 05:10:00,2016-01-08 05:21:56,6,-73.8964004484972,40.79599733357184,-73.84754364504848,40.82205838173929,N,716
id0000370,1,2016-01-28 03:41:00,2016-01-28 03:52:37,1,-73.95064983657613,40.758514172500234,-73.96680043879907,40.709335093527834,N,697
id0000371,2,2016-02-15 10:42:00,2016-02-15 10:54:33,1,-73.86837963630266,40.817803226569666,-73.91673255405249,40.785300309202384,N,753
id0000372,1,2016-05-22 09:42:00,2016-05-22 09:52:29,1,-74.00977412508043,40.7965557292155,-74.02997732016647,40.81525672370502,N,629
id0000373,1,2016-01-15 00:56:00,2016-01-15 01:04:41,1,-73.97805453745194,40.795881903010056,-73.97858866633246,40.77385379438035,N,521
id0000374,2,2016-01-23 11:48:00,2016-01-23 12:01:33,1,-74.02133723190745,40.78293524255959,-74.04960438168767,40.75044156957197,N,813
id0000375,1,2016-05-13 07:03:00,2016-05-13 07:22:34,1,-73.97711843572438,40.862744389515576,-74.02216984482557,40.89447956954948,N,1174
id0000376,1,2016-03-17 03:48:00,2016-03-17 03:57:04,1,-74.08257531835064,40.748767724001034,-74.0638176221917,40.781937635481746,N,544
id0000377,1,2016-05-08 10:48:00,2016-05-08 11:03:49,1,-73.94732749938397,40.66784149685701,-73.99257037186285,40.69311398859594,N,949
id0000378,1,2016-03-07 17:34:00,2016-03-07 17:56:11,1,-73.96720892540792,40.83019144626827,-74.03621606307325,40.859896284856184,N,1331
id0000379,2,2016-01-17 06:03:00,2016-01-17 06:14:30,1,-73.98816550643562,40.73740352560694,-74.03865938156102,40.72929825084411,N,690
id0000380,1,2016-04-18 16:21:00,2016-04-18 16:27:05,1,-74.00647003785298,40.76285461999544,-74.01701603482482,40.75569386588315,N,365
id0000381,1,2016-01-20 21:01:00,2016-01-20 21:10:32,1,-74.03421146930525,40.816929780818725,-74.07880282915465,40.794246936070046,N,572
id0000382,2,2016-03-28 03:47:00,2016-03-28 03:52:08,1,-73.9449757898382,40.68589832065235,-73.95523983548753,40.69176884152241,N,308
id0000383,1,2016-06-09 05:04:00,2016-06-09 05:12:57,4,-74.04940994921368,40.701675875365225,-74.02238995547611,40.68319943390882,N,537
id0000384,1,2016-02-03 07:11:00,2016-02-03 07:24:27,1,-73.9568457248373,40.68594249282965,-73.93099578772845,40.67078517562221,N,807
id0000385,2,2016-02-06 13:18:00,2016-02-06 13:27:47,2,-73.87090517328548,40.72226386694886,-73.9006423391945,40.74326038213826,N,587
id0000386,2,2016-06-21 13:52:00,2016-06-21 14:13:43,3,-73.90329631812456,40.777783647270766,-73.96197368954131,40.81924252086377,N,1303
id0000387,2,2016-02-25 06:23:00,2016-02-25 06:31:46,3,-74.06778203684688,40.78158845292658,-74.0936850927786,40.79552756182603,N,526
id0000388,2,2016-03-08 19:28:00,2016-03-08 20:02:39,3,-74.01452059331888,40.77043233806979,-73.98501657687862,40.833233393353275,N,2079
id0000389,2,2016-05-04 12:56:00,2016-05-04 13:08:49,1,-73.96182020926946,40.694425535224845,-73.92180637896246,40.6697324902037,N,769
id0000390,2,2016-01-24 07:25:00,2016-01-24 07:59:48,1,-73.98886550571079,40.654045345351534,-73.9729854592643,40.58971623297921,N,2088
id0000391,1,2016-01-12 01:14:00,2016-01-12 01:26:45,2,-74.06196731450554,40.76044591134257,-74.00790269221075,40.78545788747821,N,765
id0000392,1,2016-06-02 11:22:00,2016-06-02 11:37:30,1,-73.96380762266895,40.73677007848628,-73.88599352728608,40.70975590414365,N,930
id0000393,1,2016-06-21 11:21:00,2016-06-21 11:26:49,1,-73.9855509292314,40.77867235972725,-74.00729618599722,40.769093131265116,N,349
id0000394,1,2016-06-28 15:17:00,2016-06-28 15:43:49,1,-73.8797121025268,40.78958791317996,-73.8128167560974,40.727645035325715,N,1609
id0000395,2,2016-01-05 04:30:00,2016-01-05 04:39:11,1,-73.99892757864396,40.76422086444264,-74.01065230707958,40.73274850578554,N,551
id0000396,2,2016-04-06 10:05:00,2016-04-06 10:27:16,1,-73.92075981380704,40.792205988841914,-73.87486662243033,40.73962802926164,N,1336
id0000397,2,2016-06-03 13:03:00,2016-06-03 13:16:49,1,-74.05468986217215,40.76831451183518,-74.02280410108187,40.75311389761547,N,829
id0000398,2,2016-06-02 17:49:00,2016-06-02 18:16:54,1,-74.04154051138431,40.78185291175207,-74.13050814025068,40.76804360946616,N,1674
id0000399,2,2016-03-06 16:26:00,2016-03-06 16:43:03,2,-73.94530859221048,40.726289703170856,-73.98878881328218,40.729438317575045,N,1023
id0000400,2,2016-03-30 05:32:00,2016-03-30 05:46:54,1,-73.9253948070666,40.74991748637758,-73.98035276330056,40.793307790130015,N,894
id0000401,2,2016-01-28 07:22:00,2016-01-28 07:59:16,1,-74.0376565999341,40.766854924349566,-74.11784871635726,40.79054664362099,N,2236
id0000402,2,2016-01-26 07:58:00,2016-01-26 08:27:02,1,-73.98367574264338,40.794923781393784,-73.94410656839058,40.738147844126416,N,1742
id0000403,1,2016-03-09 16:52:00,2016-03-09 17:22:41,1,-74.0609868545441,40.740281647249894,-73.9678921210637,40.761562187496345,N,1841
id0000404,1,2016-02-11 22:08:00,2016-02-11 22:12:02,1,-73.9949670904468,40.78145252650795,-74.00656235315826,40.7853639409184,N,242
id0000405,2,2016-06-26 01:22:00,2016-06-26 01:30:58,2,-73.93896924679068,40.74603725436381,-73.90053219684918,40.74261332924255,N,538
id0000406,2,2016-01-15 13:57:00,2016-01-15 14:14:05,1,-74.00892271745249,40.75271060247024,-73.9421145781564,40.75191611892244,N,1025
id0000407,1,2016-04-06 06:34:00,2016-04-06 06:39:18,3,-73.99869690882691,40.79532835689108,-73.98932198231869,40.802487691874106,N,318
id0000408,2,2016-04-11 06:49:00,2016-04-11 06:56:36,1,-74.04713874690628,40.66831228330257,-74.04827783482746,40.64409624561709,N,456
id0000409,1,2016-01-11 18:56:00,2016-01-11 19:05:17,1,-74.02065971274936,40.69965874523664,-74.03171566949776,40.69327646522328,N,557
id0000410,2,2016-03-21 04:53:00,2016-03-21 05:11:27,1,-73.88830389960822,40.691301657115076,-73.864113749909,40.73273952645129,N,1107
id0000411,2,2016-06-20 08:39:00,2016-06-20 08:58:03,1,-73.98098913095556,40.65298727460683,-73.9416278987041,40.62835057215194,N,1143
id0000412,1,2016-01-20 22:31:00,2016-01-20 22:42:23,1,-74.04012692716579,40.72747810019302,-74.01934570639402,40.69143202102689,N,683
id0000413,1,2016-01-27 03:04:00,2016-01-27 03:08:55,1,-74.0023124572455,40.79172452548775,-73.98307661883373,40.78956476831217,N,295
id0000414,2,2016-01-31 01:54:00,2016-01-31 02:06:32,1,-74.07285851916416,40.74518021701279,-74.07516264971852,40.70561039102632,N,752
id0000415,1,2016-01-10 22:52:00,2016-01-10 23:20:08,1,-74.04077878306771,40.766900553687385,-74.11246173669598,40.706603144436485,N,1688
id0000416,1,2016-06-10 01:24:00,2016-06-10 01:32:48,2,-73.91018131435244,40.80701478735199,-73.8697840768584,40.79495843615437,N,528
id0000417,1,2016-01-09 06:25:00,2016-01-09 06:47:12,1,-73.99283653334126,40.81774587595205,-74.05064466372393,40.868447641911786,N,1332
id0000418,1,2016-02-21 03:40:00,2016-02-21 03:46:46,1,-73.88100984031443,40.75488879293733,-73.85313748642058,40.75353764958164,N,406
id0000419,1,2016-05-30 09:25:00,2016-05-30 09:37:26,2,-73.99024413111728,40.81891136503062,-73.9562359818676,40.82516156333631,N,746
id0000420,2,2016-06-30 03:25:00,2016-06-30 03:57:39,1,-73.98697882829053,40.762145699629535,-74.03829827299262,40.68759050709424,N,1959
id0000421,2,2016-01-28 20:23:00,2016-01-28 20:32:13,1,-73.94975082128018,40.72031707992777,-73.9771018568574,40.7356514721632,N,553
id0000422,2,2016-03-06 13:04:00,2016-03-06 13:21:52,1,-74.1,40.73125198415106,-74.00453364518745,40.734519789296904,N,1072
id0000423,2,2016-02-02 13:47:00,2016-02-02 13:55:07,1,-73.97372833719905,40.69137585693458,-73.97730503790316,40.6681038379532,N,487
id0000424,2,2016-02-05 00:33:00,2016-02-05 00:43:09,2,-73.98769425684335,40.718033976581985,-74.0426038722379,40.72433574308107,N,609
id0000425,1,2016-06-20 19:53:00,2016-06-20 20:10:13,1,-73.90326786085667,40.74188924903665,-73.86722829506958,40.747843505637185,N,1033
id0000426,2,2016-03-02 10:19:00,2016-03-02 10:30:07,1,-73.931942633321,40.79416132587204,-73.96671301757179,40.75707924837951,N,667
id0000427,1,2016-04-21 07:31:00,2016-04-21 07:54:12,1,-74.04735304270507,40.835434642402475,-74.1337766237155,40.847049522839775,N,1392
id0000428,2,2016-01-29 12:26:00,2016-01-29 12:40:48,1,-73.91668237597548,40.69580183180803,-73.89329274631339,40.73770157159648,N,888
id0000429,2,2016-02-21 22:42:00,2016-02-21 22:53:44,1,-73.99942729890695,40.7756772360717,-74.0406751006172,40.76769928443013,N,704
id0000430,1,2016-03-06 16:46:00,2016-03-06 16:59:35,1,-74.03474492744628,40.71117552273791,-74.02029145204628,40.680809725652615,N,815
id0000431,1,2016-04-16 17:38:00,2016-04-16 17:48:28,1,-73.97415932120208,40.779361368980844,-74.01073037291668,40.773146066537784,N,628
id0000432,1,2016-06-12 19:13:00,2016-06-12 19:29:43,1,-73.99615231456151,40.75210110071905,-73.96432812581938,40.782012562546306,N,1003
id0000433,2,2016-02-14 05:49:00,2016-02-14 06:05:24,1,-73.90038440772842,40.675609237836866,-73.89212698312116,40.63268807846146,N,984
id0000434,2,2016-04-27 09:42:00,2016-04-27 10:20:58,2,-73.96626578843298,40.799773364620584,-74.08278017493613,40.82002290367803,N,2338
id0000435,1,2016-03-30 22:57:00,2016-03-30 23:05:23,3,-73.97368875935128,40.73077496792361,-73.95649819501956,40.70704446187539,N,503
id0000436,2,2016-05-24 16:56:00,2016-05-24 17:02:14,1,-73.93546441044295,40.733974489273194,-73.94850232022232,40.74244669712149,N,374
id0000437,2,2016-03-01 21:37:00,2016-03-01 21:51:02,4,-73.9248920610049,40.70986114149196,-73.86113976710631,40.690109546865365,N,842
id0000438,2,2016-03-18 02:27:00,2016-03-18 02:35:17,1,-73.94190171981364,40.72855725254906,-73.92411736660793,40.70871165912121,N,497
id0000439,1,2016-04-23 07:37:00,2016-04-23 08:09:18,2,-73.90692950899518,40.77725506983128,-73.87290240602628,40.8305633918995,N,1938
id0000440,1,2016-03-21 15:04:00,2016-03-21 15:26:35,2,-73.95152246728973,40.749484004657866,-73.98349680333568,40.70016597398919,N,1355
id0000441,2,2016-05-18 02:28:00,2016-05-18 02:35:03,2,-73.97577916944003,40.77278979010271,-74.01133221822684,40.78977760631681,N,423
id0000442,2,2016-01-03 12:35:00,2016-01-03 13:00:18,2,-73.91684553658516,40.7742864834268,-73.91799975648289,40.83488283780905,N,1518
id0000443,2,2016-03-04 10:16:00,2016-03-04 10:25:11,4,-73.98999928770452,40.81742977449877,-74.00622701341024,40.84142304192532,N,551
id0000444,2,2016-02-01 17:55:00,2016-02-01 18:24:56,1,-73.98317144160104,40.742574623211105,-73.92296103425159,40.695986227544736,N,1796
id0000445,1,2016-01-27 04:36:00,2016-01-27 04:49:28,5,-73.89031326954867,40.691541398241945,-73.89721262719122,40.64668608042991,N,808
id0000446,1,2016-01-10 16:53:00,2016-01-10 17:10:30,1,-73.89579417296247,40.80602500874574,-73.95091115171174,40.77971812056312,N,1050
id0000447,1,2016-03-05 17:52:00,2016-03-05 18:03:22,1,-73.98544966938078,40.743083032255626,-74.02269081049677,40.74860980915882,N,682
id0000448,2,2016-02-09 14:24:00,2016-02-09 14:36:54,1,-74.00994533675181,40.808156660005984,-73.96651803794418,40.816064654299105,N,774
id0000449,2,2016-05-17 23:37:00,2016-05-17 23:50:04,1,-73.90452545748853,40.775251970093215,-73.91205203798036,40.73074259069273,N,784
id0000450,2,2016-04-01 08:59:00,2016-04-01 09:15:21,1,-73.94097699031467,40.752098811140854,-73.95090901987241,40.72155230009521,N,981
id0000451,2,2016-05-23 05:58:00,2016-05-23 06:09:51,1,-73.96764303101915,40.773694915232085,-73.91993459040435,40.74529302818778,N,711
id0000452,1,2016-06-10 03:23:00,2016-06-10 03:31:05,1,-74.00270299906045,40.845795565205684,-74.0438673425594,40.83946942692166,N,485
id0000453,1,2016-05-22 23:17:00,2016-05-22 23:42:21,1,-73.96675668817069,40.851464123807425,-74.06733962159991,40.92092846481261,N,1521
id0000454,2,2016-03-17 14:33:00,2016-03-17 14:46:22,1,-73.98619396529382,40.761122151080976,-74.02457296437987,40.72846060378416,N,802
id0000455,1,2016-06-26 08:55:00,2016-06-26 09:15:29,1,-74.02153859987651,40.76520857669927,-74.01064459089193,40.73101505253952,N,1229
id0000456,1,2016-03-11 02:37:00,2016-03-11 02:52:00,1,-73.97790267192771,40.80643080708599,-73.98913069034292,40.76677089675595,N,900
id0000457,2,2016-05-30 02:39:00,2016-05-30 03:01:58,2,-73.97040167748982,40.719945253525474,-74.04062101039362,40.74218931351895,N,1378
id0000458,1,2016-02-01 10:08:00,2016-02-01 10:18:15,1,-74.00564672868062,40.772988166767824,-73.9599240497698,40.77154121089539,N,615
id0000459,1,2016-06-25 06:43:00,2016-06-25 06:54:06,1,-73.93528958712648,40.75683617184208,-73.92793222455268,40.725468242656135,N,666
id0000460,1,2016-02-25 04:32:00,2016-02-25 04:38:37,6,-73.9141142184229,40.77212586951559,-73.89660855716079,40.75942802408335,N,397
id0000461,2,2016-04-24 01:49:00,2016-04-24 01:56:33,3,-73.93165562684895,40.72049840373228,-73.9127731651587,40.69279554319876,N,453
id0000462,1,2016-03-05 09:57:00,2016-03-05 10:26:40,1,-74.00019366118677,40.6864694628011,-74.05862725225002,40.69682565764273,N,1780
id0000463,2,2016-02-11 17:47:00,2016-02-11 18:26:55,1,-73.94342981726965,40.66471574538039,-73.92980026603031,40.75866892661826,N,2395
id0000464,2,2016-02-29 22:50:00,2016-02-29 23:00:41,1,-73.9807121231397,40.70771771491547,-73.9398767028956,40.7269979691147,N,641
id0000465,1,2016-04-20 16:36:00,2016-04-20 17:00:48,3,-74.05296602882113,40.737359612177734,-74.00165206845445,40.73410501414897,N,1488
id0000466,2,2016-01-21 08:13:00,2016-01-21 08:31:10,2,-73.94799988418262,40.744806378600806,-73.91554303455703,40.72153223653873,N,1090
id0000467,2,2016-02-06 00:08:00,2016-02-06 00:18:17,4,-73.97696275974737,40.84517540230933,-73.95387192511072,40.79815639944336,N,617
id0000468,2,2016-06-16 10:02:00,2016-06-16 10:22:16,5,-73.84235485988619,40.80776970164583,-73.92053881680086,40.83344884224494,N,1216
id0000469,2,2016-01-16 12:42:00,2016-01-16 12:51:50,2,-73.90485010251967,40.71470589976463,-73.90552216189467,40.73848329600745,N,590
id0000470,1,2016-05-11 11:22:00,2016-05-11 11:34:34,1,-73.9458867413686,40.773646880360296,-73.98893258709323,40.75733334547612,N,754
id0000471,1,2016-02-24 20:11:00,2016-02-24 20:29:46,1,-73.97129562242915,40.739681479364236,-73.91359806774156,40.78214816876723,N,1126
id0000472,2,2016-02-28 02:49:00,2016-02-28 02:59:58,1,-73.97599527597181,40.7452036272882,-73.92512819881485,40.74594237014917,N,658
id0000473,2,2016-03-07 00:36:00,2016-03-07 00:45:12,1,-74.04020291719982,40.76633965422369,-74.08297671368223,40.79345627996252,N,552
id0000474,1,2016-03-10 15:34:00,2016-03-10 15:40:49,1,-74.080644297496,40.7858627002639,-74.08271331576276,40.796229595335056,N,409
id0000475,1,2016-05-09 00:25:00,2016-05-09 00:29:06,1,-74.03299075099949,40.742733368225224,-74.02180782604167,40.736533612429504,N,246
id0000476,2,2016-05-26 10:21:00,2016-05-26 10:36:03,2,-73.98762443599938,40.80587331897305,-73.94708882941238,40.772452357577286,N,903
id0000477,1,2016-03-07 01:55:00,2016-03-07 02:04:39,1,-74.1,40.706612779823594,-74.15,40.7015189990909,N,579
id0000478,1,2016-02-01 05:07:00,2016-02-01 05:32:00,2,-74.014937698575,40.75828525780631,-74.11437070269768,40.78775703121762,N,1500
id0000479,2,2016-01-01 13:45:00,2016-01-01 13:51:23,5,-73.99861871682184,40.87489531769682,-73.996902033834,40.85711058878034,N,383
id0000480,1,2016-05-11 20:58:00,2016-05-11 21:22:39,1,-73.9968484604417,40.76803858841814,-74.1107622174486,40.783429537264254,N,1479
id0000481,2,2016-06-15 21:11:00,2016-06-15 21:24:12,1,-74.02139479790034,40.82249465279728,-74.01425903945879,40.78459889692644,N,792
id0000482,2,2016-01-07 05:34:00,2016-01-07 05:42:40,1,-74.00378325979098,40.7621184080178,-73.97713390997976,40.78942044978236,N,520
id0000483,2,2016-04-17 06:31:00,2016-04-17 06:47:50,3,-73.89018583945318,40.784134969289845,-73.83456224357843,40.79508791606699,N,1010
id0000484,2,2016-02-09 17:29:00,2016-02-09 17:49:31,2,-73.94858200951802,40.75544475625233,-73.97659758082455,40.71337087969305,N,1231
id0000485,1,2016-02-08 08:35:00,2016-02-08 08:40:19,1,-74.0158165427294,40.750331658847614,-74.00856336865331,40.74249115052436,N,319
id0000486,2,2016-05-30 18:30:00,2016-05-30 18:55:34,1,-73.9887591283599,40.72292329214736,-73.95944118557519,40.755523723973496,N,1534
id0000487,2,2016-02-15 21:59:00,2016-02-15 22:15:19,2,-73.98655723346087,40.777363561153095,-74.03946463383951,40.73329742223023,N,979
id0000488,1,2016-02-25 07:00:00,2016-02-25 07:20:49,1,-74.02723754885571,40.719680826486645,-73.98604689795688,40.682197568134775,N,1249
id0000489,1,2016-01-23 14:14:00,2016-01-23 14:17:34,1,-74.02730216197591,40.787951335634105,-74.01495675734067,40.78551894221658,N,214
id0000490,2,2016-06-13 12:48:00,2016-06-13 13:10:48,1,-73.92942117888202,40.80683791520007,-73.95666626376378,40.881504490765195,N,1368
id0000491,2,2016-06-13 23:47:00,2016-06-13 23:53:48,1,-74.00808814076342,40.77449391332568,-74.00172601501326,40.75095368038429,N,408
id0000492,1,2016-06-15 04:52:00,2016-06-15 04:58:24,4,-74.04520830128669,40.74511880699,-74.05147835311978,40.762453396975495,N,384
id0000493,1,2016-02-11 21:33:00,2016-02-11 21:43:55,1,-73.98737271892382,40.77842845106889,-73.95226939116267,40.78753319033494,N,655
id0000494,2,2016-02-04 03:52:00,2016-02-04 04:00:19,3,-73.9785094635779,40.74410971250041,-73.9947301676345,40.723476515991116,N,499
id0000495,2,2016-06-20 04:44:00,2016-06-20 04:50:25,2,-74.09349873233066,40.80009962064594,-74.08327966012861,40.80573928795841,N,385
id0000496,2,2016-04-21 13:24:00,2016-04-21 13:31:11,1,-73.98724104967995,40.67558672621032,-74.01518297249685,40.65991251303699,Y,431
id0000497,1,2016-02-18 02:30:00,2016-02-18 02:37:42,2,-73.93726110361085,40.742897668434665,-73.97946403135198,40.730374500780584,N,462
id0000498,2,2016-01-09 12:02:00,2016-01-09 12:22:18,1,-73.9601823837963,40.668413460219426,-73.95246340816036,40.610268943622366,N,1218
id0000499,1,2016-05-25 11:07:00,2016-05-25 11:16:40,1,-73.86236126866427,40.69072226263978,-73.9027158136801,40.68986699441946,N,580
id0000500,2,2016-05-26 00:02:00,2016-05-26 00:12:07,1,-73.91618897847283,40.81937380034163,-73.88016286535763,40.850842073073416,N,607
id0000501,1,2016-01-02 21:39:00,2016-01-02 21:46:21,3,-73.9053086286387,40.79828332418873,-73.87865816469073,40.80029322630602,N,441
id0000502,1,2016-03-28 01:05:00,2016-03-28 01:15:54,4,-73.8309952735247,40.72562338950219,-73.86542542406018,40.763791161130975,N,654
id0000503,2,2016-03-28 22:56:00,2016-03-28 23:03:59,1,-73.9433014056024,40.69038734447816,-73.93368128616811,40.71069880508624,N,479
id0000504,2,2016-03-25 11:03:00,2016-03-25 11:11:27,1,-73.9760311385637,40.62459620229713,-74.01066763407873,40.62251225657557,N,507
id0000505,1,2016-03-08 04:43:00,2016-03-08 05:02:47,6,-73.93144428386128,40.73354270214303,-74.00363836012235,40.711565307787794,N,1187
id0000506,2,2016-02-29 18:15:00,2016-02-29 18:27:22,1,-74.01575800383672,40.86691867555113,-74.04263313637183,40.849899445513486,N,742
id0000507,1,2016-03-01 21:28:00,2016-03-01 21:40:20,1,-73.97907725242777,40.777569792215864,-73.98134150974505,40.726101925628065,N,740
id0000508,1,2016-06-16 11:56:00,2016-06-16 12:03:07,1,-74.02062502036931,40.73281924712778,-73.9971616277482,40.723471485974336,N,427
id0000509,1,2016-06-29 13:44:00,2016-06-29 13:48:54,1,-73.96311084933404,40.77892860942752,-73.95638425246288,40.78403856597726,N,294
id0000510,2,2016-01-21 08:26:00,2016-01-21 09:01:12,1,-74.02085499984109,40.68775687411525,-73.98000964216482,40.747796612538224,N,2112
id0000511,2,2016-05-11 04:44:00,2016-05-11 04:54:24,1,-74.02278106749239,40.74462044867861,-74.06693354520614,40.76311165999337,N,624
id0000512,2,2016-04-14 08:54:00,2016-04-14 09:16:44,2,-73.9622589688792,40.76247648628571,-73.97921039633525,40.73220659698089,N,1364
id0000513,2,2016-02-16 13:14:00,2016-02-16 13:39:35,1,-73.99257412924293,40.75412547066806,-73.91857762766344,40.7037475810249,N,1535
id0000514,1,2016-02-03 20:15:00,2016-02-03 20:29:39,1,-74.09101366246442,40.79358627547606,-74.15,40.7863569524239,N,879
id0000515,2,2016-05-16 22:39:00,2016-05-16 22:47:06,2,-74.06505563067216,40.77350903518062,-74.08539357443883,40.801920790819594,N,486
id0000516,1,2016-03-07 08:40:00,2016-03-07 08:54:54,1,-74.04809965703038,40.788074670814865,-74.0963168846797,40.78035309903056,N,894
id0000517,2,2016-01-24 13:57:00,2016-01-24 14:04:29,2,-74.03356345483627,40.72702324729962,-74.04235638302771,40.74599269342482,N,449
id0000518,2,2016-06-25 09:13:00,2016-06-25 09:21:39,1,-73.96220671687867,40.79840169337848,-73.9817568538133,40.79206230265466,N,519
id0000519,2,2016-06-17 12:27:00,2016-06-17 12:34:56,1,-73.97295836341105,40.831302162643084,-73.945861368697,40.85639717785813,N,476
id0000520,1,2016-03-17 04:43:00,2016-03-17 04:56:33,1,-73.92640963455655,40.71434327161569,-73.91491120488313,40.65843924082099,N,813
id0000521,1,2016-03-18 14:27:00,2016-03-18 14:51:41,1,-73.9435958997382,40.71805369549285,-74.00234869047416,40.77420006969796,N,1481
id0000522,2,2016-03-17 12:40:00,2016-03-17 12:53:44,1,-73.92604533740996,40.81811029513441,-73.95251263070301,40.77917337444658,N,824
id0000523,1,2016-02-04 16:48:00,2016-02-04 17:06:47,1,-73.95153820946975,40.749389520598726,-73.9515434766804,40.77717015213927,N,1127
id0000524,1,2016-01-20 04:58:00,2016-01-20 05:05:48,1,-73.97346763799997,40.821171962643,-73.94019549821822,40.811645522829586,N,468
id0000525,1,2016-02-19 15:40:00,2016-02-19 16:02:41,1,-73.92453565417418,40.738085892964854,-73.81505262136358,40.73403191645201,N,1361
id0000526,1,2016-03-11 09:57:00,2016-03-11 10:06:36,2,-73.93443229645429,40.82347705093218,-73.9028064859513,40.81503848422323,N,576
id0000527,1,2016-01-29 05:41:00,2016-01-29 05:48:59,1,-73.96431475478452,40.76391686175625,-74.00987725120925,40.772863022233054,N,479
id0000528,1,2016-01-07 11:01:00,2016-01-07 11:08:17,2,-73.91509104710269,40.76962029704952,-73.91931408359565,40.785633656064356,N,437
id0000529,2,2016-06-18 08:40:00,2016-06-18 08:57:07,3,-74.1,40.828412310975146,-74.09185607122348,40.86545496388895,N,1027
id0000530,1,2016-06-08 17:25:00,2016-06-08 17:48:01,2,-74.00097547457773,40.741720328515015,-74.02434806374319,40.790998539405926,N,1381
id0000531,2,2016-02-25 16:08:00,2016-02-25 16:25:21,1,-74.00181847561085,40.71564950568338,-73.9806568743438,40.72726325982057,N,1041
id0000532,1,2016-04-21 20:06:00,2016-04-21 20:36:08,3,-73.92160244173851,40.73781461063873,-74.02381441071654,40.79779320900962,N,1808
id0000533,2,2016-01-26 23:58:00,2016-01-27 00:07:07,1,-73.8985732751677,40.77835502777894,-73.87368154220795,40.78160906677773,N,547
id0000534,1,2016-06-17 16:05:00,2016-06-17 16:23:17,1,-74.06475986536157,40.68754084175188,-74.08619729937094,40.72525125443074,N,1097
id0000535,2,2016-05-27 22:45:00,2016-05-27 22:51:31,6,-73.90738580542178,40.78668619061931,-73.91232254084808,40.801691379171025,N,391
id0000536,1,2016-02-02 00:41:00,2016-02-02 00:52:09,1,-74.04942948523144,40.7337552907072,-73.98347195297525,40.714533128607314,N,669
id0000537,2,2016-02-08 19:30:00,2016-02-08 19:46:37,1,-74.04776683850585,40.80965156973301,-74.10453511140825,40.81599476513631,N,997
id0000538,2,2016-03-01 13:37:00,2016-03-01 13:43:35,1,-73.99788571362801,40.65025828627948,-73.98561334609083,40.6678693019923,N,395
id0000539,1,2016-01-18 03:14:00,2016-01-18 03:21:23,6,-74.0025013559673,40.722604540120315,-73.96677488491201,40.72147760552122,N,443
id0000540,1,2016-03-04 03:11:00,2016-03-04 03:17:55,1,-74.07071295038443,40.68210893319447,-74.06304780976154,40.69655891132439,N,415
id0000541,1,2016-05-01 15:32:00,2016-05-01 15:52:56,2,-73.9492567114579,40.720819674013626,-74.02189536520632,40.75110737759007,N,1256
id0000542,2,2016-05-12 03:57:00,2016-05-12 04:09:28,1,-73.94763286664003,40.769144965549906,-73.88686501841147,40.76832690558005,N,748
id0000543,2,2016-01-02 08:20:00,2016-01-02 09:10:57,1,-73.927027712211,40.749934801854764,-73.93653864447928,40.646898733450875,N,3057
id0000544,1,2016-03-05 01:22:00,2016-03-05 01:38:00,1,-74.00884004313778,40.74659800939734,-74.03257938139129,40.805337464699605,N,960
id0000545,2,2016-05-31 12:00:00,2016-05-31 12:05:24,2,-73.98717704932348,40.7508366807879,-74.00114877902216,40.740420980730185,N,324
id0000546,2,2016-06-07 10:48:00,2016-06-07 10:57:58,1,-73.98667349406965,40.7671524708279,-74.0038700816649,40.73833766309877,N,598
id0000547,1,2016-04-12 09:54:00,2016-04-12 10:16:38,5,-73.89216025071923,40.712615878112565,-73.94571833599296,40.67327201776472,N,1358
id0000548,1,2016-05-13 19:59:00,2016-05-13 20:04:56,1,-74.1,40.78980823384046,-74.09257722362652,40.77803262725878,N,356
id0000549,1,2016-02-14 22:06:00,2016-02-14 22:19:25,4,-74.0376319391944,40.78781996866735,-74.06450742455053,40.76812379457125,N,805
id0000550,2,2016-06-07 00:49:00,2016-06-07 00:57:28,1,-73.98469525364645,40.77532670719453,-73.9545052813997,40.74953137595857,N,508
id0000551,2,2016-03-27 04:39:00,2016-03-27 04:45:46,1,-74.04470636292035,40.78304400492381,-74.02141456570767,40.75916958547925,N,406
id0000552,1,2016-05-05 21:20:00,2016-05-05 21:39:10,1,-73.99920761964991,40.77133881003639,-73.92605249612053,40.78987980887848,N,1150
id0000553,2,2016-02-17 18:13:00,2016-02-17 18:36:43,1,-73.99193415450034,40.8495782986229,-74.00145764595212,40.92064101905801,N,1423
id0000554,2,2016-02-01 11:14:00,2016-02-01 11:25:42,1,-74.02117273598358,40.75408076230264,-74.0573189747806,40.782800768233166,N,702
id0000555,2,2016-04-06 23:31:00,2016-04-06 23:49:02,1,-73.98145420906435,40.744181255174944,-74.04759261414623,40.78347219164135,N,1082
id0000556,1,2016-04-05 02:14:00,2016-04-05 02:38:31,6,-73.95045178972332,40.724091258883924,-73.85175133734995,40.71088190778329,N,1471
id0000557,2,2016-04-14 00:56:00,2016-04-14 01:02:34,1,-73.9979946544767,40.711548179824,-73.96819979463348,40.71521146761827,N,394
id0000558,2,2016-05-27 01:24:00,2016-05-27 01:32:15,1,-74.00992571036828,40.70199876955795,-74.04108460682137,40.716925653706014,N,495
id0000559,1,2016-05-20 10:42:00,2016-05-20 10:57:30,1,-73.99411707041597,40.71800412090461,-73.91792509139894,40.694919594627116,N,930
id0000560,1,2016-02-24 22:13:00,2016-02-24 22:27:50,1,-73.98540899906551,40.75481938282566,-73.92438169179064,40.73991883035644,N,890
id0000561,2,2016-03-25 19:52:00,2016-03-25 20:19:20,1,-74.08071757609339,40.7730432807824,-74.14152506370387,40.80295259932406,N,1640
id0000562,2,2016-01-16 12:28:00,2016-01-16 12:42:54,6,-73.95961453451213,40.76030139263485,-73.99352090389091,40.798461639063355,N,894
id0000563,2,2016-05-23 04:02:00,2016-05-23 04:05:27,1,-74.00980506761957,40.72355091251566,-74.01575968565179,40.7259102719487,N,207
id0000564,2,2016-01-25 15:20:00,2016-01-25 15:41:30,1,-73.9156155708854,40.7985083053809,-73.96376940020548,40.756677804053645,N,1290
id0000565,2,2016-01-13 14:27:00,2016-01-13 14:30:35,1,-73.95249205883967,40.791273570253544,-73.95683813467066,40.780927850840925,N,215
id0000566,1,2016-04-04 16:35:00,2016-04-04 17:00:17,1,-73.92064634776791,40.75081582616601,-73.88860806017813,40.70036923645831,N,1517
id0000567,2,2016-06-16 16:25:00,2016-06-16 16:52:20,1,-74.04060520865431,40.72861877349009,-74.10240194727882,40.731250857834304,N,1640
id0000568,1,2016-03-09 11:49:00,2016-03-09 11:52:50,2,-74.00542626526531,40.78267925643734,-73.99224124060649,40.79161836533184,N,230
id0000569,2,2016-02-03 18:18:00,2016-02-03 18:41:50,1,-74.05333521681015,40.76645881143688,-74.00075280791569,40.75698394670056,N,1430
id0000570,2,2016-02-03 12:58:00,2016-02-03 13:04:13,1,-74.02378551649112,40.692834273326326,-74.00577560572394,40.70129416610974,N,373
id0000571,1,2016-06-01 06:10:00,2016-06-01 06:16:42,1,-73.91613420165203,40.754940888480704,-73.91953693761714,40.76953243184864,N,402
id0000572,2,2016-04-30 05:02:00,2016-04-30 05:07:48,5,-73.90318801821427,40.76979161154335,-73.9332525973952,40.7787817830451,N,348
id0000573,2,2016-03-31 00:33:00,2016-03-31 00:49:24,1,-74.04814733121424,40.717513734608055,-74.01075944696977,40.67546017437766,N,984
id0000574,1,2016-06-17 18:50:00,2016-06-17 19:05:51,1,-74.01020527175746,40.76654295267769,-74.06316667679963,40.757678701284746,N,951
id0000575,2,2016-01-20 01:24:00,2016-01-20 01:30:11,1,-73.98919076196131,40.6925329881634,-73.97826513046203,40.70687749240272,N,371
id0000576,2,2016-04-22 04:16:00,2016-04-22 04:28:58,1,-73.95279168970046,40.81812837450055,-73.95164348171306,40.873383286496264,N,778
id0000577,1,2016-03-06 11:37:00,2016-03-06 11:50:07,1,-74.0817895644945,40.81415774932768,-74.03113706831506,40.80464034806932,N,787
id0000578,2,2016-02-12 11:44:00,2016-02-12 11:53:15,1,-74.07316500448407,40.74663671995637,-74.09938869873217,40.76591612697205,N,555
id0000579,2,2016-06-16 03:16:00,2016-06-16 03:30:41,1,-73.95807056208702,40.77435544520276,-73.98046867362221,40.805090762120095,N,881
id0000580,2,2016-06-23 03:16:00,2016-06-23 03:33:53,1,-74.09219712129048,40.64955351153901,-74.1480810404689,40.64267154209597,N,1073
id0000581,1,2016-05-31 22:01:00,2016-05-31 22:25:35,2,-74.00957385733764,40.70596435528806,-73.98989606498063,40.74615862645012,Y,1475
id0000582,2,2016-01-28 00:23:00,2016-01-28 00:39:00,1,-73.97608495052927,40.744779948593155,-73.99515666346572,40.78685603269324,N,960
id0000583,2,2016-05-11 11:04:00,2016-05-11 11:19:46,1,-73.96213837165368,40.709754014035795,-74.00093170063083,40.758067479727934,N,946
id0000584,2,2016-03-06 05:47:00,2016-03-06 05:56:23,1,-73.99279449525491,40.79014784171838,-74.02730122725539,40.806192967632875,N,563
id0000585,1,2016-03-10 03:10:00,2016-03-10 03:34:25,1,-74.00511661954761,40.847878343883664,-73.98094687220677,40.93048314762168,N,1465
id0000586,1,2016-02-05 06:15:00,2016-02-05 06:28:59,1,-73.9385486027156,40.70505233762568,-73.98818182520314,40.683517428678925,N,839
id0000587,1,2016-04-17 03:50:00,2016-04-17 04:06:33,1,-73.96931367404989,40.72031414681617,-74.01495114247398,40.79465686233244,N,993
id0000588,2,2016-06-05 00:28:00,2016-06-05 00:39:22,1,-74.02058591420733,40.768595176573946,-73.98024965005905,40.79548565867699,N,682
id0000589,1,2016-02-12 05:54:00,2016-02-12 06:04:05,1,-73.98292524068248,40.83050022668249,-73.99040066659481,40.877413783338426,N,605
id0000590,1,2016-04-07 20:09:00,2016-04-07 20:20:36,1,-73.96392570375392,40.70299315593571,-73.92093067488462,40.69179183452675,N,696
id0000591,2,2016-04-27 21:46:00,2016-04-27 21:55:45,1,-73.89049695172017,40.76920662550381,-73.90666796340908,40.79876324010755,N,585
id0000592,1,2016-04-24 18:09:00,2016-04-24 18:27:40,1,-73.94175219824396,40.839958448286595,-73.94180286371682,40.889902544014845,N,1120
id0000593,1,2016-02-17 11:47:00,2016-02-17 12:04:14,1,-73.91819937292253,40.683670838331935,-73.9111659056854,40.6456132858016,N,1034
id0000594,2,2016-01-06 05:58:00,2016-01-06 06:09:22,1,-74.01858340679648,40.70035188569194,-73.95615552477487,40.6946354658284,N,682
id0000595,2,2016-05-30 21:06:00,2016-05-30 21:33:41,1,-74.01383005984403,40.738937702709265,-73.95506578266456,40.663993858621176,N,1661
id0000596,1,2016-04-18 14:05:00,2016-04-18 14:16:46,1,-73.99794589960472,40.73457352142151,-73.94605023288607,40.72833186723179,N,706
id0000597,2,2016-05-08 05:14:00,2016-05-08 05:25:10,6,-73.9928964955651,40.79456705794892,-74.0211933447122,40.766006771177814,N,670
id0000598,2,2016-04-06 19:22:00,2016-04-06 19:37:53,1,-74.04044137267915,40.76887468739194,-74.0848487033014,40.76125281831311,N,953
id0000599,1,2016-03-11 06:26:00,2016-03-11 06:55:31,1,-73.91537365053938,40.67812670731611,-73.88113803470164,40.780454224832276,N,1771
id0000600,1,2016-02-15 19:29:00,2016-02-15 19:52:37,2,-73.93641565992327,40.78119346813054,-73.87446147331973,40.84131659086844,N,1417
id0000601,1,2016-04-30 00:37:00,2016-04-30 00:54:45,1,-74.00181228237159,40.732010750069,-73.94948543942624,40.68163008628448,N,1065
id0000602,2,2016-05-31 07:58:00,2016-05-31 08:05:47,1,-73.94970591430423,40.81535012476236,-73.94911869772423,40.83480096531834,N,467
id0000603,1,2016-02-29 04:11:00,2016-02-29 04:20:33,3,-73.97274054603479,40.72975856086034,-73.93998916151544,40.757721148907414,N,573
id0000604,2,2016-01-05 09:10:00,2016-01-05 09:26:25,1,-73.94540946104877,40.7293523122604,-73.91186701665994,40.71752591422574,N,985
id0000605,2,2016-01-29 07:53:00,2016-01-29 07:57:27,1,-74.0589368917939,40.78235092248621,-74.05223446618183,40.78859168859676,N,267
id0000606,1,2016-04-15 09:50:00,2016-04-15 09:56:27,1,-73.99301135902586,40.792331691705165,-73.9843545459127,40.80199106896469,N,387
id0000607,2,2016-02-12 19:17:00,2016-02-12 19:41:11,1,-73.98819211903482,40.77816447137713,-73.9837733288787,40.73103307332697,N,1451
id0000608,1,2016-05-28 04:35:00,2016-05-28 04:47:02,1,-73.95069968452135,40.682148120717684,-73.9861640285189,40.64605159332467,N,722
id0000609,1,2016-02-19 10:43:00,2016-02-19 10:51:51,2,-74.01956406806502,40.78221154979678,-74.05043642775505,40.788241934942214,N,531
id0000610,1,2016-03-30 20:58:00,2016-03-30 21:06:27,1,-74.1,40.71145613767465,-74.13156706626793,40.71493522615401,N,507
id0000611,1,2016-02-11 05:51:00,2016-02-11 06:07:23,1,-74.04449348447255,40.76858742502147,-74.11645913942776,40.74378772998187,N,983
id0000612,2,2016-03-23 17:25:00,2016-03-23 17:33:57,5,-73.9883576392141,40.69393195040705,-73.98192894248342,40.666128785512164,N,537
id0000613,2,2016-05-03 11:03:00,2016-05-03 11:05:47,6,-73.98148636759731,40.778084496639444,-73.983312169375,40.774942222900954,N,167
id0000614,2,2016-05-24 19:57:00,2016-05-24 20:16:59,1,-73.89239385325563,40.72170304930617,-73.85810546714985,40.752718332660585,N,1199
id0000615,1,2016-05-14 14:50:00,2016-05-14 15:04:49,1,-73.95294894576381,40.70028144073828,-73.89621666802975,40.69760443875514,N,889
id0000616,2,2016-04-02 07:59:00,2016-04-02 08:33:46,1,-73.98051583464226,40.790121906141714,-73.92092258822417,40.846917485213964,N,2086
id0000617,1,2016-03-24 04:47:00,2016-03-24 05:00:11,2,-73.98678152022298,40.76887400347545,-73.92295057459904,40.744520284307264,N,791
id0000618,2,2016-02-29 06:03:00,2016-02-29 06:12:48,5,-73.92426991398067,40.730371043937325,-73.95833856020867,40.73712988698824,N,588
id0000619,1,2016-06-28 18:41:00,2016-06-28 19:06:25,2,-74.01745607486866,40.82330304820595,-74.08189424237808,40.810902708187314,N,1525
id0000620,1,2016-05-13 11:45:00,2016-05-13 11:58:41,1,-73.99271560832574,40.73817064102936,-73.9508321473128,40.75874927415382,N,821
id0000621,2,2016-06-11 03:58:00,2016-06-11 04:10:25,1,-74.0449091966076,40.759444845328694,-73.98271319188856,40.73208926945081,N,745
id0000622,2,2016-05-14 14:52:00,2016-05-14 15:15:13,1,-73.90696016732176,40.77010110514554,-73.83694050719728,40.83756002653532,N,1393
id0000623,1,2016-01-16 20:14:00,2016-01-16 20:37:26,1,-73.96341255846491,40.730115032964214,-73.94158772902875,40.67094359885655,N,1406
id0000624,1,2016-02-18 06:24:00,2016-02-18 06:53:04,1,-74.02391378128021,40.779201133203,-74.11376545892237,40.83924294159181,N,1744
id0000625,2,2016-03-24 19:14:00,2016-03-24 19:21:27,1,-73.99129502556751,40.73399464437759,-73.974842599713,40.7371442407964,N,447
id0000626,1,2016-02-27 06:43:00,2016-02-27 06:51:51,1,-73.95696920802365,40.73947627550027,-73.93197436896773,40.758811135861414,N,531
id0000627,1,2016-06-14 08:13:00,2016-06-14 08:34:57,1,-73.99878954019972,40.819318918791154,-73.94244616424308,40.86602729039937,N,1317
id0000628,1,2016-03-30 12:12:00,2016-03-30 12:31:02,5,-74.01439588419419,40.711173627636946,-73.95006259296494,40.74119177996776,N,1142
id0000629,1,2016-02-10 02:06:00,2016-02-10 02:18:21,1,-74.02098505272913,40.649424885108175,-73.98005154957679,40.62387394403542,N,741
id0000630,1,2016-04-18 19:39:00,2016-04-18 19:47:51,2,-73.96635709554174,40.830492164775535,-73.99278464596505,40.851495299209724,N,531
id0000631,2,2016-03-09 20:50:00,2016-03-09 21:15:21,1,-74.00469298535658,40.872719757867316,-74.05100326451145,40.93808134690953,N,1521
id0000632,1,2016-01-24 06:46:00,2016-01-24 06:57:13,1,-74.00995667541196,40.73976288305478,-73.98592842358022,40.708707673129155,N,673
id0000633,1,2016-06-21 08:15:00,2016-06-21 08:44:08,1,-74.05848339652805,40.670842288172096,-74.09414207649719,40.74498728606389,N,1748
id0000634,2,2016-06-21 01:50:00,2016-06-21 02:05:09,1,-73.980729768291,40.74402822107118,-73.91434859848309,40.757527808080084,N,909
id0000635,1,2016-05-21 05:50:00,2016-05-21 06:01:53,2,-73.99496728913356,40.745119967257175,-74.07167244131439,40.72995699523997,N,713
id0000636,2,2016-02-27 04:15:00,2016-02-27 04:24:06,1,-74.0026906591753,40.749453427154,-73.97718076161755,40.718188298692716,N,546
id0000637,1,2016-05-31 11:35:00,2016-05-31 11:43:14,4,-73.97406761273812,40.70789753811352,-73.95968853887472,40.70008249050923,N,494
id0000638,2,2016-02-22 10:54:00,2016-02-22 11:20:03,2,-73.94385987554952,40.784080251411446,-73.95316437558843,40.71564550982398,N,1563
id0000639,2,2016-06-09 01:35:00,2016-06-09 01:46:33,1,-73.94641389904328,40.781602831887874,-73.98804413138699,40.76706927547082,N,693
id0000640,2,2016-06-09 22:10:00,2016-06-09 22:37:20,1,-73.9545999324505,40.69075174710813,-74.04737986606044,40.681549293573184,N,1640
id0000641,2,2016-02-01 03:41:00,2016-02-01 03:51:05,1,-73.99823686532497,40.789463852926275,-74.02215115619823,40.75185937520734,N,605
id0000642,2,2016-02-27 07:24:00,2016-02-27 07:41:49,1,-74.01618490847677,40.850370824187564,-74.03930965163231,40.876545406009214,N,1069
id0000643,2,2016-05-07 06:25:00,2016-05-07 06:37:06,1,-74.04241536027273,40.76573821495967,-73.99238721062454,40.75808139488704,N,726
id0000644,2,2016-02-12 14:33:00,2016-02-12 14:43:07,1,-74.01762360790359,40.74282036770692,-74.0528521116262,40.72056755864541,N,607
id0000645,1,2016-05-26 02:38:00,2016-05-26 02:45:54,5,-73.98391924476749,40.75160985535167,-73.96354456715711,40.740223167624265,N,474
id0000646,1,2016-05-03 13:51:00,2016-05-03 14:05:39,1,-74.02824573669089,40.78568655451359,-74.08639652784578,40.798115316079645,N,879
id0000647,1,2016-02-11 05:15:00,2016-02-11 05:20:55,2,-73.97971685734854,40.680119777752175,-73.95810568861478,40.68268252011852,N,355
id0000648,2,2016-05-21 04:34:00,2016-05-21 04:56:35,1,-74.03810011728515,40.765397581633984,-74.13879663313347,40.740863453550915,N,1355
id0000649,1,2016-01-08 21:23:00,2016-01-08 21:43:02,1,-74.07635455389538,40.74042912227418,-73.9820662258885,40.744826993865594,N,1202
id0000650,1,2016-03-10 21:12:00,2016-03-10 21:17:10,3,-73.93993266335244,40.84115212558302,-73.94628070205835,40.8393784670682,N,310
id0000651,1,2016-02-02 11:03:00,2016-02-02 11:35:27,1,-74.01109280274513,40.75016222697878,-74.13684533534308,40.71028097916857,N,1947
id0000652,2,2016-01-01 00:00:00,2016-01-01 00:10:41,1,-74.03103685092731,40.83305494250038,-74.0633355773275,40.822957278227626,N,641
id0000653,1,2016-05-14 22:26:00,2016-05-14 22:37:36,4,-74.04516159277136,40.70833166859981,-74.08456639326023,40.72860850806454,N,696
id0000654,1,2016-01-28 18:59:00,2016-01-28 19:09:45,5,-73.96173302138983,40.78442666250613,-73.99124483732382,40.80445150160251,N,645
id0000655,2,2016-05-06 08:39:00,2016-05-06 08:48:17,1,-73.90938007586927,40.772373011870606,-73.92578893868021,40.764324260236485,N,557
id0000656,2,2016-01-14 17:28:00,2016-01-14 17:47:31,3,-74.00716906235533,40.71889287384609,-74.03698683425499,40.7425799216636,N,1171
id0000657,2,2016-06-11 07:03:00,2016-06-11 07:25:54,1,-73.99685598560644,40.765982825158666,-74.03359452907452,40.73168438276421,N,1374
id0000658,2,2016-06-26 23:05:00,2016-06-26 23:18:52,1,-73.9260602488061,40.812563347657424,-73.97820098164604,40.779348773320656,N,832
id0000659,2,2016-02-27 16:27:00,2016-02-27 16:40:05,1,-74.08457451373971,40.74342937330711,-74.04759398966272,40.73463544959183,N,785
id0000660,2,2016-03-29 11:43:00,2016-03-29 12:10:02,1,-73.87682222463981,40.681861680787364,-73.82277112195418,40.73427649555041,N,1622
id0000661,2,2016-04-23 03:46:00,2016-04-23 03:50:15,1,-73.85057448337204,40.757209672808514,-73.86203030541768,40.76292347973735,N,255
id0000662,2,2016-04-17 08:05:00,2016-04-17 08:12:34,1,-74.1,40.71739096073434,-74.10079364925144,40.70775315739604,N,454
id0000663,2,2016-01-05 21:02:00,2016-01-05 21:24:24,1,-73.99036267759043,40.74259465776013,-74.04104756629908,40.79663948780236,N,1344
id0000664,1,2016-06-27 05:10:00,2016-06-27 05:14:35,3,-74.02454208675283,40.75432855036417,-74.02134615532769,40.74428570513205,N,275
id0000665,1,2016-06-19 04:26:00,2016-06-19 04:44:57,3,-73.99956244739975,40.6812456502793,-73.98921407810283,40.75946131358431,N,1137
id0000666,1,2016-03-29 14:05:00,2016-03-29 14:10:57,3,-74.00801117882888,40.68529537473057,-74.017884116266,40.667400465403844,N,357
id0000667,2,2016-04-10 22:01:00,2016-04-10 22:13:51,1,-73.94035324958364,40.77969300759865,-73.92252987558402,40.74428250207486,N,771
id0000668,2,2016-01-31 22:24:00,2016-01-31 22:30:58,5,-73.99119134488323,40.73447765867237,-73.97729944969093,40.72865498955255,N,418
id0000669,1,2016-05-16 04:56:00,2016-05-16 05:13:39,1,-74.03509989678099,40.64258650461808,-74.08253616929007,40.63386855548878,N,1059
id0000670,2,2016-04-03 15:31:00,2016-04-03 15:44:25,1,-73.99447018387123,40.79331798164737,-73.94078304575342,40.76504778247514,N,805
id0000671,2,2016-02-21 15:42:00,2016-02-21 16:15:38,1,-73.95668686696706,40.77025663898734,-73.9660309486594,40.861325731722886,N,2018
id0000672,2,2016-02-25 21:28:00,2016-02-25 21:43:35,1,-74.05010467302709,40.72587563291836,-73.97470395094084,40.737027562791546,N,935
id0000673,1,2016-01-15 21:58:00,2016-01-15 22:08:53,1,-74.07554285289335,40.69874264050238,-74.05662392636948,40.71499137558089,N,653
id0000674,2,2016-05-23 13:47:00,2016-05-23 14:05:10,1,-73.87539914595406,40.795611355334145,-73.78670715508733,40.77944558098435,N,1090
id0000675,2,2016-01-12 10:24:00,2016-01-12 10:39:05,6,-74.02033346738396,40.773720778015225,-73.96744635476517,40.753502349549144,N,905
id0000676,1,2016-04-12 13:17:00,2016-04-12 13:26:07,1,-73.99255441428058,40.865217102720784,-73.98233088101424,40.90111164517091,N,547
id0000677,2,2016-05-28 06:26:00,2016-05-28 06:41:27,1,-74.0068787473204,40.776908486942624,-74.03941855631828,40.71825402490198,N,927
id0000678,1,2016-01-10 12:43:00,2016-01-10 13:01:05,1,-73.95485517627549,40.775446641356794,-73.98642571264011,40.73544638480913,N,1085
id0000679,1,2016-01-28 15:41:00,2016-01-28 15:48:17,1,-73.88749655423,40.75048824314512,-73.86351001140578,40.74183244544886,N,437
id0000680,1,2016-05-18 18:05:00,2016-05-18 18:23:17,6,-73.95310363870489,40.79475491402404,-73.94666296493429,40.84204156972124,N,1097
id0000681,1,2016-05-29 23:14:00,2016-05-29 23:22:48,1,-74.0685100831147,40.78612883405617,-74.09501626373431,40.77302074000224,N,528
id0000682,1,2016-01-15 18:40:00,2016-01-15 18:53:22,1,-74.06112678848547,40.81432762538544,-74.02363909084302,40.82889292989004,N,802
id0000683,2,2016-02-18 06:40:00,2016-02-18 06:42:37,1,-74.00694306264297,40.73454046866132,-74.00519835277696,40.735510972439904,N,157
id0000684,2,2016-04-20 08:31:00,2016-04-20 09:01:59,1,-73.99975282597433,40.73840666371753,-73.9619973842858,40.78377570817032,N,1859
id0000685,1,2016-04-08 12:16:00,2016-04-08 12:32:58,1,-74.07970731982506,40.736440357308965,-74.12360347282663,40.68097505167151,N,1018
id0000686,1,2016-04-04 01:06:00,2016-04-04 01:20:03,1,-73.9399362493904,40.79358607745306,-73.89496002433003,40.819344789583354,N,843
id0000687,1,2016-02-17 16:03:00,2016-02-17 16:11:57,1,-74.04474763068347,40.825426849813354,-74.02220283006285,40.81846538727236,N,537
id0000688,2,2016-04-08 02:16:00,2016-04-08 02:26:52,1,-73.90286841408309,40.73735217780828,-73.8489777791823,40.769723124595465,N,652
id0000689,1,2016-01-10 02:45:00,2016-01-10 03:01:13,2,-73.88486520715368,40.73888518224931,-73.84088083462144,40.7102103085358,N,973
id0000690,1,2016-06-07 19:56:00,2016-06-07 19:59:37,1,-73.99865394429477,40.77213347507414,-74.00247684732663,40.77298723251934,N,217
id0000691,1,2016-04-08 16:40:00,2016-04-08 16:45:14,1,-73.960856504777,40.746940732499425,-73.96829835910594,40.74335299761748,N,314
id0000692,2,2016-03-08 19:53:00,2016-03-08 20:26:22,2,-74.05275709721462,40.8008424143913,-73.97252070254802,40.765757172895086,N,2002
id0000693,2,2016-03-07 19:34:00,2016-03-07 19:55:34,1,-73.95069780204365,40.656670021922146,-73.96377338316584,40.611855566469,N,1294
id0000694,1,2016-03-08 07:53:00,2016-03-08 08:08:39,1,-74.0124005832889,40.72079827288874,-73.97872106684119,40.70048387522353,N,939
id0000695,2,2016-03-20 04:33:00,2016-03-20 04:37:21,1,-74.04479794268735,40.72279126497174,-74.06196035733589,40.72733885448656,N,261
id0000696,2,2016-02-05 02:01:00,2016-02-05 02:15:55,1,-74.00091342435391,40.65358397944263,-74.08469816296011,40.62709205159197,N,895
id0000697,2,2016-04-19 11:36:00,2016-04-19 11:53:20,1,-74.01061614046229,40.7146362700034,-74.06584639986356,40.70308369529743,N,1040
id0000698,2,2016-02-03 10:27:00,2016-02-03 10:48:19,1,-74.0028837671652,40.716817974786935,-73.98461732734641,40.65081506738001,N,1279
id0000699,2,2016-02-27 02:04:00,2016-02-27 02:12:09,1,-73.9327676053451,40.74895029054665,-73.90121667886288,40.735977543329724,N,489
id0000700,2,2016-06-07 11:48:00,2016-06-07 12:00:59,2,-74.02819191759497,40.80808346512472,-74.00977731418006,40.84390899775659,N,779
id0000701,2,2016-04-12 14:42:00,2016-04-12 14:56:57,1,-73.88957373501243,40.74697227069642,-73.83800600744972,40.77165358210537,N,897
id0000702,2,2016-06-13 08:24:00,2016-06-13 08:31:37,5,-74.0578782798054,40.7116133825878,-74.04027157281986,40.70857111479185,N,457
id0000703,2,2016-04-29 17:09:00,2016-04-29 17:25:19,1,-73.89615133497517,40.755437045645394,-73.9310368967602,40.76396489102089,N,979
id0000704,2,2016-05-22 14:11:00,2016-05-22 14:28:05,1,-74.04090808420487,40.80521281296486,-74.01416448603855,40.776223699119065,N,1025
id0000705,1,2016-01-17 07:07:00,2016-01-17 07:34:40,1,-73.98505572778951,40.714081853274834,-73.97742336954767,40.77093720719003,N,1660
id0000706,1,2016-04-01 19:06:00,2016-04-01 19:38:24,1,-74.01196078624129,40.717024130223535,-74.03786089646403,40.78939581795152,N,1944
id0000707,2,2016-03-04 17:13:00,2016-03-04 17:23:00,5,-74.00390507693459,40.78313470316734,-73.98264170836858,40.78890353024205,N,600
id0000708,1,2016-01-04 02:43:00,2016-01-04 03:02:30,1,-73.94092535200045,40.748030874792114,-73.93735369452966,40.83870487905427,N,1170
id0000709,1,2016-01-17 08:53:00,2016-01-17 09:08:20,1,-73.90250952615241,40.78713681108193,-73.92973455094234,40.76333042807819,N,920
id0000710,1,2016-02-04 13:04:00,2016-02-04 13:19:31,1,-73.91952114122743,40.757385894369214,-73.92752510103777,40.7135981209668,N,931
id0000711,1,2016-01-02 06:17:00,2016-01-02 06:34:11,1,-74.0072670982788,40.78957486416403,-73.94365657717941,40.76473803277074,N,1031
id0000712,1,2016-03-20 14:21:00,2016-03-20 14:35:51,2,-73.97486596276775,40.711421484868175,-73.91272601104461,40.703739325590554,N,891
id0000713,2,2016-01-10 07:46:00,2016-01-10 08:26:13,2,-74.02801428305176,40.75745619071453,-74.0195477967846,40.83837852000663,N,2413
id0000714,1,2016-05-30 01:27:00,2016-05-30 01:31:20,1,-74.03953526719161,40.74851894935366,-74.03695824508668,40.73867837989445,N,260
id0000715,2,2016-04-17 18:47:00,2016-04-17 19:08:41,2,-74.04804654981507,40.70328490841532,-74.11253361924194,40.67319695496718,N,1301
id0000716,2,2016-06-24 06:25:00,2016-06-24 06:45:03,2,-74.00906653188413,40.68764349234591,-73.93169510178265,40.656197432260704,N,1203
id0000717,2,2016-01-16 08:14:00,2016-01-16 08:41:17,1,-73.97127169029417,40.78885870658736,-73.92463630536261,40.82875948050888,N,1637
id0000718,2,2016-01-15 13:16:00,2016-01-15 13:27:38,1,-74.09014983378633,40.7422071428002,-74.05631201310463,40.777112703991016,N,698
id0000719,1,2016-06-07 01:36:00,2016-06-07 01:54:09,4,-73.98754945364195,40.71199738732587,-74.08991233591102,40.695005650803495,N,1089
id0000720,1,2016-03-12 08:25:00,2016-03-12 08:52:34,2,-73.90161861814977,40.753671947838455,-73.89977709887026,40.688019503775756,N,1654
id0000721,1,2016-05-18 05:15:00,2016-05-18 05:28:38,1,-73.92329489120092,40.80876084858072,-73.92901568307528,40.76926007451589,N,818
id0000722,2,2016-02-04 13:36:00,2016-02-04 13:57:28,1,-74.01718512420896,40.65536679695827,-73.98645842948544,40.71561033127075,N,1288
id0000723,1,2016-01-02 14:31:00,2016-01-02 14:41:12,2,-74.06182801001056,40.690651258954354,-74.08212439662012,40.71475953491358,N,612
id0000724,1,2016-03-31 14:32:00,2016-03-31 14:35:28,4,-73.95970933314443,40.71647011011471,-73.97013629288485,40.718761258259256,N,208
id0000725,1,2016-04-14 07:56:00,2016-04-14 08:22:28,1,-74.1,40.82375304900242,-74.07212641774703,40.88916221006271,N,1588
id0000726,1,2016-01-21 06:29:00,2016-01-21 06:50:39,3,-73.92394152362645,40.77071641423137,-73.95875255014545,40.839257833779776,N,1299
id0000727,1,2016-01-02 20:46:00,2016-01-02 20:53:21,1,-73.99674731018358,40.792529275820755,-74.022579230937,40.79127138975211,N,441
id0000728,1,2016-02-08 14:18:00,2016-02-08 14:22:19,1,-73.88427848236825,40.70669275863932,-73.875578783579,40.706077747020714,N,259
id0000729,2,2016-01-20 20:57:00,2016-01-20 21:14:30,1,-74.0799831017067,40.707620885612826,-74.01975124505597,40.687249251738905,N,1050
id0000730,2,2016-06-30 07:22:00,2016-06-30 07:37:03,1,-73.93450195761356,40.778151617252526,-73.89812081943852,40.76819050219055,N,903
id0000731,2,2016-06-28 20:40:00,2016-06-28 21:01:25,1,-73.99052798602479,40.7606223448921,-73.94213480292282,40.70860097073909,N,1285
id0000732,2,2016-01-03 21:14:00,2016-01-03 21:34:46,2,-74.00320777923096,40.782693246848886,-74.00035852295127,40.730529723682444,N,1246
id0000733,1,2016-03-24 04:16:00,2016-03-24 04:34:54,1,-74.06034139058667,40.74955480540822,-73.99306287951644,40.689261744996514,N,1134
id0000734,1,2016-03-10 23:32:00,2016-03-10 23:49:16,1,-73.95223386513085,40.77051646769046,-74.03058707423341,40.80846826293264,N,1036
id0000735,1,2016-01-05 22:51:00,2016-01-05 23:21:39,1,-73.94781244383728,40.76511535882073,-73.85681167900921,40.71046628101879,N,1839
id0000736,2,2016-05-01 07:44:00,2016-05-01 08:17:09,1,-73.88681797089187,40.79299953250882,-73.78998881700876,40.86124821296354,N,1989
id0000737,1,2016-06-03 18:10:00,2016-06-03 18:21:10,1,-73.92955723554266,40.79431537268751,-73.9090094998135,40.76875214649553,N,670
id0000738,2,2016-04-21 06:05:00,2016-04-21 06:23:34,1,-74.01766424309257,40.68510576025237,-73.98021242440797,40.74591300698976,N,1114
id0000739,2,2016-06-15 22:57:00,2016-06-15 23:04:08,5,-74.04021244209896,40.656872915009664,-74.0419224359792,40.644096013009374,N,428
id0000740,2,2016-04-26 00:22:00,2016-04-26 00:38:24,1,-74.06026702884373,40.80307854289432,-74.06969760518203,40.7482620059121,N,984
id0000741,1,2016-04-09 19:20:00,2016-04-09 19:44:04,1,-73.90397266098982,40.81144762919679,-73.93146182788122,40.856379890629086,N,1444
id0000742,1,2016-06-21 12:14:00,2016-06-21 12:30:18,1,-74.02779958563528,40.712071964121904,-74.03000512636717,40.76113726108907,N,978
id0000743,1,2016-05-08 11:33:00,2016-05-08 11:44:07,1,-73.90358735720658,40.67430740670545,-73.87857035080432,40.64259562169611,N,667
id0000744,2,2016-05-19 03:55:00,2016-05-19 04:02:00,4,-73.95612103775258,40.762456566945325,-73.93722626463023,40.75084873761441,N,420
id0000745,1,2016-05-21 23:34:00,2016-05-21 23:52:34,1,-73.96685534151233,40.79988772018578,-73.87745820328622,40.768184862406144,N,1114
id0000746,1,2016-01-06 18:46:00,2016-01-06 18:50:52,2,-74.00187775719081,40.83889175350955,-73.9973654026297,40.83467331920353,N,292
id0000747,1,2016-05-13 17:02:00,2016-05-13 17:24:05,1,-73.94866298978488,40.78123339074457,-74.0156602750454,40.785007410904996,N,1325
id0000748,1,2016-05-16 05:31:00,2016-05-16 05:41:46,1,-73.98585089195602,40.74127274865365,-73.91185691400096,40.72897434158461,N,646
id0000749,1,2016-03-31 00:04:00,2016-03-31 00:20:43,1,-74.00530673103079,40.71780912202868,-74.06024967355248,40.65414792319,N,1003
id0000750,2,2016-04-12 17:13:00,2016-04-12 17:25:11,1,-73.94671973673435,40.75851530812518,-73.9718923283821,40.73818453209703,N,731
id0000751,2,2016-05-31 13:09:00,2016-05-31 13:19:47,2,-73.99291846600717,40.74453308832516,-73.98069002464638,40.76915624504955,N,647
id0000752,1,2016-01-26 19:47:00,2016-01-26 19:54:54,1,-74.02890841283063,40.712321944242206,-74.01013553412879,40.70501046025135,N,474
id0000753,1,2016-04-05 23:22:00,2016-04-05 23:34:22,1,-73.95200952734966,40.85019400428885,-74.01705425170154,40.838733582324195,N,742
id0000754,1,2016-05-20 05:51:00,2016-05-20 06:05:19,1,-73.98851921105957,40.83833257809325,-74.02211046169639,40.80575539901717,N,859
id0000755,1,2016-02-17 05:30:00,2016-02-17 05:47:44,1,-73.95810994935331,40.80912219076,-74.02474516011058,40.787770392838084,N,1064
id0000756,1,2016-02-18 00:01:00,2016-02-18 00:15:35,2,-74.00996229220948,40.71656173209859,-73.98198520435996,40.76587491582896,N,875
id0000757,1,2016-01-01 17:45:00,2016-01-01 18:09:33,1,-74.05150167175745,40.79647586959338,-73.99824957694582,40.756583665605305,N,1473
id0000758,1,2016-02-26 20:10:00,2016-02-26 20:30:55,6,-73.88957093206172,40.78678318842741,-73.9445536440528,40.81201199681139,N,1255
id0000759,1,2016-03-06 06:19:00,2016-03-06 06:26:56,1,-73.899936372408,40.77791455308918,-73.85513167452085,40.77956148582081,N,476
id0000760,1,2016-06-22 08:14:00,2016-06-22 08:33:23,3,-73.93639182713059,40.81423493701697,-73.89450678363598,40.82280331022622,N,1163
id0000761,2,2016-01-16 00:44:00,2016-01-16 00:53:28,2,-74.00632958769559,40.78659170142876,-74.0359877732416,40.76095923159325,N,568
id0000762,1,2016-04-27 15:05:00,2016-04-27 15:25:25,5,-74.00151748852386,40.7913006406337,-74.09073354513791,40.778988432822025,N,1225
id0000763,2,2016-01-12 12:23:00,2016-01-12 12:39:18,2,-73.90897199047569,40.78666078275175,-73.95717851133945,40.786460576445734,N,978
id0000764,1,2016-05-25 11:50:00,2016-05-25 11:59:05,1,-74.0044606520662,40.773335613360096,-74.0312472434771,40.755112269598776,N,545
id0000765,1,2016-03-26 09:34:00,2016-03-26 09:54:38,1,-74.0197905819991,40.677737499162866,-73.95041539389268,40.689337622804146,N,1238
id0000766,2,2016-03-18 11:58:00,2016-03-18 12:03:50,2,-73.88202709283999,40.76176294848348,-73.88735070871572,40.777773314047785,N,350
id0000767,2,2016-06-20 17:58:00,2016-06-20 18:44:03,3,-73.98762227248876,40.73297136185179,-74.03292953140833,40.80901609367849,N,2763
id0000768,2,2016-05-16 07:42:00,2016-05-16 07:47:35,1,-73.88773660693174,40.7004071569062,-73.8810834219589,40.71014380793388,N,335
id0000769,1,2016-01-20 04:53:00,2016-01-20 05:19:00,2,-74.06191155508795,40.83368174786854,-74.12020220027689,40.766753254925376,N,1560
id0000770,2,2016-02-18 10:44:00,2016-02-18 10:57:22,1,-73.95649983144685,40.83580479033986,-73.93335452918757,40.876510458169214,N,802
id0000771,1,2016-02-19 19:44:00,2016-02-19 19:58:21,1,-73.87109045704308,40.819164927013304,-73.91508533971032,40.81202945455604,N,861
id0000772,1,2016-04-20 23:11:00,2016-04-20 23:29:40,1,-73.98336370904376,40.769484603758514,-74.02082727735234,40.8399019914613,N,1120
id0000773,1,2016-05-31 01:46:00,2016-05-31 01:57:53,1,-73.99952024707473,40.81877813044287,-73.9826231048953,40.87026048628056,N,713
id0000774,2,2016-04-26 01:25:00,2016-04-26 01:45:48,1,-74.04922635546791,40.75854239312709,-73.9704658397418,40.74085803469718,N,1248
id0000775,2,2016-03-14 03:11:00,2016-03-14 03:30:18,1,-73.92547113200607,40.7671258774604,-73.82657069179545,40.79239247489589,N,1158
id0000776,1,2016-05-15 20:58:00,2016-05-15 21:12:46,1,-74.02735704454524,40.70879378832921,-74.07415099230532,40.68800535815804,N,886
id0000777,2,2016-05-18 02:27:00,2016-05-18 02:35:15,1,-73.99021447076645,40.77586460870245,-74.01706175546863,40.77595878762696,N,495
id0000778,2,2016-01-15 15:59:00,2016-01-15 16:09:29,1,-74.0528976253886,40.760717366779105,-74.02969867256192,40.78437683528149,N,629
id0000779,1,2016-04-08 16:54:00,2016-04-08 17:12:35,1,-73.89937079699465,40.69938065474245,-73.84677527632076,40.738335661954075,N,1115
id0000780,1,2016-05-09 08:30:00,2016-05-09 08:56:52,1,-73.92148130791008,40.75569612996826,-74.01886507394153,40.78702833397927,N,1612
id0000781,2,2016-04-19 21:58:00,2016-04-19 22:00:37,1,-73.98673716120672,40.75441216962645,-73.98280700435593,40.7570368067434,N,157
id0000782,1,2016-02-14 13:44:00,2016-02-14 14:10:50,2,-74.04847819145728,40.83889025249901,-74.07039962540266,40.92581008900186,N,1610
id0000783,1,2016-01-30 07:52:00,2016-01-30 08:19:02,4,-73.90052511229166,40.79823959978311,-73.98710606624802,40.78546388555466,N,1622
id0000784,2,2016-02-22 22:32:00,2016-02-22 22:57:04,1,-74.0051262449876,40.75851504475912,-74.06529879508724,40.702263022649646,N,1504
id0000785,1,2016-03-05 02:46:00,2016-03-05 02:56:07,2,-74.04578626624496,40.76919542894105,-74.0713361169288,40.71968095360873,N,607
id0000786,2,2016-06-16 17:09:00,2016-06-16 17:31:49,1,-74.08191649068598,40.75998955701469,-74.07926981478677,40.81157982756897,N,1369
id0000787,1,2016-04-23 03:49:00,2016-04-23 03:59:22,1,-74.02052808225416,40.748868870684205,-73.97516345354228,40.74618601848957,N,622
id0000788,1,2016-06-01 02:32:00,2016-06-01 02:38:05,2,-74.06500509673914,40.70929077611753,-74.04905943156045,40.71485778854942,N,365
id0000789,1,2016-01-05 20:55:00,2016-01-05 21:04:40,6,-74.01925514600876,40.75120266550769,-73.97661587133622,40.73221432971034,N,580
id0000790,2,2016-05-22 16:06:00,2016-05-22 16:13:40,1,-73.94405751964662,40.72442557845064,-73.94285492453349,40.70858099167517,N,460
id0000791,1,2016-02-04 06:36:00,2016-02-04 06:47:24,1,-74.00564700901863,40.70173580074846,-74.0373695766308,40.67418744561523,N,684
id0000792,1,2016-04-12 23:20:00,2016-04-12 23:24:54,1,-73.96543686398374,40.78100498165464,-73.97370561190792,40.797495260121195,N,294
id0000793,2,2016-03-11 08:12:00,2016-03-11 08:26:38,1,-74.02478340627427,40.775606909697,-73.99348512563816,40.772198612583196,N,878
id0000794,2,2016-06-06 04:54:00,2016-06-06 05:05:57,1,-73.98141570134997,40.67759816198844,-73.93495040373027,40.69282335021156,N,717
id0000795,1,2016-05-02 18:37:00,2016-05-02 18:43:15,1,-73.87935045478527,40.75247919131272,-73.88600481558524,40.764359534798835,N,375
id0000796,2,2016-03-24 18:30:00,2016-03-24 18:51:59,2,-74.00416673429147,40.8028065623655,-74.04597692109871,40.78790080668835,N,1319
id0000797,1,2016-04-02 17:53:00,2016-04-02 18:15:38,1,-73.96385638093092,40.805665068250335,-73.94875176375399,40.754609496364736,N,1358
id0000798,1,2016-05-08 15:44:00,2016-05-08 15:59:20,1,-74.07110399751076,40.80416265792984,-74.04959485413787,40.75005967206986,N,920
id0000799,1,2016-05-10 19:25:00,2016-05-10 20:18:00,3,-73.90139416326707,40.759751094310566,-73.84592180439468,40.865683900019896,N,3180
id0000800,2,2016-04-14 07:55:00,2016-04-14 08:22:55,3,-74.01124636459197,40.71997296024139,-74.04179069387516,40.77170903079621,N,1675
id0000801,1,2016-05-12 06:56:00,2016-05-12 07:14:00,1,-73.92722064925515,40.70923355276889,-73.95727152569711,40.75613994261008,N,1080
id0000802,1,2016-05-23 14:44:00,2016-05-23 14:54:17,1,-73.99177491626673,40.77350722071377,-73.95774770737745,40.749895982469226,N,617
id0000803,1,2016-01-06 15:38:00,2016-01-06 15:43:14,1,-73.95136313492385,40.77506760154643,-73.96969764561926,40.77540044222814,N,314
id0000804,2,2016-03-07 18:54:00,2016-03-07 19:07:36,1,-73.9480943165034,40.81592990002223,-73.96833010472396,40.78739220228882,N,816
id0000805,1,2016-06-13 02:40:00,2016-06-13 03:01:56,1,-74.00988421867319,40.807499084265395,-73.95344792451688,40.761576210934585,N,1316
id0000806,2,2016-02-28 10:56:00,2016-02-28 11:11:10,1,-73.9249451460331,40.7520497104561,-73.98664039831574,40.73144263724295,N,910
id0000807,1,2016-05-30 00:10:00,2016-05-30 00:28:19,1,-74.02674416751962,40.70201073545126,-73.93421502622972,40.7484272091713,N,1099
id0000808,2,2016-04-09 23:01:00,2016-04-09 23:10:04,1,-73.94221361789849,40.74364020313451,-73.96978221148834,40.77306629097685,N,544
id0000809,1,2016-02-19 08:01:00,2016-02-19 08:25:11,1,-74.00646129117916,40.76777540376648,-73.96745851305313,40.733823723709705,N,1451
id0000810,1,2016-03-04 17:46:00,2016-03-04 17:53:30,3,-73.96577431282523,40.74890625395748,-73.97067029761187,40.737887692201966,N,450
id0000811,1,2016-03-29 04:24:00,2016-03-29 04:32:16,5,-74.01040961512949,40.731994765136506,-73.99819831231024,40.75821407615429,N,496
id0000812,2,2016-01-23 17:07:00,2016-01-23 17:23:50,1,-73.98225132139113,40.76937981667365,-73.99407671388042,40.74939581784209,N,1010
id0000813,2,2016-02-26 01:59:00,2016-02-26 02:08:05,1,-74.04410815359304,40.735321901636524,-74.00556220425156,40.73810742020567,N,545
id0000814,2,2016-05-03 22:41:00,2016-05-03 22:49:16,1,-73.97138436584211,40.729737026232364,-73.987013940173,40.743801686879635,N,496
id0000815,2,2016-06-14 00:12:00,2016-06-14 00:18:19,1,-73.98256966907722,40.77201537754366,-74.00835226031025,40.78569794685821,N,379
id0000816,2,2016-06-21 23:07:00,2016-06-21 23:25:50,4,-74.01470844547399,40.73991033389419,-73.93310806330983,40.748805423863345,N,1130
id0000817,1,2016-03-10 16:09:00,2016-03-10 16:19:16,1,-73.98802653815146,40.76898469750403,-73.98670431678585,40.746105296421646,N,616
id0000818,2,2016-05-24 12:47:00,2016-05-24 12:55:50,1,-73.97762975381076,40.77029418102835,-74.00803605405665,40.75101007046519,N,530
id0000819,2,2016-03-13 01:57:00,2016-03-13 02:12:15,1,-74.01889963792958,40.70672569495088,-74.08596253447561,40.66704795014766,N,915
id0000820,2,2016-05-26 20:00:00,2016-05-26 20:28:03,2,-73.99208172166513,40.73634414942606,-73.90813071026851,40.68169736865348,N,1683
id0000821,2,2016-06-14 23:13:00,2016-06-14 23:19:41,2,-74.04030535674922,40.82269996229624,-74.0651419986897,40.81868375633708,N,401
id0000822,2,2016-03-22 02:43:00,2016-03-22 03:06:42,2,-73.85598468285714,40.70570642192696,-73.76320196212458,40.73427550843751,N,1422
id0000823,2,2016-04-19 07:49:00,2016-04-19 08:13:49,1,-73.92674847368855,40.66275054979633,-73.90880002787497,40.61444066600094,N,1489
id0000824,2,2016-06-06 18:39:00,2016-06-06 18:48:41,1,-73.96997982419026,40.67421696810409,-73.96354999017665,40.68377103164844,N,581
id0000825,2,2016-01-26 02:12:00,2016-01-26 02:20:06,1,-73.92053378898878,40.75930994759595,-73.91289081743402,40.78677204006437,N,486
id0000826,1,2016-02-14 21:56:00,2016-02-14 22:23:34,2,-74.0938588862176,40.759391277511476,-73.99414109395015,40.695105595602726,N,1654
id0000827,2,2016-04-23 22:26:00,2016-04-23 22:38:15,1,-74.1,40.752707511505875,-74.15,40.743237173001106,N,735
id0000828,1,2016-02-02 14:08:00,2016-02-02 14:21:13,1,-74.00696100839625,40.812638542301784,-73.99731564001841,40.870255899317826,N,793
id0000829,2,2016-05-24 14:08:00,2016-05-24 14:17:55,1,-74.06082102789811,40.63772245051037,-74.07275519023696,40.657040386131875,N,595
id0000830,2,2016-02-18 11:31:00,2016-02-18 11:53:04,1,-73.99801330384466,40.77581702434939,-74.0076025061734,40.71035102413221,N,1324
id0000831,1,2016-03-02 11:41:00,2016-03-02 11:48:30,1,-73.97368888476728,40.82826471908116,-73.9669698514209,40.851306600265566,N,450
id0000832,2,2016-05-27 13:02:00,2016-05-27 13:13:49,1,-73.93437720259126,40.707249865579875,-73.94635863931859,40.68107907778188,N,709
id0000833,1,2016-04-05 21:57:00,2016-04-05 22:06:48,2,-74.04760451913513,40.740908706969456,-74.03913863911166,40.7651044495227,N,588
id0000834,2,2016-05-23 22:23:00,2016-05-23 22:33:20,1,-73.9630203122612,40.72411986372472,-73.96408129805818,40.69996700189369,N,620
id0000835,2,2016-04-24 02:02:00,2016-04-24 02:18:09,2,-73.98420856687663,40.717754427926515,-74.04331868489494,40.715898292372096,N,969
id0000836,1,2016-04-03 14:18:00,2016-04-03 14:25:57,1,-73.96588698795368,40.74331820977397,-73.9487255162522,40.724504212874265,N,477
id0000837,2,2016-04-02 21:30:00,2016-04-02 21:38:14,1,-74.01358745729145,40.82223683776581,-73.98136500696496,40.822347358061656,N,494
id0000838,2,2016-05-26 02:39:00,2016-05-26 02:48:41,1,-73.90892756730759,40.84068240039694,-73.93332052009545,40.82082759431006,N,581
id0000839,1,2016-06-30 20:10:00,2016-06-30 20:34:26,3,-73.99069297566363,40.7428827348732,-73.90663765214354,40.73505889641879,N,1466
id0000840,2,2016-01-05 10:14:00,2016-01-05 10:29:16,1,-73.8874199777073,40.8437277096329,-73.82731924915241,40.802581534342025,N,916
id0000841,2,2016-04-02 05:40:00,2016-04-02 05:50:05,1,-74.02847137595252,40.75960094146431,-73.99049352248981,40.7767740273038,N,605
id0000842,2,2016-05-22 13:32:00,2016-05-22 13:39:55,1,-73.94414449630244,40.83691609620155,-73.90671256282118,40.84305107850408,N,475
id0000843,2,2016-04-27 02:15:00,2016-04-27 02:31:31,2,-73.98828176643083,40.753801560765595,-73.98692740356339,40.69722293467195,N,991
id0000844,2,2016-03-29 02:02:00,2016-03-29 02:14:53,1,-74.00302583291668,40.76389760217208,-73.95166408820363,40.798649685279145,N,773
id0000845,2,2016-05-24 10:23:00,2016-05-24 10:34:54,1,-73.95022265627428,40.77444635126893,-73.87953869873148,40.76827627268102,N,714
id0000846,1,2016-03-26 05:15:00,2016-03-26 05:21:37,1,-74.00145454135543,40.9,-73.96509346077889,40.90566168386825,N,397
id0000847,2,2016-01-25 20:35:00,2016-01-25 20:47:23,1,-74.1,40.79630785086802,-74.12566275038155,40.82306750938904,N,743
id0000848,2,2016-02-19 13:09:00,2016-02-19 13:15:09,1,-74.1,40.72617309615219,-74.1017856647229,40.737661574634785,N,369
id0000849,2,2016-01-08 23:48:00,2016-01-09 00:01:02,1,-73.91501678118438,40.80160490416242,-73.88920162970045,40.84238701470855,N,782
id0000850,1,2016-05-07 18:54:00,2016-05-07 19:10:56,1,-73.91733578481661,40.74171753583121,-73.87963726413454,40.731452192554016,N,1016
id0000851,2,2016-06-26 02:01:00,2016-06-26 02:11:05,6,-73.88119624795593,40.735961241769445,-73.88468272261039,40.77216627028739,N,605
id0000852,1,2016-03-10 00:55:00,2016-03-10 01:02:50,1,-73.98596405365552,40.798887061195146,-74.01147043827534,40.8031894228184,N,470
id0000853,2,2016-05-13 06:30:00,2016-05-13 06:47:02,1,-74.05609491410988,40.7593988514497,-73.98480559967787,40.77716602130744,N,1022
id0000854,2,2016-06-27 19:22:00,2016-06-27 19:42:37,1,-74.0080771113458,40.77053591615304,-74.05633149849915,40.78466293720096,N,1237
id0000855,1,2016-03-12 13:51:00,2016-03-12 14:03:42,1,-73.98437165165512,40.758629334983944,-74.0267315806586,40.802054896369775,N,762
id0000856,1,2016-06-09 13:49:00,2016-06-09 14:03:41,3,-74.04038710233569,40.773146240697244,-74.10010785376325,40.79839567377182,N,881
id0000857,2,2016-01-04 05:10:00,2016-01-04 05:20:07,2,-73.89432839023644,40.777123465384626,-73.93678817711954,40.761620373573784,N,607
id0000858,2,2016-05-03 07:58:00,2016-05-03 08:17:26,1,-73.86182734161959,40.67083648802826,-73.80569682214923,40.648392141488266,N,1166
id0000859,2,2016-01-31 06:50:00,2016-01-31 07:09:03,2,-73.95869456145984,40.787995770087434,-73.90105708741675,40.78625437492162,N,1143
id0000860,1,2016-05-22 05:39:00,2016-05-22 05:46:13,1,-73.9855975060684,40.71380912610764,-73.98892955511934,40.687205575669864,N,433
id0000861,2,2016-01-02 18:34:00,2016-01-02 18:49:44,5,-74.05622318381609,40.69309653889983,-74.03388903601603,40.656269811853406,N,944
id0000862,2,2016-05-31 13:41:00,2016-05-31 14:01:15,1,-73.89994613571142,40.75537149402636,-73.9004188417045,40.68088965760093,N,1215
id0000863,1,2016-03-13 03:43:00,2016-03-13 03:56:19,3,-73.9808031254033,40.761779145149156,-74.03444208257118,40.70755494862515,N,799
id0000864,1,2016-02-13 02:55:00,2016-02-13 03:19:32,2,-74.00090404191258,40.72679222259425,-73.90108922656722,40.79628144523315,N,1472
id0000865,1,2016-04-10 23:36:00,2016-04-10 23:49:43,1,-73.9585354251229,40.79539643359506,-73.89667212669475,40.772418924858016,N,823
id0000866,2,2016-06-29 02:53:00,2016-06-29 03:12:33,1,-74.0172141340944,40.69760211751331,-74.00126526085457,40.764223228007054,N,1173
id0000867,1,2016-01-30 05:25:00,2016-01-30 05:35:39,5,-73.9769218654783,40.739687531305236,-74.01543691198596,40.753797942345685,N,639
id0000868,1,2016-02-26 10:16:00,2016-02-26 10:20:22,1,-74.06433567679652,40.73168066392802,-74.07445772376916,40.72993913317075,N,262
id0000869,1,2016-04-26 10:53:00,2016-04-26 11:10:09,1,-73.92521020459111,40.75590357283473,-73.95636935440501,40.70338239374599,N,1029
id0000870,1,2016-01-18 01:26:00,2016-01-18 01:29:54,1,-73.99074260726246,40.77054889280913,-73.98635140642068,40.770712304154294,N,234
id0000871,2,2016-06-22 16:07:00,2016-06-22 16:29:00,1,-73.92126595266512,40.71264481726694,-73.90731940980815,40.77887124911083,N,1320
id0000872,2,2016-04-05 07:10:00,2016-04-05 07:40:30,1,-73.9960624897813,40.790592720485535,-74.01141313700276,40.84511000652612,N,1830
id0000873,2,2016-06-29 06:17:00,2016-06-29 06:31:22,2,-73.99249098398312,40.760835106575065,-74.05793955786393,40.77043345941948,N,862
id0000874,2,2016-03-16 13:22:00,2016-03-16 13:53:15,4,-74.05167745855606,40.672862418600964,-73.95573480419884,40.63265902579429,N,1875
id0000875,2,2016-05-31 15:16:00,2016-05-31 15:27:53,1,-73.943213366484,40.66986338518214,-73.93252466287659,40.63636259809842,N,713
id0000876,1,2016-03-01 05:16:00,2016-03-01 05:29:51,5,-74.03317119747128,40.757445631818186,-74.01262455746253,40.72760491729945,N,831
id0000877,1,2016-03-21 18:53:00,2016-03-21 19:12:07,1,-74.01175323052595,40.748056470699616,-74.03076165289933,40.79279189315731,N,1147
id0000878,1,2016-03-04 02:56:00,2016-03-04 03:16:55,1,-73.98494240476546,40.753346094889146,-74.05523290495528,40.81045631015295,N,1255
id0000879,2,2016-04-09 15:05:00,2016-04-09 15:09:46,1,-73.97833266989709,40.756740789456146,-73.9820811937875,40.76359703868001,N,286
id0000880,1,2016-02-10 15:32:00,2016-02-10 15:37:10,1,-74.07883533171197,40.76815019277796,-74.09338032211639,40.75754237753465,N,310
id0000881,2,2016-04-01 14:26:00,2016-04-01 14:48:54,1,-73.99769432260184,40.800644232443176,-73.96576527546947,40.85484909982631,N,1374
id0000882,1,2016-06-01 21:05:00,2016-06-01 21:21:07,1,-73.94126233797459,40.708000279458716,-73.90048884717267,40.67375020552844,N,967
id0000883,2,2016-01-29 07:57:00,2016-01-29 08:12:02,1,-74.00580859189881,40.70526127831947,-73.97138226531189,40.70707509478548,N,902
id0000884,1,2016-05-24 07:20:00,2016-05-24 07:34:28,1,-73.99736024648173,40.70880042639507,-73.95288799136546,40.725004236379185,N,868
id0000885,1,2016-06-04 12:04:00,2016-06-04 12:24:37,1,-73.97606766720365,40.77100125002259,-73.89490270586721,40.74080322877142,N,1237
id0000886,2,2016-01-07 08:16:00,2016-01-07 08:27:50,1,-73.99192782379008,40.81402263203909,-73.97438449551098,40.79176563429039,N,710
id0000887,2,2016-05-02 23:51:00,2016-05-03 00:03:41,1,-74.04167835263132,40.738589725279226,-73.99221364069489,40.71360891000766,N,761
id0000888,1,2016-03-29 07:08:00,2016-03-29 07:35:09,6,-73.98699903680168,40.645423507012815,-73.96477531097906,40.6950089469724,N,1629
id0000889,1,2016-04-26 02:30:00,2016-04-26 02:53:01,2,-73.93032597564968,40.68132032118253,-74.01582756864869,40.748323175879534,N,1381
id0000890,2,2016-02-23 15:01:00,2016-02-23 15:05:10,4,-74.04281467709968,40.72051334747418,-74.04976808982063,40.724531086032464,N,250
id0000891,1,2016-02-10 02:24:00,2016-02-10 02:31:40,5,-74.00559650392172,40.73290220006272,-74.0446435217324,40.72351454951622,N,460
id0000892,2,2016-02-22 05:48:00,2016-02-22 05:59:07,3,-74.06098972281643,40.73962251177354,-74.05057522293474,40.718628074148775,N,667
id0000893,2,2016-01-28 20:59:00,2016-01-28 21:10:27,1,-73.93322399272303,40.759736150534145,-73.96881944989214,40.75979727150491,N,687
id0000894,1,2016-03-14 19:09:00,2016-03-14 19:20:55,1,-73.99007970137609,40.743971415112995,-73.96282406132472,40.72471365381271,N,715
id0000895,2,2016-06-07 21:22:00,2016-06-07 21:35:35,1,-74.03176097984833,40.80522028247446,-73.98761471543204,40.80182422399203,N,815
id0000896,2,2016-05-21 17:05:00,2016-05-21 17:22:58,1,-73.97992539199213,40.72757922124434,-73.92576473992122,40.742042370049475,N,1078
id0000897,1,2016-02-02 15:40:00,2016-02-02 15:55:30,1,-74.05119801181925,40.7191956918236,-73.97833124155066,40.705009738825936,N,930
id0000898,1,2016-04-11 13:54:00,2016-04-11 14:11:27,1,-74.04184225423032,40.779549399233424,-74.1172633380135,40.77291381704193,N,1047
id0000899,2,2016-01-14 10:00:00,2016-01-14 10:14:52,1,-74.06530734414184,40.68889610685333,-74.11926234571445,40.682405199875795,N,892
id0000900,1,2016-01-11 19:58:00,2016-01-11 20:34:02,2,-74.04367285806566,40.775536126739404,-73.91192117468518,40.76442140652399,N,2162
id0000901,2,2016-04-23 20:38:00,2016-04-23 20:49:54,1,-73.91034643288,40.76261489326768,-73.86491786548632,40.74716421757211,N,714
id0000902,2,2016-02-25 01:24:00,2016-02-25 01:32:20,5,-74.02532150822054,40.75136508795369,-74.01522134952343,40.778041969056474,N,500
id0000903,2,2016-05-08 04:34:00,2016-05-08 04:49:47,2,-73.95935761825417,40.82947242482172,-73.95791593029014,40.76749666380754,N,947
id0000904,1,2016-01-29 09:00:00,2016-01-29 09:26:23,2,-74.03099657809757,40.73000066496174,-74.03355528471684,40.78510046002679,N,1583
id0000905,1,2016-01-22 18:30:00,2016-01-22 18:59:57,1,-73.94322564398303,40.85071341767359,-74.03024423907212,40.855456948885696,N,1797
id0000906,1,2016-05-10 03:19:00,2016-05-10 03:30:06,5,-74.04143451005122,40.74785558478474,-74.07618931975928,40.769206199944264,N,666
id0000907,1,2016-02-07 15:33:00,2016-02-07 15:41:14,1,-73.9828424639731,40.700534259976344,-73.9878756057258,40.725911982386556,N,494
id0000908,2,2016-01-11 14:01:00,2016-01-11 14:12:42,3,-73.98209317795721,40.76114638114477,-74.01430687235293,40.7363643105437,N,702
id0000909,2,2016-05-23 13:19:00,2016-05-23 13:30:27,1,-73.85697070649654,40.70956896598566,-73.88330182607126,40.67756641651939,N,687
id0000910,1,2016-05-08 09:09:00,2016-05-08 09:57:05,1,-73.9503266091611,40.72417098684839,-73.83518369517196,40.688041561885505,N,2885
id0000911,2,2016-06-18 04:25:00,2016-06-18 04:30:24,1,-74.01760972078812,40.7758664985007,-74.0289341076586,40.7672191174567,N,324
id0000912,1,2016-04-19 00:32:00,2016-04-19 00:39:27,2,-73.94732230699923,40.78300119398926,-73.93480690662722,40.80747335819354,N,447
id0000913,2,2016-03-27 17:18:00,2016-03-27 17:33:26,4,-73.86740040412332,40.73000245348856,-73.85648627129815,40.70957078260583,N,926
id0000914,1,2016-05-02 00:25:00,2016-05-02 00:34:38,1,-74.07462998497664,40.80243323152709,-74.0481043075386,40.82371083893333,N,578
id0000915,1,2016-05-24 03:28:00,2016-05-24 03:47:36,2,-74.03133651234128,40.81008784911096,-74.05281423680543,40.72721060645082,N,1176
id0000916,1,2016-04-24 12:19:00,2016-04-24 12:33:22,1,-73.99802936575124,40.82263357904535,-73.9419152095895,40.809138726976215,N,862
id0000917,1,2016-02-28 03:08:00,2016-02-28 03:19:38,6,-74.00793985249281,40.78182360332066,-73.9879795537805,40.82267341118707,N,698
id0000918,1,2016-06-10 22:33:00,2016-06-10 22:51:51,1,-74.00330161840814,40.81935429204386,-74.06122401522576,40.81337029692771,N,1131
id0000919,1,2016-05-07 23:43:00,2016-05-07 23:52:43,4,-74.05673277460762,40.67336407074117,-74.06157045457296,40.64434404347536,N,583
id0000920,1,2016-06-08 16:03:00,2016-06-08 16:15:49,2,-73.90778241705475,40.74369420531172,-73.91552909148498,40.720704692536906,N,769
id0000921,2,2016-04-11 09:56:00,2016-04-11 10:25:39,1,-74.06324347291621,40.71898476346545,-74.07306091840609,40.61300397375806,N,1779
id0000922,2,2016-03-22 21:11:00,2016-03-22 21:25:45,1,-73.99601170452924,40.763365163750734,-73.9730933484292,40.72795209478632,N,885
id0000923,1,2016-06-02 11:08:00,2016-06-02 11:18:42,1,-73.92747931745316,40.73228478513615,-73.8989166839401,40.769288233174095,N,642
id0000924,2,2016-04-21 07:32:00,2016-04-21 07:45:18,5,-73.98666016714301,40.75052289711226,-73.96341077841639,40.7301318002709,N,798
id0000925,1,2016-05-21 05:08:00,2016-05-21 05:16:55,1,-74.03886667917965,40.84269786960918,-74.02361548806616,40.82643881693914,N,535
id0000926,2,2016-06-10 23:13:00,2016-06-10 23:41:25,3,-74.05917716110056,40.75036260916109,-74.05532346425603,40.66874918261481,N,1705
id0000927,2,2016-02-21 17:06:00,2016-02-21 17:50:04,5,-73.99764995578153,40.776620654273565,-74.09445427096658,40.71954133151463,N,2644
id0000928,1,2016-02-05 03:01:00,2016-02-05 03:15:46,1,-74.02663662612177,40.74754788015341,-73.99163145781955,40.789199601404405,N,886
id0000929,2,2016-01-28 04:49:00,2016-01-28 04:57:40,1,-73.97371228995634,40.76140709795806,-73.95173635567654,40.78301239078122,N,520
id0000930,1,2016-04-19 04:21:00,2016-04-19 04:34:00,1,-74.06207981312483,40.75827075061962,-74.10639407057504,40.712860384519246,N,780
id0000931,1,2016-05-26 23:50:00,2016-05-26 23:57:28,1,-73.94028303447118,40.778174582968795,-73.92765683194332,40.75610454926373,N,448
id0000932,2,2016-06-26 16:02:00,2016-06-26 16:14:38,2,-73.97864477622595,40.810438839099625,-73.94948754457734,40.80941780709467,N,758
id0000933,1,2016-01-06 23:14:00,2016-01-06 23:29:07,1,-73.97455899831061,40.83213272989215,-73.92185288037548,40.79026825926667,N,907
id0000934,2,2016-01-01 07:16:00,2016-01-01 07:46:51,2,-73.9057407771968,40.771932903685915,-73.88277721225397,40.70178786776294,N,1851
id0000935,2,2016-05-03 14:02:00,2016-05-03 14:08:20,1,-74.00907875241045,40.784529609871605,-73.99460667110371,40.77895724631122,N,380
id0000936,2,2016-02-19 01:27:00,2016-02-19 01:41:09,2,-74.02491991821033,40.70621109708665,-73.98231516392279,40.72625239676272,N,849
id0000937,2,2016-03-27 14:47:00,2016-03-27 14:55:05,1,-74.01512699955907,40.7540455465913,-74.02892130046781,40.77476055278185,N,485
id0000938,1,2016-01-15 07:48:00,2016-01-15 08:07:05,1,-73.99558896132378,40.80031302591976,-73.977048816442,40.83094633441374,N,1145
id0000939,1,2016-01-14 16:54:00,2016-01-14 17:26:34,1,-73.99000306921353,40.796968588728774,-74.01795316295271,40.74259408456648,N,1954
id0000940,1,2016-04-06 02:43:00,2016-04-06 02:56:12,2,-74.0306883755131,40.76752243797578,-73.98072502367013,40.76954900481972,Y,792
id0000941,1,2016-05-05 07:38:00,2016-05-05 08:01:14,1,-74.09626968891682,40.79788772818056,-74.15,40.78849193043254,N,1394
id0000942,2,2016-06-10 07:05:00,2016-06-10 07:24:24,1,-74.01585109504835,40.780084501904724,-73.97909792221158,40.77703177791232,N,1164
id0000943,2,2016-03-28 21:11:00,2016-03-28 21:15:50,3,-73.96520958835423,40.81201378162167,-73.96441268507107,40.80460142444448,N,290
id0000944,2,2016-04-27 11:49:00,2016-04-27 12:00:50,1,-73.97750579315606,40.77102116206307,-73.93406336327337,40.74790547574181,N,710
id0000945,1,2016-06-05 12:55:00,2016-06-05 13:33:10,1,-73.91902450415958,40.741993575799306,-73.95414900082719,40.63637090990176,N,2290
id0000946,2,2016-03-19 14:23:00,2016-03-19 14:34:59,1,-73.87744824008199,40.77311285656199,-73.87339897903526,40.81377687228196,N,719
id0000947,2,2016-02-07 23:18:00,2016-02-07 23:23:16,1,-73.94323664256979,40.626123253086625,-73.94050828853187,40.63767290887825,N,316
id0000948,2,2016-05-30 05:25:00,2016-05-30 05:42:48,1,-73.90896136466755,40.77522985813733,-73.88943660446527,40.723279715573554,N,1068
id0000949,2,2016-01-01 10:02:00,2016-01-01 10:14:19,1,-73.94282741392553,40.6,-73.98996770170469,40.61655960785475,N,739
id0000950,1,2016-02-20 05:24:00,2016-02-20 05:32:16,1,-73.890955540924,40.68044414666676,-73.8623258619602,40.664788478421706,N,496
id0000951,1,2016-01-24 17:57:00,2016-01-24 18:38:38,1,-73.88320305011398,40.77832958704235,-73.96626828587723,40.76366555596773,N,2498
id0000952,2,2016-04-27 02:44:00,2016-04-27 02:54:54,1,-73.93268591560715,40.77948882017701,-73.96273880817743,40.752594309124895,N,654
id0000953,2,2016-02-19 01:39:00,2016-02-19 01:52:20,1,-73.94614909194665,40.705690704893705,-74.01647194226791,40.72448327143653,N,800
id0000954,2,2016-03-03 15:53:00,2016-03-03 16:05:25,1,-73.99628776945656,40.72595540811545,-73.9590178964707,40.69796158311239,N,745
id0000955,2,2016-04-28 17:00:00,2016-04-28 17:16:40,1,-73.98727355045301,40.81967434448764,-73.96926766546511,40.781285130474465,N,1000
id0000956,2,2016-02-23 21:55:00,2016-02-23 22:09:30,1,-74.00358105322427,40.73621864407923,-73.98305931411382,40.77582971245044,N,870
id0000957,1,2016-03-07 00:01:00,2016-03-07 00:14:22,4,-73.95083116140077,40.858931414058134,-73.88453763856958,40.8526705647163,N,802
id0000958,1,2016-03-31 20:26:00,2016-03-31 20:31:49,1,-74.02461914205476,40.75791360660707,-74.03883651716704,40.752751582957345,N,349
id0000959,1,2016-01-22 12:30:00,2016-01-22 12:40:24,2,-73.9955108415379,40.77636162795966,-73.96807948587433,40.80059787216934,N,624
id0000960,2,2016-06-19 04:49:00,2016-06-19 04:56:03,1,-74.1,40.83075934793244,-74.09702899437706,40.807393813402825,N,423
id0000961,2,2016-06-27 15:30:00,2016-06-27 15:36:56,1,-73.89023005578751,40.76389622022871,-73.8941106107476,40.747510859186065,N,416
id0000962,2,2016-05-09 18:26:00,2016-05-09 18:43:15,2,-73.99712610204224,40.712894520868915,-73.9383279395987,40.72359455530921,N,1035
id0000963,2,2016-01-20 16:44:00,2016-01-20 17:27:41,1,-73.95994307594648,40.75306226467376,-73.86625850459339,40.699114048587525,N,2621
id0000964,2,2016-03-26 23:33:00,2016-03-26 23:39:43,5,-73.90482173179088,40.75639751687145,-73.92423773161973,40.76413598350834,N,403
id0000965,1,2016-03-05 15:09:00,2016-03-05 15:19:43,1,-73.96848386094074,40.69658662565093,-73.93096647932234,40.670136724579585,N,643
id0000966,1,2016-01-31 06:38:00,2016-01-31 06:52:19,1,-73.90556109638486,40.74648755678967,-73.89120083531576,40.7764290975256,N,859
id0000967,1,2016-06-08 13:00:00,2016-06-08 13:08:43,1,-74.05329557966833,40.72460135577012,-74.03839552065806,40.74373457220987,N,523
id0000968,1,2016-03-16 12:51:00,2016-03-16 12:57:42,2,-73.85314428757212,40.79959609907344,-73.84202128976561,40.814105291567564,N,402
id0000969,2,2016-04-28 18:37:00,2016-04-28 19:03:00,1,-73.92520893908312,40.75955753433834,-73.94019744869887,40.703313981638935,N,1560
id0000970,1,2016-05-05 18:53:00,2016-05-05 19:57:13,1,-73.97349386291323,40.74527419128836,-74.13481798815471,40.74165535245728,N,3853
id0000971,1,2016-02-28 04:52:00,2016-02-28 05:11:59,5,-73.9066206367056,40.75322181312199,-73.83755421709867,40.71201748350749,N,1199
id0000972,2,2016-03-04 10:52:00,2016-03-04 10:57:58,1,-74.04927491872941,40.76804049082828,-74.08053788517466,40.76675025422408,N,358
id0000973,1,2016-06-25 14:28:00,2016-06-25 14:53:21,1,-74.00087381833232,40.785756638986044,-74.0117438898551,40.7047218502949,N,1521
id0000974,2,2016-05-30 01:49:00,2016-05-30 02:03:30,1,-73.90556622819787,40.71301294970988,-73.91547940869869,40.659083820316745,N,870
id0000975,1,2016-04-01 04:47:00,2016-04-01 05:00:51,1,-74.08768830994923,40.711128556532046,-74.12295946264562,40.75274473284145,N,831
id0000976,2,2016-04-07 02:38:00,2016-04-07 02:43:54,1,-73.95417482237727,40.80771056469312,-73.94336401598747,40.820627425853345,N,354
id0000977,2,2016-01-02 11:25:00,2016-01-02 11:30:38,1,-73.95573031120851,40.73944484075079,-73.95772437080251,40.727061286089004,N,338
id0000978,1,2016-02-07 04:08:00,2016-02-07 04:21:14,5,-73.87669258007477,40.69424210583314,-73.90893669912211,40.66243608953912,N,794
id0000979,2,2016-01-02 02:55:00,2016-01-02 03:05:10,1,-74.07206254808472,40.777971571922244,-74.0653439573354,40.740022684806696,N,610
id0000980,1,2016-05-26 16:19:00,2016-05-26 16:23:50,1,-73.89647029186325,40.77885164127147,-73.89795739304638,40.78585709269957,N,290
id0000981,1,2016-06-20 06:19:00,2016-06-20 06:30:46,1,-74.01577089087318,40.68911781342345,-73.97401815516523,40.67709068258772,N,706
id0000982,1,2016-01-30 12:21:00,2016-01-30 12:40:47,1,-74.00958552029515,40.768326677195866,-74.06990274574082,40.82245932861197,N,1187
id0000983,1,2016-02-21 04:11:00,2016-02-21 04:20:13,1,-74.0522102412828,40.79110123915928,-74.08845276072293,40.784634508958916,N,553
id0000984,2,2016-03-05 02:41:00,2016-03-05 02:47:37,1,-74.04483186206068,40.774847390326784,-74.01219346957299,40.77690260755534,N,397
id0000985,2,2016-05-27 19:05:00,2016-05-27 19:26:18,2,-73.96280627089003,40.78643916676926,-73.9915947033452,40.737841545387326,N,1278
id0000986,1,2016-03-15 02:54:00,2016-03-15 03:06:00,1,-74.04617825531298,40.69480789058592,-74.08683135712751,40.68218341770472,N,720
id0000987,2,2016-01-08 22:16:00,2016-01-08 22:24:16,4,-73.9442843616491,40.772896806974835,-73.97084745399448,40.77909150615221,N,496
id0000988,1,2016-04-16 15:00:00,2016-04-16 15:04:23,4,-74.02146313258334,40.744382110823835,-74.02600717483436,40.73133461093138,N,263
id0000989,1,2016-01-27 17:44:00,2016-01-27 17:52:10,1,-74.05171685932167,40.73627444285739,-74.05608991144469,40.719277444182296,N,490
id0000990,2,2016-04-27 10:05:00,2016-04-27 10:11:09,3,-74.0140295030498,40.79717500242389,-74.0234776326744,40.80861683932043,N,369
id0000991,1,2016-06-04 22:24:00,2016-06-04 22:45:47,2,-73.96648110445341,40.824567352980345,-74.0127665361336,40.87758616783498,N,1307
id0000992,2,2016-01-13 07:32:00,2016-01-13 07:45:14,1,-74.00025442940621,40.83874665245702,-73.9654622776798,40.84382058041779,N,794
id0000993,2,2016-06-29 22:11:00,2016-06-29 22:26:08,1,-73.98311844349169,40.81716635421777,-73.9234385541901,40.85721287413933,N,908
id0000994,1,2016-04-30 16:40:00,2016-04-30 17:13:36,1,-73.94670858959901,40.753061961826646,-74.03267788048642,40.7748180450398,N,2016
id0000995,1,2016-01-10 10:47:00,2016-01-10 11:13:03,1,-73.92546682016106,40.773872407336185,-73.99537614794512,40.81182477544956,N,1563
id0000996,1,2016-02-10 00:59:00,2016-02-10 01:13:13,2,-74.00205524197241,40.79250702923029,-73.95692667810754,40.77116683191316,N,853
id0000997,1,2016-01-31 12:14:00,2016-01-31 12:31:55,1,-74.04243221085669,40.763453007718475,-73.97179137552853,40.75621054539402,N,1075
id0000998,1,2016-06-09 19:49:00,2016-06-09 20:17:26,1,-73.98081480365926,40.76388438845602,-74.07662785738597,40.75678731347926,N,1706
id0000999,2,2016-05-11 13:40:00,2016-05-11 13:52:49,1,-73.95911427276428,40.79506889093443,-73.92241963020673,40.81418859421417,N,769
id0001000,2,2016-03-08 21:01:00,2016-03-08 21:18:28,6,-74.06533989182846,40.75533228092883,-73.99163529693827,40.78306672970625,N,1048
id0001001,2,2016-04-06 08:52:00,2016-04-06 09:10:27,1,-74.03398345633542,40.72518208786319,-74.0727920082979,40.729559054552105,N,1107
id0001002,1,2016-03-04 09:44:00,2016-03-04 10:05:57,1,-74.02455527927796,40.73934871203739,-73.95347022706777,40.77003344224555,N,1317
id0001003,1,2016-03-14 21:15:00,2016-03-14 21:24:34,1,-73.99643022037962,40.78652596699802,-74.00443996301922,40.76680936530367,N,574
id0001004,1,2016-04-26 03:18:00,2016-04-26 03:26:33,5,-74.02685686469947,40.758134698104,-74.01269819562368,40.78912291245547,N,513
id0001005,2,2016-02-05 09:26:00,2016-02-05 09:41:34,1,-73.94611276011968,40.773309448959075,-73.9784782592743,40.80886277943558,N,934
id0001006,1,2016-05-18 06:21:00,2016-05-18 06:32:12,1,-74.07328232608022,40.7881535658991,-74.02823604240926,40.81186593800646,N,672
id0001007,2,2016-06-21 01:39:00,2016-06-21 01:47:29,1,-74.07188452834569,40.74113213416961,-74.03433418305299,40.74582807659145,N,509
id0001008,1,2016-06-26 06:33:00,2016-06-26 07:00:51,1,-74.00336388463313,40.79203116736334,-73.92575196362529,40.81699748399751,N,1671
id0001009,2,2016-02-01 08:28:00,2016-02-01 08:49:50,1,-73.99466090422769,40.77504791715563,-73.92983357261772,40.743757760872285,N,1310
id0001010,2,2016-03-15 22:30:00,2016-03-15 22:36:08,3,-74.0650054130072,40.70243341108899,-74.06541716499697,40.7093760903416,N,368
id0001011,2,2016-02-18 06:36:00,2016-02-18 07:03:18,2,-74.01837118634562,40.82290371560338,-73.87849414866243,40.83342158229226,N,1638
id0001012,1,2016-04-25 13:31:00,2016-04-25 13:48:07,1,-74.00705740995805,40.73546648653094,-73.94627174077674,40.68893343832064,N,1027
id0001013,2,2016-02-29 00:32:00,2016-02-29 00:38:24,5,-74.00663138708622,40.68352070955667,-73.98230816550917,40.70013115840955,N,384
id0001014,1,2016-03-12 19:52:00,2016-03-12 20:27:25,1,-73.97664651841909,40.71097303306862,-74.0215184663135,40.66726437766975,N,2125
id0001015,1,2016-01-26 05:19:00,2016-01-26 05:31:38,1,-74.0213868386433,40.71205296776948,-74.09023831145853,40.69707582734265,N,758
id0001016,1,2016-04-11 21:52:00,2016-04-11 22:08:54,1,-73.90371900349955,40.76034779933959,-73.968745257068,40.76173943291426,N,1014
id0001017,1,2016-04-07 14:15:00,2016-04-07 14:24:30,1,-73.95814874481465,40.74567672725042,-74.00016369172626,40.72010095378827,N,570
id0001018,1,2016-04-10 09:18:00,2016-04-10 09:33:16,1,-74.02939124363527,40.74284256145618,-73.96741262412021,40.74573195280789,N,916
id0001019,2,2016-03-03 02:54:00,2016-03-03 02:59:27,1,-73.97980186786478,40.785886588446715,-73.95788286676459,40.78821608311198,N,327
id0001020,1,2016-05-17 13:30:00,2016-05-17 13:47:28,1,-73.97817915747669,40.77329439125367,-74.00578095072827,40.74458803387611,N,1048
id0001021,1,2016-04-20 15:04:00,2016-04-20 15:10:59,6,-73.91819031890262,40.772222154179,-73.92430442439297,40.79210126023785,N,419
id0001022,1,2016-02-02 03:03:00,2016-02-02 03:10:23,1,-74.0180210335904,40.77644228057979,-74.02961962172216,40.749696802964074,N,443
id0001023,2,2016-03-07 22:48:00,2016-03-07 23:12:12,1,-73.94279637162536,40.78572606006011,-73.9067940914518,40.86580516317582,N,1452
id0001024,1,2016-04-30 05:52:00,2016-04-30 06:04:22,1,-73.98269800383196,40.66314209962002,-74.02224390314157,40.659310340803444,N,742
id0001025,1,2016-01-22 04:32:00,2016-01-22 04:45:49,2,-73.90296384159532,40.7416002786481,-73.8872279542201,40.70060498357345,N,829
id0001026,2,2016-03-05 02:28:00,2016-03-05 02:38:36,1,-73.91400097010484,40.65989054709797,-73.90049711018723,40.62543858528049,N,636
id0001027,2,2016-06-07 19:30:00,2016-06-07 19:54:15,1,-73.97416613824741,40.759622696705904,-74.01236519870429,40.799788012970346,N,1455
id0001028,2,2016-03-21 09:34:00,2016-03-21 10:04:19,3,-73.99942554415588,40.75779151624991,-73.92796527284142,40.74347120850977,N,1819
id0001029,2,2016-04-02 18:09:00,2016-04-02 18:34:50,1,-73.95713667496763,40.80504895236554,-73.97043737926117,40.75731721909149,N,1550
id0001030,1,2016-05-04 00:32:00,2016-05-04 00:46:45,3,-73.994924751492,40.811443547672454,-74.03959850709703,40.841323493821925,N,885
id0001031,1,2016-02-28 13:50:00,2016-02-28 14:04:01,1,-73.89258310917118,40.76712487717136,-73.85420351009277,40.75257979109913,N,841
id0001032,2,2016-05-30 09:57:00,2016-05-30 10:09:41,2,-73.98068414570027,40.735483751517144,-73.97823184472831,40.758353434406324,N,761
id0001033,2,2016-01-03 23:28:00,2016-01-03 23:37:10,1,-74.00731034478821,40.77983225006456,-73.98893107071855,40.812577060962525,N,550
id0001034,2,2016-03-27 00:31:00,2016-03-27 00:40:08,5,-74.01027882973406,40.734243706320406,-74.06358942074269,40.743849930178705,N,548
id0001035,2,2016-04-18 19:23:00,2016-04-18 20:01:57,1,-74.05171695718593,40.75793733068505,-74.01515822586204,40.84179408953404,N,2337
id0001036,1,2016-02-13 12:08:00,2016-02-13 12:38:58,1,-73.95438924795486,40.802376134263234,-73.85662997155126,40.74201014701057,N,1858
id0001037,2,2016-05-22 09:58:00,2016-05-22 10:22:00,2,-74.03010061614518,40.73290028943048,-74.08692813398548,40.70427203679597,N,1440
id0001038,2,2016-01-15 10:58:00,2016-01-15 11:01:59,1,-73.92460184612968,40.79425553876592,-73.90866244986015,40.78529728860478,N,239
id0001039,2,2016-04-28 07:28:00,2016-04-28 07:57:34,1,-74.05611142797008,40.78848306159116,-74.09145036426084,40.86762413509244,N,1774
id0001040,1,2016-04-25 06:32:00,2016-04-25 06:59:59,1,-73.97800172030647,40.71503436822911,-73.85696944762458,40.77796445468269,N,1679
id0001041,2,2016-05-23 08:45:00,2016-05-23 09:05:45,1,-73.92173769328264,40.80182523576978,-73.86595423176587,40.84692941612857,N,1245
id0001042,2,2016-02-07 16:27:00,2016-02-07 16:39:26,1,-74.1,40.78943548554172,-74.08730516956365,40.76164114761561,N,746
id0001043,1,2016-01-29 04:58:00,2016-01-29 05:09:33,1,-73.87399539509143,40.762586664931774,-73.92924943150555,40.73887364903981,N,693
id0001044,1,2016-04-15 15:35:00,2016-04-15 15:49:32,1,-74.0083906858459,40.72369544438876,-74.05276320921082,40.69469584315885,N,872
id0001045,1,2016-06-25 20:23:00,2016-06-25 20:33:29,1,-73.97723975398108,40.7193357291641,-73.9436574012254,40.691915788082675,N,629
id0001046,2,2016-05-22 20:40:00,2016-05-22 20:54:50,2,-73.9535702925966,40.73380518403937,-74.01488244149388,40.78604984529403,N,890
id0001047,1,2016-02-08 11:06:00,2016-02-08 11:19:12,1,-73.94506290191364,40.78241675084814,-74.00496302492704,40.773884901529286,N,792
id0001048,2,2016-03-15 05:39:00,2016-03-15 05:41:41,1,-73.96993638339572,40.71499686746694,-73.96953897646317,40.711094431704396,N,161
id0001049,1,2016-02-18 13:17:00,2016-02-18 13:29:52,1,-73.93014384789615,40.777688051187894,-73.92414009776668,40.80479158873021,N,772
id0001050,1,2016-05-21 22:28:00,2016-05-21 22:47:17,1,-73.9564511107893,40.702121001200474,-73.93934969746556,40.643897522109285,N,1157
id0001051,2,2016-04-03 05:51:00,2016-04-03 05:55:15,1,-73.88815153729823,40.74881691370025,-73.9079301757,40.750659517444674,N,255
id0001052,2,2016-03-20 14:50:00,2016-03-20 15:09:51,1,-73.95627198514299,40.762934148955836,-73.91486539056709,40.72454363845228,N,1191
id0001053,2,2016-01-01 22:41:00,2016-01-01 22:52:06,1,-73.87694504640643,40.86803085652765,-73.91572670849037,40.85772633430811,N,666
id0001054,1,2016-04-25 07:55:00,2016-04-25 08:09:07,2,-73.93544066378693,40.69602079550159,-73.90724166787689,40.67549607121302,N,847
id0001055,1,2016-03-21 12:36:00,2016-03-21 12:45:06,1,-74.08431625691725,40.82424065549206,-74.07468082637718,40.80191132938097,N,546
id0001056,1,2016-01-08 05:14:00,2016-01-08 05:20:49,1,-73.84138935268867,40.76474290862943,-73.81436014383539,40.77263827186415,N,409
id0001057,1,2016-02-05 14:55:00,2016-02-05 15:06:20,1,-74.01658892596625,40.77650273631072,-73.9633990136296,40.784245205394456,N,680
id0001058,1,2016-05-12 05:08:00,2016-05-12 05:13:26,1,-73.9027450791639,40.763325656102474,-73.92323503469363,40.755631935479286,N,326
id0001059,1,2016-05-16 07:42:00,2016-05-16 07:54:15,1,-73.98352636062843,40.778012706818785,-74.0132748495603,40.79098665882348,N,735
id0001060,1,2016-03-30 20:51:00,2016-03-30 21:11:45,1,-73.92664003583185,40.75108417030371,-74.00261775485868,40.720682661373836,N,1245
id0001061,1,2016-05-17 21:52:00,2016-05-17 22:15:30,6,-74.02286634009762,40.82343225816559,-74.11372143441415,40.84728776358197,N,1410
id0001062,1,2016-05-14 09:12:00,2016-05-14 09:18:06,1,-73.95058405013008,40.73745879850989,-73.9585028872432,40.73024183273437,N,366
id0001063,2,2016-04-22 01:31:00,2016-04-22 01:37:00,1,-73.99892547999669,40.80895055574807,-74.00376400963582,40.79202233107324,N,360
id0001064,2,2016-02-07 22:28:00,2016-02-07 22:42:07,3,-73.89815482886256,40.72900347959042,-73.94702856944004,40.70118692118081,N,847
id0001065,1,2016-03-17 17:55:00,2016-03-17 18:16:13,2,-73.96087325079206,40.755288666911945,-74.00007273728615,40.74683975579561,N,1273
id0001066,1,2016-05-28 13:57:00,2016-05-28 14:15:52,1,-73.93352315472842,40.709761685146944,-73.8649677311501,40.77523405913655,N,1132
id0001067,2,2016-02-26 11:06:00,2016-02-26 11:15:12,1,-74.1,40.77847606741564,-74.06058720988636,40.77626008546205,N,552
id0001068,1,2016-04-30 03:14:00,2016-04-30 03:25:29,1,-73.98970649738837,40.8230306680617,-74.04647880675084,40.78297654429668,N,689
id0001069,2,2016-05-30 14:21:00,2016-05-30 14:31:02,1,-73.96241966007179,40.75451897190806,-73.98232532237213,40.78667763924554,N,602
id0001070,2,2016-04-07 01:13:00,2016-04-07 01:20:53,1,-73.97270118014582,40.74914014355833,-73.95443105902127,40.732622648305615,N,473
id0001071,2,2016-04-02 06:59:00,2016-04-02 07:10:24,1,-73.93213635324551,40.707842236661946,-73.96032664934174,40.71777380181428,N,684
id0001072,1,2016-02-04 03:34:00,2016-02-04 03:44:50,5,-74.00512473348256,40.747681830590146,-74.04151602267581,40.726483711325216,N,650
id0001073,2,2016-03-31 08:34:00,2016-03-31 08:48:12,1,-73.9823167092231,40.68632425831253,-73.9975377694933,40.73115132437754,N,852
id0001074,2,2016-01-08 14:35:00,2016-01-08 14:47:37,2,-73.92003252795718,40.71692049059766,-73.87095278811721,40.696243899115046,N,757
id0001075,2,2016-01-21 15:28:00,2016-01-21 15:55:23,1,-74.1,40.76820537207492,-74.04683694138664,40.81713040132513,N,1643
id0001076,1,2016-04-08 15:17:00,2016-04-08 15:28:23,1,-73.95258572240989,40.81735559389836,-73.98568082921055,40.780631473439854,N,683
id0001077,1,2016-02-09 17:53:00,2016-02-09 18:08:34,3,-74.00336366542965,40.88441448875533,-73.9826388661711,40.87416276525529,N,934
id0001078,1,2016-03-04 05:27:00,2016-03-04 05:41:04,1,-74.03517749685045,40.73160367117181,-74.03546602572995,40.78060352367855,N,844
id0001079,1,2016-03-06 14:37:00,2016-03-06 14:47:29,1,-73.96649006766482,40.82258850704905,-74.0118606648267,40.828474604916394,N,629
id0001080,2,2016-03-27 03:03:00,2016-03-27 03:24:40,1,-73.91749017867552,40.76896886161808,-73.93085853177178,40.848470169581276,N,1300
id0001081,1,2016-05-07 04:35:00,2016-05-07 04:51:09,1,-73.92784708926837,40.75119385589642,-73.98473762772826,40.74177394017309,N,969
id0001082,1,2016-03-22 04:28:00,2016-03-22 04:39:26,2,-73.99243121669987,40.777466750327676,-73.94009373102799,40.7864632501813,N,686
id0001083,1,2016-06-02 20:08:00,2016-06-02 20:30:58,1,-73.93683424699314,40.7607862417656,-73.86697300507366,40.82746646628731,N,1378
id0001084,1,2016-03-28 18:10:00,2016-03-28 18:44:25,2,-73.93725626558548,40.76296780765255,-73.95573205425632,40.709980495066574,N,2065
id0001085,1,2016-06-29 16:48:00,2016-06-29 17:13:56,1,-73.98980541987713,40.7396250076728,-74.01901398894162,40.682303756511445,N,1556
id0001086,2,2016-06-30 21:43:00,2016-06-30 21:59:29,2,-74.02311943035934,40.69508506530905,-73.97566268066515,40.66724227910672,N,989
id0001087,2,2016-03-18 19:01:00,2016-03-18 19:29:36,1,-74.01993787171173,40.68853686588651,-73.96521116936763,40.717004910018076,N,1716
id0001088,2,2016-05-19 07:41:00,2016-05-19 08:01:34,1,-73.93891806581225,40.78739601974766,-73.98906657889741,40.73105122833104,N,1234
id0001089,1,2016-03-23 11:35:00,2016-03-23 11:44:40,3,-73.9873180747542,40.745548495946146,-73.99398008484808,40.76644521292582,N,580
id0001090,2,2016-06-08 06:39:00,2016-06-08 06:46:59,1,-74.04254002208518,40.73117599951547,-74.04519224953938,40.749610733822585,N,479
id0001091,1,2016-05-19 10:09:00,2016-05-19 10:40:21,1,-74.077667455953,40.75838275320255,-74.11235238826748,40.828886411364614,N,1881
id0001092,1,2016-03-02 14:08:00,2016-03-02 14:21:52,2,-73.9392492701347,40.7937719513812,-73.92188009390075,40.83036392377414,N,832
id0001093,1,2016-02-28 11:07:00,2016-02-28 11:16:21,1,-74.01507281322453,40.76611637743619,-74.04657035330331,40.778858135748614,N,561
id0001094,1,2016-06-09 07:09:00,2016-06-09 07:27:12,1,-73.96682867343893,40.72847752785116,-73.99114040697997,40.776047180581514,N,1092
id0001095,1,2016-04-08 08:58:00,2016-04-08 09:10:11,1,-73.91681612011119,40.813183183004206,-73.92137654295377,40.832044820943224,N,731
id0001096,1,2016-05-06 10:46:00,2016-05-06 11:04:41,3,-74.05699084622694,40.829063347634175,-74.12399864892708,40.81296089572222,N,1121
id0001097,2,2016-05-03 05:12:00,2016-05-03 05:36:09,1,-73.98748255592821,40.78025504948953,-74.08002295307716,40.74019384729282,N,1449
id0001098,1,2016-01-31 04:28:00,2016-01-31 04:41:34,1,-73.99438817804204,40.80181485801049,-73.95306592154331,40.78188706188123,N,814
id0001099,1,2016-02-12 23:56:00,2016-02-13 00:04:58,1,-73.96411414184047,40.81388819985663,-73.9974286808505,40.81248561424748,N,538
id0001100,1,2016-06-12 20:51:00,2016-06-12 21:14:32,1,-73.91684620008688,40.808854469238206,-73.82077731635076,40.81498011342544,N,1412
id0001101,1,2016-02-20 21:14:00,2016-02-20 21:44:04,1,-74.05811984980643,40.78563446297007,-73.96938714317767,40.710902617037036,N,1804
id0001102,2,2016-06-07 01:20:00,2016-06-07 01:27:38,3,-73.95366111282118,40.784925617118375,-73.97645265079854,40.777241005396036,N,458
id0001103,1,2016-03-05 19:50:00,2016-03-05 20:26:27,2,-73.92826619237535,40.78138472580059,-73.82300880757413,40.78238508773482,N,2187
id0001104,2,2016-06-03 02:01:00,2016-06-03 02:10:28,3,-73.99525073851763,40.70861980464539,-73.95305988469518,40.72778361521618,N,568
id0001105,2,2016-04-15 03:19:00,2016-04-15 03:35:44,2,-73.99255958460913,40.78953254205869,-74.02159870574157,40.84647057294641,N,1004
id0001106,1,2016-01-19 01:43:00,2016-01-19 02:07:45,1,-73.96198528470583,40.696988371299305,-74.07816807299739,40.70348624503989,N,1485
id0001107,1,2016-02-19 05:10:00,2016-02-19 05:21:35,1,-73.96603506071607,40.72224302451937,-73.93506807952406,40.690408323850704,N,695
id0001108,1,2016-06-22 09:16:00,2016-06-22 09:39:10,1,-73.9529706065948,40.816660428051364,-73.95156229222515,40.75302764962531,N,1390
id0001109,2,2016-02-07 21:16:00,2016-02-07 21:25:40,1,-73.95412957104793,40.79580990732124,-73.93471829968946,40.81985529085517,N,580
id0001110,1,2016-02-11 09:55:00,2016-02-11 10:10:53,1,-74.03900847680886,40.82493292303587,-74.04930610475157,40.794514865454154,N,953
id0001111,2,2016-01-28 05:03:00,2016-01-28 05:16:38,1,-73.93053534262623,40.74577465273408,-73.98200890450318,40.77611394693472,N,818
id0001112,1,2016-04-20 22:48:00,2016-04-20 23:02:12,2,-73.92082692607954,40.70614880214255,-73.94004312597849,40.75505850746824,N,852
id0001113,1,2016-05-27 07:03:00,2016-05-27 07:38:26,1,-73.97476544084704,40.74718032613184,-73.94296676297951,40.69313770932257,N,2126
id0001114,2,2016-06-19 09:22:00,2016-06-19 09:34:15,1,-74.06717854186023,40.762591408375826,-74.08312543339207,40.781977647932386,N,735
id0001115,1,2016-06-10 05:55:00,2016-06-10 06:06:56,6,-73.99131101383,40.761554492235305,-74.00752981741041,40.80679627659718,N,716
id0001116,2,2016-06-09 20:51:00,2016-06-09 21:10:41,1,-73.97430767676826,40.809015621544056,-74.04268009573086,40.844681997928866,N,1181
id0001117,2,2016-06-13 15:49:00,2016-06-13 16:10:32,1,-74.04795301307827,40.74174283087485,-74.04384899139825,40.66836955058298,N,1292
id0001118,1,2016-04-13 07:57:00,2016-04-13 08:19:36,1,-74.00480759349674,40.773841551231136,-74.05484453086368,40.743963729663356,N,1356
id0001119,1,2016-05-29 12:53:00,2016-05-29 13:21:06,1,-74.06251531631573,40.713511778275446,-74.0211816373293,40.66870546057418,N,1686
id0001120,1,2016-04-25 12:27:00,2016-04-25 12:38:00,1,-73.95159892762574,40.77826427751197,-73.9846334681361,40.79658582394212,N,660
id0001121,2,2016-01-25 23:40:00,2016-01-25 23:46:08,6,-73.97587245768038,40.75813988475836,-73.98917914175269,40.77260631658035,N,368
id0001122,1,2016-01-05 10:31:00,2016-01-05 11:00:29,3,-74.07551807406479,40.7242583997772,-73.9781388136063,40.62983218404928,N,1769
id0001123,2,2016-01-18 18:58:00,2016-01-18 19:06:08,2,-73.96566943261298,40.74738767870213,-73.97946527263451,40.73685857195566,N,488
id0001124,2,2016-03-03 22:20:00,2016-03-03 22:33:29,2,-73.98810799210646,40.74971209140682,-74.00793385883246,40.77773728546876,N,809
id0001125,1,2016-03-31 20:20:00,2016-03-31 20:25:46,1,-73.95659721444851,40.74584301917983,-73.93024422508306,40.751022178872674,N,346
id0001126,1,2016-04-26 04:48:00,2016-04-26 05:05:19,5,-74.00653428385655,40.83771035590205,-74.08687106495671,40.84282969808454,N,1039
id0001127,1,2016-04-04 21:35:00,2016-04-04 21:48:37,1,-74.02908136704086,40.753569929896145,-73.97279494756083,40.74079515086099,N,817
id0001128,2,2016-03-07 16:03:00,2016-03-07 16:20:56,1,-74.02739645445519,40.74702467504202,-73.98266915249968,40.709961742104404,N,1076
id0001129,2,2016-05-13 08:58:00,2016-05-13 09:06:04,5,-74.01459936191016,40.663614706907545,-73.99099903339079,40.66301775307138,N,484
id0001130,1,2016-06-05 17:56:00,2016-06-05 18:36:26,1,-73.98396461968804,40.717760669160924,-74.13593400689447,40.719583939954155,N,2426
id0001131,2,2016-02-10 13:32:00,2016-02-10 13:41:22,1,-73.97686228440163,40.74616169589947,-73.98853581083304,40.76769560411112,N,562
id0001132,2,2016-02-17 14:51:00,2016-02-17 15:06:46,2,-73.99548959327944,40.72713662957205,-74.05276857344968,40.751514126922395,N,946
id0001133,1,2016-06-18 10:23:00,2016-06-18 10:33:17,1,-74.00828257519481,40.820176841702,-73.95769776991663,40.823181991372714,N,617
id0001134,2,2016-06-25 15:10:00,2016-06-25 15:31:55,1,-74.0043271797403,40.75057780010717,-73.95696193081378,40.788899592867644,N,1315
id0001135,2,2016-02-26 09:46:00,2016-02-26 09:57:13,1,-73.84707513679712,40.81597999121932,-73.82961469175473,40.80285762783457,N,673
id0001136,2,2016-04-02 17:18:00,2016-04-02 17:40:08,1,-74.0273898833324,40.76077670853227,-74.0815298872037,40.71023584858648,N,1328
id0001137,1,2016-04-15 03:52:00,2016-04-15 04:04:09,1,-74.01568846047005,40.75967525263897,-73.94844522099642,40.776372131068605,N,729
id0001138,1,2016-04-25 12:38:00,2016-04-25 12:43:53,1,-73.80383802403975,40.75400415985294,-73.81563977529562,40.75842744425656,N,353
id0001139,2,2016-06-06 06:53:00,2016-06-06 07:07:27,1,-73.96184426836467,40.75817083132297,-73.88060257035414,40.77556343437177,N,867
id0001140,2,2016-01-20 06:02:00,2016-01-20 06:16:13,1,-74.0608989366247,40.83534577513725,-74.04895651861588,40.791089977947344,N,853
id0001141,2,2016-04-05 06:25:00,2016-04-05 06:44:55,1,-73.93865220378125,40.6536175172962,-73.91584584293,40.71629538039758,N,1195
id0001142,1,2016-02-09 09:42:00,2016-02-09 09:51:36,1,-74.03505213890607,40.66793044150026,-74.05576583621138,40.69279802597849,N,576
id0001143,1,2016-05-17 03:32:00,2016-05-17 03:47:06,1,-73.93500161707072,40.73355731260248,-73.87168861607054,40.723477421417506,N,906
id0001144,2,2016-04-18 13:31:00,2016-04-18 13:46:14,1,-73.99660292536538,40.758653754687195,-73.96922340057216,40.725912894578435,N,914
id0001145,1,2016-05-16 07:44:00,2016-05-16 08:24:14,1,-74.00918877172192,40.78905469911438,-73.94425864555876,40.82675506847951,N,2414
id0001146,2,2016-06-13 18:28:00,2016-06-13 18:45:11,1,-73.89649592671448,40.77928892391124,-73.88850657277986,40.740726981539005,N,1031
id0001147,1,2016-05-23 18:48:00,2016-05-23 19:15:09,2,-73.95384792560374,40.740708933920374,-73.95596466527024,40.819856702788094,N,1629
id0001148,1,2016-06-04 10:53:00,2016-06-04 11:05:15,1,-73.93148558094029,40.80385696619588,-73.90470472360984,40.7823947932994,N,735
id0001149,2,2016-05-27 14:39:00,2016-05-27 15:05:22,1,-73.96107941762641,40.80435879314187,-73.8961650947173,40.86457647565307,N,1582
id0001150,1,2016-04-23 19:45:00,2016-04-23 20:00:56,1,-74.00944444880862,40.76628260240722,-73.96369140498285,40.759826019929676,N,956
id0001151,1,2016-03-12 10:16:00,2016-03-12 10:35:27,1,-73.9513755068858,40.80131959076191,-73.94515543556385,40.85664572557062,N,1167
id0001152,2,2016-03-02 04:43:00,2016-03-02 05:02:12,1,-73.91849315340235,40.77026903685445,-74.0020679862456,40.74454863911552,N,1152
id0001153,1,2016-03-07 04:00:00,2016-03-07 04:10:28,1,-73.97758940760653,40.73273326379477,-73.94112203583482,40.733392537043905,N,628
id0001154,2,2016-04-20 13:05:00,2016-04-20 13:19:07,1,-73.88590965676094,40.789401757755,-73.95065137264638,40.81756798431097,N,847
id0001155,2,2016-05-26 05:40:00,2016-05-26 05:46:03,1,-73.9382232038239,40.762977590516044,-73.93664794479704,40.7861502903004,N,363
id0001156,1,2016-03-07 19:31:00,2016-03-07 19:51:15,1,-73.97334095976257,40.75806029310395,-73.97855043819425,40.79658695728198,N,1215
id0001157,1,2016-04-15 12:10:00,2016-04-15 12:25:20,5,-73.97116824079401,40.824282910748536,-74.03496782253197,40.80722138673048,N,920
id0001158,2,2016-03-16 07:38:00,2016-03-16 07:44:07,1,-73.97745195790678,40.6477107542157,-73.96068931886246,40.65067904726544,N,367
id0001159,1,2016-04-20 14:29:00,2016-04-20 14:51:51,1,-74.05381813320773,40.694204212342825,-73.9568738348984,40.73789781250276,N,1371
id0001160,1,2016-05-29 00:20:00,2016-05-29 00:28:46,1,-73.98995397076948,40.704581830813154,-74.00402121967258,40.67989788825299,N,526
id0001161,2,2016-03-15 23:15:00,2016-03-15 23:25:53,1,-73.97283474330624,40.74165327085941,-73.93837015849765,40.76169220799855,N,653
id0001162,1,2016-03-13 05:42:00,2016-03-13 06:02:10,2,-74.00788468166967,40.74654263236053,-73.90187863892628,40.738872023968305,N,1210
id0001163,2,2016-02-06 16:39:00,2016-02-06 16:55:13,1,-73.96642776397124,40.69017034585021,-73.92761016911584,40.6973759395806,N,973
id0001164,1,2016-03-31 18:03:00,2016-03-31 18:16:54,1,-73.98382808803046,40.71366788854601,-74.01284603687506,40.716627146120516,N,834
id0001165,2,2016-03-24 03:52:00,2016-03-24 04:00:39,1,-73.94244694598957,40.71926212446644,-73.93178128016405,40.69167221418896,N,519
id0001166,2,2016-01-30 03:28:00,2016-01-30 03:36:20,4,-73.94852881904139,40.868584084143414,-73.92689371080147,40.859459822419126,N,500
id0001167,1,2016-06-25 11:24:00,2016-06-25 11:43:56,1,-73.97580656918284,40.83907838764863,-73.9112849781855,40.84415101647131,N,1196
id0001168,1,2016-06-05 10:54:00,2016-06-05 11:06:14,1,-74.06019670902161,40.73947127620419,-74.00556444369289,40.735875936249265,N,734
id0001169,2,2016-02-22 22:30:00,2016-02-22 23:02:43,1,-73.88651024937253,40.74163875193619,-74.01115501220434,40.79668451017899,N,1963
id0001170,2,2016-06-20 21:07:00,2016-06-20 21:17:17,1,-73.99280400492141,40.70628582012653,-74.03133320977024,40.7416342646151,N,617
id0001171,2,2016-02-19 12:07:00,2016-02-19 12:12:13,1,-73.98944875495323,40.67213413140487,-73.99259995747084,40.68228344885214,Y,313
id0001172,2,2016-03-17 05:35:00,2016-03-17 05:50:46,1,-74.00383864667846,40.75274039161162,-74.04952656449265,40.72603027521644,N,946
id0001173,1,2016-01-24 19:15:00,2016-01-24 20:14:24,5,-74.01186264108361,40.71309666075402,-74.15,40.68425585253759,N,3564
id0001174,1,2016-04-21 09:30:00,2016-04-21 10:16:26,1,-73.90007680735997,40.75418172607521,-73.93272963930875,40.823265112310025,N,2786
id0001175,2,2016-03-28 13:47:00,2016-03-28 13:57:16,1,-73.90876756237877,40.685990736793045,-73.90893003971571,40.65064474653052,N,616
id0001176,2,2016-02-18 15:43:00,2016-02-18 15:51:21,6,-73.96055836280323,40.723711149376044,-73.98419617352974,40.72769623601131,N,501
id0001177,1,2016-02-22 12:18:00,2016-02-22 12:30:48,1,-73.9909125084937,40.76468821928863,-74.03577495497213,40.77732142429083,N,768
id0001178,1,2016-06-19 05:10:00,2016-06-19 05:13:44,1,-73.95094851082425,40.77447943190028,-73.94908260270893,40.763583104098366,N,224
id0001179,1,2016-05-05 01:21:00,2016-05-05 01:34:04,1,-73.98094116600268,40.776786238143394,-73.96550219811634,40.74170910638318,N,784
id0001180,1,2016-01-28 20:10:00,2016-01-28 20:22:14,3,-73.99546226050776,40.69857799571294,-74.01654913063621,40.67110661334771,N,734
id0001181,2,2016-01-25 14:13:00,2016-01-25 14:30:44,1,-73.96640417431715,40.796460857856104,-73.90467570230584,40.777333182775465,N,1064
id0001182,1,2016-01-13 17:52:00,2016-01-13 18:03:43,1,-74.009263676082,40.721990473652916,-74.00666652736743,40.697158223234496,N,703
id0001183,1,2016-02-15 00:15:00,2016-02-15 00:29:33,1,-73.97112546547982,40.78647860615733,-74.01034358061338,40.83294881991866,N,873
id0001184,1,2016-05-14 08:05:00,2016-05-14 08:20:42,1,-73.9737678490908,40.757521259552185,-74.02437202859655,40.75720184978064,N,942
id0001185,2,2016-01-12 06:09:00,2016-01-12 06:15:38,4,-73.95183851883081,40.69606256254149,-73.96142215997745,40.67772952400133,N,398
id0001186,1,2016-02-15 08:46:00,2016-02-15 09:13:23,1,-74.01905253266116,40.74377110329385,-73.96894860325197,40.7475146348292,N,1643
id0001187,1,2016-01-08 13:08:00,2016-01-08 13:16:19,1,-73.94594250059178,40.77444136839287,-73.98300849250323,40.79781982507819,N,499
id0001188,2,2016-04-28 05:02:00,2016-04-28 05:10:34,1,-74.03484713211228,40.78558344212136,-74.00803255533242,40.773521752409344,N,514
id0001189,1,2016-05-28 04:10:00,2016-05-28 04:21:57,1,-74.01649116583917,40.751655544615005,-74.01223610488853,40.78322488994616,N,717
id0001190,1,2016-04-06 07:05:00,2016-04-06 07:42:10,2,-74.01409087825301,40.82693005007705,-73.92439539462531,40.782439912974574,N,2230
id0001191,1,2016-06-13 20:52:00,2016-06-13 21:09:11,1,-74.04396284748056,40.803337984694394,-74.02640153161583,40.84433361181847,N,1031
id0001192,1,2016-05-05 07:15:00,2016-05-05 07:25:56,1,-73.92913857441378,40.746450564762014,-73.96055875518795,40.746137232869984,N,656
id0001193,1,2016-05-19 00:39:00,2016-05-19 00:47:09,1,-74.03829788619043,40.79175548154617,-74.00516125739603,40.79007504923486,N,489
id0001194,2,2016-02-27 02:06:00,2016-02-27 02:19:03,3,-74.02344039855737,40.84502070683347,-73.98878940896705,40.8207652054772,N,783
id0001195,2,2016-06-06 11:02:00,2016-06-06 11:19:56,1,-73.91595257592323,40.84622180703524,-73.93381807147654,40.80324705246727,N,1076
id0001196,2,2016-04-24 20:40:00,2016-04-24 21:06:21,1,-74.01638204860195,40.70274000536299,-74.0687618552968,40.64440648760945,N,1581
id0001197,2,2016-01-16 18:15:00,2016-01-16 18:29:52,1,-73.9953478476826,40.71630600999793,-73.9712262640774,40.68960882658469,N,892
id0001198,1,2016-01-16 00:58:00,2016-01-16 01:04:08,2,-74.04066159505041,40.82482134540302,-74.03780341209598,40.845389908124105,N,368
id0001199,2,2016-06-12 11:03:00,2016-06-12 11:18:49,4,-73.93918768358076,40.71037735271231,-74.00743243770894,40.67673260793164,N,949
id0001200,1,2016-02-20 02:03:00,2016-02-20 02:19:10,1,-73.93842950656949,40.698485649001874,-73.92697606161491,40.644289962501524,N,970
id0001201,1,2016-03-25 19:39:00,2016-03-25 19:58:24,1,-73.9443579752732,40.736121264118545,-73.97302265568416,40.704303978239224,N,1164
id0001202,2,2016-05-18 09:28:00,2016-05-18 09:46:30,1,-73.95543585944934,40.776910201926356,-74.02363795133314,40.763441035813706,N,1110
id0001203,1,2016-05-19 21:26:00,2016-05-19 21:31:55,1,-73.98095259889392,40.7533921482025,-73.9967978343464,40.74129960540932,N,355
id0001204,2,2016-01-05 22:13:00,2016-01-05 22:25:45,1,-74.01384071668159,40.728724637081754,-73.95610937364228,40.724213385293254,N,765
id0001205,1,2016-04-22 01:37:00,2016-04-22 01:51:03,1,-74.02982331186664,40.7276604392224,-73.97546054436268,40.76380166133421,N,843
id0001206,1,2016-06-15 04:37:00,2016-06-15 04:51:43,1,-73.9140551960281,40.72594483210143,-73.87145135143777,40.769668737434635,N,883
id0001207,1,2016-03-04 16:13:00,2016-03-04 16:36:13,1,-73.94293576505504,40.71842206671035,-73.93082028500089,40.78861325439898,N,1393
id0001208,1,2016-04-08 18:33:00,2016-04-08 18:52:00,1,-74.02313173249603,40.86067347947743,-73.99632085834504,40.80380172339298,N,1140
id0001209,1,2016-02-18 04:38:00,2016-02-18 04:48:36,1,-73.98280925274773,40.77138799820335,-73.97837024658122,40.74143206099158,Y,636
id0001210,2,2016-05-11 06:12:00,2016-05-11 06:26:10,4,-74.00150633011418,40.797904157448215,-74.05123361729383,40.822351137945304,N,850
id0001211,1,2016-01-22 11:59:00,2016-01-22 12:09:57,1,-74.04705158881382,40.73599151393465,-74.08779917426217,40.72010042139127,N,657
id0001212,1,2016-04-04 12:54:00,2016-04-04 13:06:53,2,-73.97522917428583,40.74963194952663,-74.00255231593593,40.77975947597135,N,773
id0001213,1,2016-03-16 02:27:00,2016-03-16 02:39:31,2,-74.00785209653316,40.72589007083834,-73.94479093808452,40.73313904089236,N,751
id0001214,2,2016-04-26 16:36:00,2016-04-26 17:08:51,3,-74.03738951664626,40.63867312492864,-73.98893843374584,40.693945272279926,N,1971
id0001215,2,2016-03-30 22:14:00,2016-03-30 22:29:55,2,-74.0663522904778,40.69598958254185,-74.11494678082751,40.73248464652949,N,955
id0001216,2,2016-06-27 15:55:00,2016-06-27 16:06:21,2,-74.07100919251131,40.67652215940088,-74.06860659231758,40.713657741330444,N,681
id0001217,1,2016-06-27 22:14:00,2016-06-27 22:24:00,1,-74.0054284370232,40.65675972999218,-74.02354575844707,40.6423442236879,N,600
id0001218,1,2016-02-21 17:09:00,2016-02-21 17:13:51,1,-73.98968022337337,40.70420884615659,-73.9966597476419,40.7007977165477,N,291
id0001219,1,2016-01-07 18:53:00,2016-01-07 19:02:58,3,-74.03314154455893,40.81762300557217,-74.05726347141179,40.80693913455732,N,598
id0001220,2,2016-03-30 16:11:00,2016-03-30 16:45:14,1,-73.94920933147885,40.75600037245331,-73.88595320845258,40.70329414742556,N,2054
id0001221,1,2016-04-17 09:46:00,2016-04-17 10:06:43,1,-73.98860505979806,40.81607536930446,-73.98945585395738,40.8675872932468,N,1243
id0001222,2,2016-05-16 19:24:00,2016-05-16 19:41:53,1,-73.95327130791708,40.77649421596054,-73.94354425171002,40.802582771770055,N,1073
id0001223,2,2016-04-05 13:10:00,2016-04-05 13:15:40,1,-73.99506009346032,40.793215147157184,-73.98496847418433,40.781139197814355,N,340
id0001224,1,2016-04-16 17:23:00,2016-04-16 17:51:51,1,-74.02829146993639,40.7174596352113,-74.07454112780964,40.763120372972395,N,1731
id0001225,2,2016-01-05 04:00:00,2016-01-05 04:06:15,1,-73.97872353358737,40.78157779293867,-73.97383861718454,40.75951492530252,N,375
id0001226,2,2016-05-18 19:09:00,2016-05-18 19:45:30,1,-74.054447098161,40.79079214053335,-74.0066428411806,40.726457434137416,N,2190
id0001227,1,2016-03-01 00:18:00,2016-03-01 00:34:04,1,-73.95533088136499,40.73205087184949,-73.88905978701835,40.76730881320076,N,964
id0001228,2,2016-03-10 23:05:00,2016-03-10 23:19:13,1,-74.03654320635822,40.78317931667773,-74.08819487990559,40.73842970851867,N,853
id0001229,2,2016-03-17 23:20:00,2016-03-17 23:34:56,2,-73.93449721104066,40.78347844913587,-74.00283426672316,40.77662630783903,N,896
id0001230,2,2016-01-14 00:48:00,2016-01-14 00:51:41,4,-74.00361506604331,40.73327013204915,-74.00081900994144,40.74048443847658,N,221
id0001231,2,2016-03-30 22:58:00,2016-03-30 23:08:33,1,-73.92656065660296,40.70747542054781,-73.87664721569489,40.72096670761366,N,633
id0001232,2,2016-03-10 09:01:00,2016-03-10 09:19:37,1,-74.04674427537236,40.70471422506458,-74.03056243492959,40.734408262031714,N,1117
id0001233,1,2016-02-12 11:44:00,2016-02-12 11:56:32,2,-74.02227733354009,40.76189274938647,-73.9916640101165,40.78222254930583,N,752
id0001234,2,2016-02-14 17:55:00,2016-02-14 18:18:38,1,-73.96404857792332,40.772715444095525,-74.02525978386412,40.7919616825252,N,1418
id0001235,1,2016-01-07 04:56:00,2016-01-07 05:04:08,1,-73.92062265986152,40.72233633762939,-73.94636209665367,40.69466002525741,N,488
id0001236,1,2016-06-10 13:27:00,2016-06-10 13:49:58,1,-73.89333651004267,40.75919634035968,-73.99216156380335,40.76949486486405,N,1378
id0001237,2,2016-02-23 11:30:00,2016-02-23 11:43:12,3,-73.98272486099755,40.783674166626234,-73.98913682321361,40.73097991767448,N,792
id0001238,1,2016-06-08 04:06:00,2016-06-08 04:32:01,1,-73.88392399030673,40.78581858215994,-73.98131386514467,40.84049340160579,N,1561
id0001239,1,2016-06-01 05:13:00,2016-06-01 05:30:05,1,-74.0009315502404,40.82783460540551,-73.94096177365758,40.778744836571875,N,1025
id0001240,2,2016-03-24 06:06:00,2016-03-24 06:17:33,1,-73.92456778077003,40.81546413744891,-73.85460081471413,40.80333874309244,N,693
id0001241,1,2016-05-27 00:43:00,2016-05-27 00:54:42,5,-74.03681995483277,40.71294188552596,-74.03049099768998,40.66678128716002,N,702
id0001242,2,2016-02-08 11:04:00,2016-02-08 11:23:47,2,-73.96188897212252,40.83376137942921,-74.02995476196803,40.80820555942392,N,1187
id0001243,2,2016-02-02 21:31:00,2016-02-02 21:38:29,1,-74.1,40.734106057294994,-74.0830929305739,40.73457605183511,N,449
id0001244,1,2016-06-12 14:57:00,2016-06-12 15:14:57,6,-74.04668750564092,40.80501927656045,-73.96302654051017,40.78651274311239,N,1077
id0001245,1,2016-04-27 15:02:00,2016-04-27 15:15:01,1,-73.95933277610555,40.7610593981723,-73.93792467861964,40.8011080172074,N,781
id0001246,1,2016-05-05 10:19:00,2016-05-05 10:29:42,2,-74.05718413687103,40.73945327796944,-74.00385985729893,40.74739481352814,N,642
id0001247,2,2016-06-17 02:29:00,2016-06-17 02:35:16,2,-73.96151777140659,40.67665364131013,-73.98335021043292,40.66045180078713,N,376
id0001248,2,2016-01-03 12:56:00,2016-01-03 13:05:08,2,-73.93514480335531,40.75027959704027,-73.97434925550782,40.74560422949118,N,548
id0001249,2,2016-02-01 07:45:00,2016-02-01 08:06:34,1,-74.0125726105995,40.68782775441125,-74.01576140101183,40.73051727040821,N,1294
id0001250,2,2016-06-24 00:34:00,2016-06-24 00:52:27,1,-74.03829241256209,40.801528465612925,-74.12499415353442,40.83333894652788,N,1107
id0001251,2,2016-01-24 10:03:00,2016-01-24 10:29:49,1,-74.011080263872,40.82625566957127,-73.90919627861288,40.78639868828073,N,1609
id0001252,2,2016-03-22 15:11:00,2016-03-22 15:22:44,1,-74.03811967755513,40.72213900548165,-74.03183542546351,40.69831619548677,N,704
id0001253,2,2016-01-05 00:44:00,2016-01-05 00:55:02,3,-73.99056674569087,40.77158868341337,-73.95156196274435,40.78820632706732,N,662
id0001254,1,2016-02-29 06:59:00,2016-02-29 07:06:28,1,-73.97938501563115,40.725357381509646,-74.00015289940899,40.73772521202059,N,448
id0001255,2,2016-02-01 09:05:00,2016-02-01 09:29:16,1,-74.00183055677033,40.729718187143845,-74.07126944341395,40.69295483319489,N,1456
id0001256,2,2016-02-16 13:19:00,2016-02-16 13:35:45,1,-73.89291024178972,40.79285226167394,-73.82874857440908,40.81907169229967,N,1005
id0001257,1,2016-05-28 03:20:00,2016-05-28 03:34:01,1,-74.02456721008278,40.75626577821705,-74.07515172274023,40.725085183310526,N,841
id0001258,1,2016-02-20 04:34:00,2016-02-20 04:46:21,1,-73.90847117514096,40.8362841618869,-73.89277343078034,40.88191809897187,N,741
id0001259,2,2016-05-28 03:30:00,2016-05-28 03:37:23,1,-74.04226815799717,40.73629953845837,-74.02232934148779,40.75483025892711,N,443
id0001260,2,2016-06-11 20:47:00,2016-06-11 20:59:56,1,-73.98099723365321,40.802970134961356,-73.97766942498767,40.76335277918876,N,776
id0001261,1,2016-04-08 08:41:00,2016-04-08 08:58:03,1,-73.91992920252986,40.7623836035831,-73.95523549315806,40.74386591903188,N,1023
id0001262,1,2016-04-08 00:28:00,2016-04-08 00:34:11,1,-73.92277535662606,40.79381001043849,-73.92950880729224,40.77468388892999,N,371
id0001263,1,2016-03-01 17:00:00,2016-03-01 17:13:46,5,-74.00811418437351,40.737877905420156,-74.05086647154542,40.74347359066574,N,826
id0001264,1,2016-05-01 08:06:00,2016-05-01 08:20:12,1,-73.95447116539607,40.75576985231018,-73.91805816923092,40.74863066087974,N,852
id0001265,2,2016-05-26 20:01:00,2016-05-26 20:13:59,1,-73.96183515039847,40.752802550431554,-73.93611553866106,40.71271043846319,N,779
id0001266,2,2016-06-06 02:18:00,2016-06-06 02:36:10,4,-74.0146966548226,40.72037742983194,-74.015659764312,40.671578359714154,N,1090
id0001267,2,2016-02-05 11:49:00,2016-02-05 11:57:39,1,-73.95112275345686,40.78779366905618,-73.97669856968314,40.807009485760105,N,519
id0001268,2,2016-05-04 21:17:00,2016-05-04 21:40:28,1,-73.88256293053712,40.78726120525103,-73.78773362504693,40.79727949551077,N,1408
id0001269,2,2016-01-26 10:52:00,2016-01-26 11:05:09,1,-73.95905646342156,40.78470996127076,-74.01764934279846,40.788403775772935,N,789
id0001270,2,2016-03-30 05:22:00,2016-03-30 05:38:09,1,-73.95385039915111,40.8271634544263,-74.02335798850984,40.83663906948991,N,969
id0001271,1,2016-01-17 05:40:00,2016-01-17 05:47:21,1,-73.94803147619896,40.823220516055635,-73.95172174532722,40.80155834589226,N,441
id0001272,1,2016-04-10 02:24:00,2016-04-10 02:32:05,3,-74.06535371340453,40.74112748895679,-74.07696584310023,40.747567221478924,N,485
id0001273,1,2016-06-03 22:35:00,2016-06-03 22:55:53,1,-73.95968764297365,40.77478735432954,-73.9102964325097,40.86363504910399,N,1253
id0001274,2,2016-05-28 16:44:00,2016-05-28 17:04:32,1,-74.04092177661612,40.729937968983386,-74.01184653614352,40.77104781820954,N,1232
id0001275,2,2016-05-10 02:26:00,2016-05-10 02:29:41,2,-74.01744378173838,40.75905098922516,-74.01611513032418,40.74895669344156,N,221
id0001276,1,2016-04-15 02:39:00,2016-04-15 02:49:59,1,-73.86609320203463,40.73101127478965,-73.84357800180776,40.71269326364111,N,659
id0001277,1,2016-04-23 16:11:00,2016-04-23 16:52:51,1,-73.99892938853124,40.830903163911124,-73.97723192986,40.73078778499892,N,2511
id0001278,1,2016-01-19 04:01:00,2016-01-19 04:17:50,2,-74.02570957573619,40.77436641676544,-73.931049523328,40.8117707121199,N,1010
id0001279,1,2016-05-12 09:34:00,2016-05-12 09:47:08,1,-73.92160795816042,40.748188689235306,-73.91020660558813,40.77571987661742,N,788
id0001280,2,2016-05-04 00:48:00,2016-05-04 00:59:15,1,-74.03712223515633,40.81171283573354,-74.06777070612691,40.79267885680886,N,675
id0001281,1,2016-01-27 02:42:00,2016-01-27 02:55:13,1,-74.00960805293043,40.66032230655921,-74.00067550343816,40.61021253765851,N,793
id0001282,2,2016-04-25 02:12:00,2016-04-25 02:38:33,2,-73.91630213076076,40.667365383231065,-74.03414270435792,40.626931022719425,N,1593
id0001283,2,2016-03-11 00:45:00,2016-03-11 00:50:32,3,-73.98264778390806,40.79381273948489,-73.98411692327198,40.80936666467167,N,332
id0001284,2,2016-04-02 16:26:00,2016-04-02 16:40:40,2,-74.07088783748196,40.76072108016528,-74.02170362628219,40.757594154487094,N,880
id0001285,2,2016-05-28 04:03:00,2016-05-28 04:12:35,1,-73.95508057121225,40.769270083511735,-73.92798228586308,40.793475804127986,N,575
id0001286,1,2016-02-28 14:56:00,2016-02-28 15:00:16,1,-74.00680562351256,40.698312175350665,-73.9933706015485,40.70133768519355,N,256
id0001287,2,2016-06-15 20:25:00,2016-06-15 20:36:03,1,-73.90030816824084,40.75695448301174,-73.87109240624017,40.790791042135815,N,663
id0001288,2,2016-03-16 20:46:00,2016-03-16 21:02:41,2,-74.01834028211988,40.848157923468065,-73.96869373760038,40.86109305338179,N,1001
id0001289,2,2016-04-03 09:12:00,2016-04-03 10:05:17,1,-73.92718257144507,40.79508898289082,-73.86304706811666,40.82409682119644,N,3197
id0001290,1,2016-01-06 06:03:00,2016-01-06 06:30:23,1,-73.88733660821988,40.76563679453143,-73.86720109270686,40.692497875149165,N,1643
id0001291,1,2016-01-23 05:09:00,2016-01-23 05:19:49,1,-74.03180187730963,40.73824257404528,-74.04602689186271,40.69504047907787,N,649
id0001292,2,2016-02-21 06:29:00,2016-02-21 06:49:39,1,-73.9956267161417,40.74024422166588,-74.0997352057169,40.727491913219815,N,1239
id0001293,1,2016-06-27 02:09:00,2016-06-27 02:22:55,1,-73.96362560992206,40.662186094986005,-73.91960780570672,40.69997100245752,N,835
id0001294,2,2016-02-17 07:13:00,2016-02-17 07:40:47,5,-74.03215401639048,40.76959381894145,-74.0089699032783,40.835412359353825,N,1667
id0001295,1,2016-03-12 21:29:00,2016-03-12 21:31:59,1,-73.97013377793107,40.79604673988169,-73.96326410099286,40.79029848749815,N,179
id0001296,1,2016-06-04 10:19:00,2016-06-04 10:28:42,1,-73.99737061581283,40.68709713027732,-74.02833293309656,40.66569182804124,N,582
id0001297,1,2016-02-28 01:22:00,2016-02-28 01:49:11,1,-73.99847871643763,40.7282362398462,-73.95504687628731,40.659812340797174,N,1631
id0001298,1,2016-05-27 22:49:00,2016-05-27 23:00:53,1,-73.98230838840105,40.7059140915495,-73.99388402756331,40.736138823292066,N,713
id0001299,2,2016-01-22 20:07:00,2016-01-22 20:14:13,1,-73.98108044064318,40.71455919623361,-73.98262943564025,40.6953025261018,N,433
id0001300,2,2016-01-25 05:42:00,2016-01-25 06:13:30,1,-73.97598655770082,40.76040667320699,-73.97850604421339,40.86394838663452,N,1890
id0001301,1,2016-01-03 07:09:00,2016-01-03 07:24:52,1,-74.01793544900012,40.66420190302552,-73.99769212168268,40.63832276582431,N,952
id0001302,2,2016-01-23 17:26:00,2016-01-23 17:56:29,2,-74.01553444483923,40.78564216972607,-74.06722288533558,40.85932679811619,N,1829
id0001303,2,2016-04-19 20:50:00,2016-04-19 21:01:52,1,-73.99152231738536,40.79192347814702,-73.96620748359953,40.81811633657258,N,712
id0001304,1,2016-01-17 12:36:00,2016-01-17 12:48:41,1,-73.98746167026796,40.74670038353834,-74.01990164632433,40.71071112956209,N,761
id0001305,1,2016-04-21 11:05:00,2016-04-21 11:11:56,1,-74.00913671369706,40.6463681170507,-74.03999788050753,40.65449314965323,N,416
id0001306,1,2016-04-19 00:55:00,2016-04-19 01:08:42,1,-73.96718331968526,40.713161161829895,-73.92734751754516,40.74015948025916,N,822
id0001307,1,2016-02-12 15:09:00,2016-02-12 15:20:29,1,-74.08481189617713,40.813480587034626,-74.12958817692643,40.805596760296545,N,689
id0001308,1,2016-01-07 18:20:00,2016-01-07 18:36:03,1,-74.02517564424,40.63299025736722,-73.98542073619453,40.66231965223655,N,963
id0001309,2,2016-01-30 11:33:00,2016-01-30 11:44:33,1,-74.00039603044115,40.74236144645129,-73.99583452782925,40.770919947028496,Y,693
id0001310,1,2016-01-27 01:05:00,2016-01-27 01:23:21,1,-74.03208633528668,40.70489996496897,-74.10625878898583,40.72577181248977,N,1101
id0001311,2,2016-04-06 02:20:00,2016-04-06 02:34:02,6,-73.89539410918552,40.79420566357132,-73.83399269586143,40.79362909568965,N,842
id0001312,2,2016-06-18 10:31:00,2016-06-18 10:43:53,6,-73.98396259843013,40.72761987215355,-73.97000118070326,40.68649696902783,N,773
id0001313,1,2016-03-20 05:51:00,2016-03-20 05:56:20,2,-73.97527766769757,40.7761779309331,-73.95754200373253,40.77349044279147,N,320
id0001314,1,2016-04-25 08:13:00,2016-04-25 08:27:48,1,-74.0115776889381,40.78344571886261,-73.96625178496178,40.78960798209266,N,888
id0001315,2,2016-02-25 06:21:00,2016-02-25 06:42:37,1,-73.98586784062051,40.84063016278785,-73.91840290711525,40.77496838230153,N,1297
id0001316,2,2016-01-17 16:49:00,2016-01-17 16:54:09,1,-74.05183894053665,40.74886761253461,-74.04279273020693,40.754790848594304,N,309
id0001317,2,2016-02-09 17:14:00,2016-02-09 17:22:10,1,-73.99433993698523,40.77492199663302,-73.9665620074729,40.77153395236466,N,490
id0001318,2,2016-03-28 05:14:00,2016-03-28 05:28:39,1,-74.03653546357276,40.69117250343927,-74.01983209669498,40.645790590961795,N,879
id0001319,1,2016-06-05 09:26:00,2016-06-05 09:37:29,6,-74.00025719716159,40.811568610348225,-74.01568624396316,40.799913386674014,N,689
id0001320,1,2016-02-15 05:38:00,2016-02-15 05:49:41,2,-74.1,40.72377710183679,-74.15,40.712862479697584,N,701
id0001321,1,2016-06-28 01:21:00,2016-06-28 01:40:50,1,-74.04704017646439,40.73276606261605,-74.0373686838047,40.80031937128832,N,1190
id0001322,2,2016-04-26 06:22:00,2016-04-26 06:34:22,1,-73.90448404775171,40.756998849231785,-73.8424318453727,40.764702991347995,N,742
id0001323,2,2016-03-05 17:10:00,2016-03-05 17:30:37,2,-73.93932812379909,40.68767020445971,-73.913078140448,40.72393178825572,N,1237
id0001324,2,2016-04-23 06:38:00,2016-04-23 06:50:36,4,-73.91245283652466,40.76829465130181,-73.96048688011861,40.764171115644636,N,756
id0001325,1,2016-05-07 01:26:00,2016-05-07 01:46:15,1,-73.9086753301681,40.80153598228163,-73.85928686241408,40.7359489041924,N,1215
id0001326,2,2016-05-04 20:05:00,2016-05-04 20:12:13,1,-73.94798569167095,40.77118202205738,-73.96191183500449,40.79471398676614,N,433
id0001327,1,2016-06-06 12:42:00,2016-06-06 13:09:17,1,-74.00990777769586,40.68649960961196,-74.10404894195813,40.66346307407639,N,1637
id0001328,2,2016-04-30 11:18:00,2016-04-30 11:30:34,1,-74.0420488020446,40.75242858175517,-73.99624313036139,40.74068257720559,N,754
id0001329,1,2016-01-05 21:39:00,2016-01-05 21:52:50,1,-73.92192904670027,40.79139130063408,-73.96447117478446,40.75453730691504,N,830
id0001330,2,2016-03-09 15:52:00,2016-03-09 16:10:55,1,-73.9814487614087,40.67349050553154,-73.90131598461839,40.67603738076879,N,1135
id0001331,2,2016-06-14 06:25:00,2016-06-14 06:43:48,1,-73.847828745099,40.709635529378204,-73.7961789420721,40.74691677203499,N,1128
id0001332,2,2016-02-07 16:35:00,2016-02-07 16:51:41,1,-74.0050803886806,40.79744446218367,-74.01533135599544,40.830090295980284,N,1001
id0001333,2,2016-03-31 20:16:00,2016-03-31 20:32:40,2,-73.87649072798708,40.770154294538884,-73.85581953492813,40.825670927311364,N,1000
id0001334,1,2016-04-01 01:02:00,2016-04-01 01:28:07,1,-73.99362354848827,40.776538721195706,-73.8845472130338,40.8370173022241,N,1567
id0001335,1,2016-04-11 07:52:00,2016-04-11 08:30:13,1,-73.91151732715078,40.841677266343055,-73.8665170104481,40.77007166828402,N,2293
id0001336,1,2016-06-07 03:38:00,2016-06-07 03:47:58,1,-73.89168195445221,40.77908487503278,-73.8809629533369,40.73730815540026,N,598
id0001337,2,2016-04-08 06:09:00,2016-04-08 06:32:29,2,-74.04126224604994,40.787604960469494,-73.91125031631066,40.72431825522806,N,1409
id0001338,2,2016-01-01 02:11:00,2016-01-01 02:19:06,1,-74.011674894306,40.87998354872483,-74.00638374881295,40.90210111308846,N,486
id0001339,2,2016-02-14 05:06:00,2016-02-14 05:16:28,1,-74.04181385741342,40.74837879488593,-74.01563219056386,40.72412093245296,N,628
id0001340,1,2016-04-24 20:18:00,2016-04-24 20:28:14,1,-74.0526469468542,40.72209527563717,-74.09477654036186,40.704973964022635,N,614
id0001341,1,2016-05-22 08:49:00,2016-05-22 09:16:20,1,-73.94831132322113,40.77725083792112,-74.0236736721729,40.76966992780366,N,1640
id0001342,1,2016-04-27 16:47:00,2016-04-27 16:56:20,5,-73.9958145603637,40.7777545963225,-74.00876566350138,40.79114457040568,N,560
id0001343,2,2016-05-13 06:51:00,2016-05-13 07:07:35,1,-73.98211985222454,40.734297807362424,-73.98039148842795,40.682311570682195,N,995
id0001344,2,2016-02-13 19:37:00,2016-02-13 19:56:55,1,-73.95440684757646,40.71154213412004,-73.93958998627802,40.66748191292785,N,1195
id0001345,2,2016-01-18 10:25:00,2016-01-18 10:39:10,1,-74.08715627585433,40.86194299899405,-74.15,40.86198836622264,Y,850
id0001346,2,2016-06-21 14:56:00,2016-06-21 15:09:55,1,-73.91422786978237,40.772707956167466,-73.88449752528706,40.814664063932874,N,835
id0001347,2,2016-04-12 10:16:00,2016-04-12 10:26:56,2,-74.0042001789837,40.72504715783691,-74.04156752756566,40.72415824872312,N,656
id0001348,1,2016-05-14 09:36:00,2016-05-14 09:47:36,1,-73.95571792815691,40.79921686360259,-73.92832488198417,40.77150877387922,N,696
id0001349,2,2016-06-23 04:17:00,2016-06-23 04:34:57,3,-73.95086079384242,40.75308846817974,-73.90878910211445,40.677901164367924,N,1077
id0001350,2,2016-02-03 05:19:00,2016-02-03 05:31:52,1,-73.90960618915798,40.7466203349157,-73.92740409821035,40.77996398039281,N,772
id0001351,1,2016-06-07 13:12:00,2016-06-07 13:22:56,1,-73.99076715632806,40.78330227923615,-74.0341390082801,40.75754467150749,N,656
id0001352,2,2016-03-07 15:59:00,2016-03-07 16:15:34,5,-74.1,40.69986529792958,-74.03053578071773,40.659705005878266,N,994
id0001353,1,2016-04-23 21:57:00,2016-04-23 22:25:10,1,-73.98185798126005,40.773868224176276,-73.94257693701658,40.71383184125022,N,1690
id0001354,2,2016-03-11 08:58:00,2016-03-11 09:19:48,2,-73.97396112280111,40.84408296634793,-73.96712218777797,40.793714437957966,N,1308
id0001355,1,2016-02-06 03:53:00,2016-02-06 04:04:29,1,-74.0418843472527,40.77897799479888,-73.9758050978871,40.745335497083,N,689
id0001356,1,2016-06-09 01:24:00,2016-06-09 01:29:25,1,-73.97688801400619,40.74107045532975,-73.9731412364273,40.732710749562955,N,325
id0001357,2,2016-03-04 04:40:00,2016-03-04 04:53:05,5,-74.00485601390994,40.73518026238073,-74.0327788383687,40.69287430271411,N,785
id0001358,1,2016-01-05 12:16:00,2016-01-05 12:24:18,1,-74.05885146721053,40.739534701199474,-74.10392806010731,40.74603448251364,N,498
id0001359,1,2016-01-28 08:45:00,2016-01-28 08:48:37,1,-73.94806833077449,40.74657167948785,-73.9529192918654,40.73794600859072,N,217
id0001360,2,2016-06-23 23:48:00,2016-06-24 00:03:40,1,-74.01600488329937,40.74099870602588,-73.9812774617902,40.81876843614734,N,940
id0001361,2,2016-05-29 14:11:00,2016-05-29 14:35:41,1,-74.00735085681053,40.79923401484836,-73.94481169213068,40.73957850577462,N,1481
id0001362,2,2016-04-30 22:52:00,2016-04-30 22:57:10,1,-74.01044183660079,40.6800055903556,-74.00938387687924,40.68565737041653,N,310
id0001363,2,2016-05-21 17:14:00,2016-05-21 17:41:18,1,-73.91704867713948,40.79679000226855,-73.86245805538238,40.80288017688498,N,1638
id0001364,2,2016-04-28 01:17:00,2016-04-28 01:28:55,6,-73.98725038889754,40.740914106368585,-73.99689251331513,40.70484459723127,N,715
id0001365,1,2016-06-14 16:26:00,2016-06-14 16:39:37,1,-73.98064950986998,40.774962650356294,-74.01582142070949,40.77829648426695,N,817
id0001366,1,2016-01-19 03:18:00,2016-01-19 03:30:38,1,-74.00923498849126,40.707285544040964,-74.06801908401228,40.7342213468652,N,758
id0001367,2,2016-01-12 12:54:00,2016-01-12 13:02:33,1,-73.95954232477598,40.817788398008226,-73.98232312308137,40.821165599897746,N,513
id0001368,2,2016-05-06 11:10:00,2016-05-06 11:27:29,1,-73.91078750733521,40.81405357320774,-73.96787709157044,40.86250977417643,N,1049
id0001369,1,2016-06-24 13:52:00,2016-06-24 14:26:40,1,-73.94936765503824,40.80118157365876,-73.85893963163468,40.724962507025424,N,2080
id0001370,1,2016-04-15 19:15:00,2016-04-15 19:33:14,1,-73.94722231712659,40.68983603508929,-73.92745397794266,40.660357865641195,N,1094
id0001371,1,2016-06-24 21:21:00,2016-06-24 21:37:03,1,-73.95165733867636,40.795310448197974,-73.95596000688874,40.84693740985106,N,963
id0001372,2,2016-03-13 23:12:00,2016-03-13 23:29:18,2,-74.06091334538212,40.77621847894361,-73.98342326607657,40.80813940060785,N,1038
id0001373,2,2016-05-02 17:49:00,2016-05-02 18:07:11,5,-74.03318653574345,40.685762793879036,-74.09178856734717,40.704680703773356,N,1091
id0001374,1,2016-04-02 15:39:00,2016-04-02 15:53:11,3,-73.99627430664795,40.756906617730316,-74.00244573426326,40.8000691569585,N,851
id0001375,1,2016-06-09 11:28:00,2016-06-09 11:58:08,1,-74.02492252233712,40.7744040520065,-73.93493720169253,40.70732452625194,N,1808
id0001376,2,2016-04-27 19:09:00,2016-04-27 19:28:31,2,-74.04354953636158,40.78302338732205,-74.0500313591642,40.81086976051734,N,1171
id0001377,1,2016-03-20 19:05:00,2016-03-20 19:52:09,1,-74.08796966574788,40.765976761512704,-73.97786304571967,40.80322971719738,N,2829
id0001378,2,2016-02-14 12:44:00,2016-02-14 12:53:36,1,-74.05905910672237,40.771105413758136,-74.0237068889475,40.74805090794199,N,576
id0001379,2,2016-02-27 00:56:00,2016-02-27 01:21:07,1,-73.99910890565384,40.82431251265139,-73.94034223976539,40.91633581177758,Y,1507
id0001380,2,2016-01-14 14:38:00,2016-01-14 14:51:33,1,-73.98881845017503,40.81317152594598,-73.92874818311957,40.82004373968815,N,813
id0001381,2,2016-01-29 02:16:00,2016-01-29 02:30:08,1,-74.02861795768717,40.62898252707978,-74.02854584697602,40.58,N,848
id0001382,2,2016-04-02 14:48:00,2016-04-02 14:55:59,1,-73.98065911330242,40.74371526503231,-74.00262863820922,40.75705978495999,N,479
id0001383,2,2016-01-06 17:56:00,2016-01-06 18:12:40,1,-74.00886085024996,40.75059070376052,-74.01405566464457,40.7253956027109,N,1000
id0001384,2,2016-03-26 18:44:00,2016-03-26 19:08:06,5,-73.92501845269443,40.67915556422729,-73.96943041534354,40.71993039881482,N,1446
id0001385,1,2016-01-08 15:26:00,2016-01-08 15:34:11,1,-73.99388941702136,40.76223823762046,-73.99685774676671,40.78141627878915,N,491
id0001386,2,2016-01-30 11:33:00,2016-01-30 11:41:00,1,-73.9467018015229,40.814194099758474,-73.94690007373893,40.793266827228805,N,480
id0001387,1,2016-05-05 20:45:00,2016-05-05 21:15:53,1,-73.9738232430738,40.70910444631843,-73.89780766828443,40.76169026345763,N,1853
id0001388,1,2016-01-06 05:58:00,2016-01-06 06:10:43,1,-74.06211390715842,40.773138042241044,-74.03541650017569,40.80601883795032,N,763
id0001389,1,2016-03-02 06:09:00,2016-03-02 06:28:29,6,-73.98998619966554,40.716787943521666,-73.88366840956513,40.687810743952795,N,1169
id0001390,1,2016-02-04 15:40:00,2016-02-04 16:01:22,1,-74.05295932546308,40.72776395893442,-74.15,40.72244238111479,N,1282
id0001391,1,2016-01-10 20:08:00,2016-01-10 20:22:09,1,-73.99094664610193,40.824482713537655,-74.04571361260328,40.8425748012144,N,849
id0001392,1,2016-02-07 21:25:00,2016-02-07 21:32:29,1,-74.02598219494769,40.73358489809497,-74.04197273469264,40.720835683897924,N,449
id0001393,2,2016-01-21 10:05:00,2016-01-21 10:22:23,1,-73.96399203315833,40.77879956200548,-73.89682978227769,40.76709558287083,N,1043
id0001394,1,2016-01-15 15:53:00,2016-01-15 15:56:26,1,-74.05882948856065,40.673795184777255,-74.0637604625734,40.67508056076651,N,206
id0001395,1,2016-05-01 01:57:00,2016-05-01 02:09:39,6,-73.98419139960963,40.84180429026277,-74.05024360721393,40.80450133982146,N,759
id0001396,1,2016-01-23 17:43:00,2016-01-23 18:17:27,2,-73.95351714295903,40.7851193600838,-73.96454774258574,40.70697257323361,N,2067
id0001397,2,2016-06-19 20:09:00,2016-06-19 20:22:58,1,-73.935082243688,40.74978750708074,-73.98897416528698,40.75815722726236,N,838
id0001398,2,2016-03-29 13:33:00,2016-03-29 14:01:46,1,-74.02702922668364,40.78389959295,-74.08974238625038,40.714288094724665,N,1726
id0001399,1,2016-03-15 06:02:00,2016-03-15 06:26:06,3,-73.98402369652861,40.69455812569735,-73.89407644473418,40.65980177108728,N,1446
id0001400,1,2016-06-08 09:25:00,2016-06-08 10:13:43,1,-73.97487191648986,40.81121388337887,-73.99069431549049,40.74920850081567,N,2923
id0001401,2,2016-05-21 12:48:00,2016-05-21 13:02:17,2,-73.89990805462514,40.74342068510266,-73.89211617579903,40.68572512943102,N,857
id0001402,2,2016-03-17 12:33:00,2016-03-17 12:40:06,1,-74.06647315334126,40.748816871822825,-74.07065618896382,40.763739302917,N,426
id0001403,1,2016-06-26 04:36:00,2016-06-26 04:40:15,2,-74.03511063997891,40.73587549732655,-74.04642794308629,40.72809471154945,N,255
id0001404,2,2016-04-06 14:00:00,2016-04-06 14:14:15,1,-73.83075456289951,40.73187068687645,-73.86858430935246,40.72282667093506,N,855
id0001405,1,2016-05-08 21:51:00,2016-05-08 22:08:51,2,-74.00002035061758,40.78926017752328,-74.0139989078053,40.74320361509644,N,1071
id0001406,1,2016-06-25 11:23:00,2016-06-25 11:32:08,2,-74.08900465954468,40.769515808254695,-74.0738290630111,40.74656109014535,N,548
id0001407,1,2016-05-11 14:05:00,2016-05-11 14:22:41,1,-74.01704025788415,40.78732866636314,-73.95320166884127,40.8005045969355,N,1061
id0001408,1,2016-04-17 13:06:00,2016-04-17 13:14:26,1,-74.1,40.75760423897315,-74.05736539635507,40.75578118468742,N,506
id0001409,2,2016-04-22 02:15:00,2016-04-22 02:28:13,1,-73.97174936081491,40.78109399149847,-74.02660737120038,40.80988758363494,N,793
id0001410,1,2016-04-29 01:01:00,2016-04-29 01:16:10,2,-73.9404618381847,40.739151806523374,-73.89597787936405,40.77293002694778,N,910
id0001411,2,2016-06-26 22:29:00,2016-06-26 22:37:07,1,-74.03514143068928,40.858337932863435,-74.01374672017054,40.8495102378244,N,487
id0001412,1,2016-05-07 14:20:00,2016-05-07 14:41:36,6,-74.01088981572383,40.68744313126063,-74.03900226075143,40.62261440625341,N,1296
id0001413,2,2016-02-24 13:33:00,2016-02-24 13:40:10,1,-73.9341990214547,40.814742179560334,-73.92600465212631,40.788259608093014,N,430
id0001414,1,2016-01-05 00:01:00,2016-01-05 00:08:57,1,-74.08126185056653,40.81955583528244,-74.05550892730228,40.8161367104519,N,477
id0001415,1,2016-05-22 12:05:00,2016-05-22 12:16:24,2,-74.05768641667098,40.71965285373155,-74.05556903401894,40.69247580691141,N,684
id0001416,2,2016-03-29 20:14:00,2016-03-29 20:26:30,2,-73.99754633499435,40.85831731247502,-73.9759353849573,40.82140546507834,N,750
id0001417,2,2016-03-16 13:03:00,2016-03-16 13:10:18,1,-74.02637841606068,40.802797062732544,-74.06521121182224,40.805238392680366,N,438
id0001418,2,2016-06-19 04:39:00,2016-06-19 05:01:53,2,-74.00116267936104,40.80170125530703,-73.91148523736994,40.88676186390269,N,1373
id0001419,2,2016-01-29 06:52:00,2016-01-29 07:16:42,1,-74.05450626756736,40.75926099841617,-74.14132408037138,40.74217441624489,N,1482
id0001420,1,2016-01-07 19:55:00,2016-01-07 20:07:09,1,-73.97321275827431,40.74822482288016,-73.94720945322454,40.748126618042946,N,729
id0001421,1,2016-05-14 13:34:00,2016-05-14 13:47:39,1,-73.9932078196849,40.74857660278322,-73.97670346384943,40.70265534708013,N,819
id0001422,2,2016-06-17 04:46:00,2016-06-17 04:56:59,1,-73.95479452281718,40.77557387683438,-73.92586207011185,40.819092913760834,N,659
id0001423,2,2016-05-30 22:49:00,2016-05-30 23:04:21,1,-73.97397802747358,40.821053382376526,-74.00585469329775,40.851669388893825,N,921
id0001424,2,2016-06-07 12:46:00,2016-06-07 12:59:58,1,-73.97363204601272,40.76615913980377,-73.92101817973774,40.794359834685075,N,838
id0001425,2,2016-06-06 04:12:00,2016-06-06 04:30:10,3,-74.06454690449915,40.716985036958825,-74.06940603517468,40.76457789035449,N,1090
id0001426,1,2016-05-04 18:33:00,2016-05-04 18:52:27,1,-73.95790746465953,40.795099217807326,-74.01128713691767,40.78014227039301,N,1167
id0001427,2,2016-06-16 18:45:00,2016-06-16 19:01:21,1,-74.00319765209925,40.79945178358777,-74.05246411957167,40.78886715989317,N,981
id0001428,1,2016-03-03 02:42:00,2016-03-03 02:59:19,1,-73.99416290692074,40.78745967878015,-73.98855117882304,40.847305427396186,N,1039
id0001429,2,2016-05-15 13:46:00,2016-05-15 14:04:16,1,-73.92734545929851,40.79154745079363,-73.99918892785428,40.81369293439669,N,1096
id0001430,2,2016-01-17 18:13:00,2016-01-17 19:16:24,1,-74.02456895560843,40.7458082341429,-73.94354618635352,40.66813547039585,N,3804
id0001431,1,2016-04-06 00:38:00,2016-04-06 00:50:00,5,-73.91068486193475,40.716195487479126,-73.86348340431033,40.732114221626425,N,720
id0001432,1,2016-02-22 21:33:00,2016-02-22 21:50:31,5,-73.90555385853447,40.71893129562117,-73.82334586409618,40.69857186349423,N,1051
id0001433,1,2016-06-19 20:13:00,2016-06-19 20:35:22,1,-73.94359685594496,40.6844041538194,-73.86613279893506,40.71584016768239,N,1342
id0001434,1,2016-03-20 09:06:00,2016-03-20 09:12:49,1,-74.0389341445922,40.76866268751957,-74.05476993550828,40.78294935394928,N,409
id0001435,1,2016-02-08 03:22:00,2016-02-08 03:41:37,1,-74.1,40.754244804754805,-74.13911982581925,40.69332580801401,N,1177
id0001436,2,2016-04-13 14:55:00,2016-04-13 15:22:33,1,-73.9256640797157,40.73820055329617,-74.0461638504131,40.747609609263506,N,1653
id0001437,1,2016-01-15 01:41:00,2016-01-15 01:45:38,1,-73.97887382162679,40.62499715290448,-73.99715435724697,40.63236912335828,N,278
id0001438,2,2016-01-24 01:46:00,2016-01-24 02:00:58,5,-74.02598586089518,40.70187071386376,-73.94653148238255,40.71459190089003,N,898
id0001439,1,2016-03-19 13:20:00,2016-03-19 13:29:07,1,-73.92045407109345,40.80843782931314,-73.95770735068082,40.82858133913011,N,547
id0001440,2,2016-04-24 19:46:00,2016-04-24 20:11:04,1,-74.03238573844828,40.72809182999716,-74.04183218321715,40.78045063859092,N,1504
id0001441,1,2016-04-15 23:07:00,2016-04-15 23:14:19,6,-74.00832853920271,40.77422662549456,-74.03328420041144,40.78871274013106,N,439
id0001442,2,2016-01-11 01:59:00,2016-01-11 02:04:07,1,-73.95613102996256,40.695419155651116,-73.93925624805021,40.69622060176772,N,307
id0001443,2,2016-05-03 18:11:00,2016-05-03 18:30:47,1,-74.04624815573882,40.82274174670617,-73.98837434494918,40.86292061110276,N,1187
id0001444,2,2016-01-11 11:52:00,2016-01-11 12:28:44,2,-73.99102145002838,40.75151875529754,-74.06028592781654,40.83001468062318,N,2204
id0001445,2,2016-05-28 09:45:00,2016-05-28 10:12:48,1,-73.92509745488476,40.77105181784176,-73.98574737405814,40.80307929423764,N,1668
id0001446,1,2016-01-08 02:55:00,2016-01-08 03:08:06,1,-73.97338890910083,40.86266009063468,-73.90649100733349,40.86987730507296,N,786
id0001447,2,2016-01-05 20:52:00,2016-01-05 21:04:59,1,-73.9163915514747,40.82623980452652,-73.88340354212437,40.841378373768435,N,779
id0001448,1,2016-04-04 04:52:00,2016-04-04 04:57:12,1,-73.92265187030966,40.74420454704209,-73.93432399557034,40.75316607862103,N,312
id0001449,2,2016-05-25 23:20:00,2016-05-25 23:35:16,1,-73.98457439160681,40.73130509168084,-73.90775566732013,40.7319532362154,N,916
id0001450,2,2016-05-19 05:40:00,2016-05-19 05:59:17,2,-74.1,40.74335047448162,-74.15,40.81913145358435,N,1157
id0001451,1,2016-04-19 05:21:00,2016-04-19 05:34:36,1,-74.04581747623683,40.78094542118145,-74.00391286913323,40.754728553080376,N,816
id0001452,1,2016-02-02 11:46:00,2016-02-02 12:00:31,1,-73.94301662381885,40.753264913958716,-73.94608733871773,40.79368661794721,N,871
id0001453,1,2016-06-22 10:28:00,2016-06-22 10:36:19,5,-74.07026382811569,40.74021401347485,-74.0429693554951,40.735809020480325,N,499
id0001454,2,2016-01-04 17:44:00,2016-01-04 18:30:50,6,-74.00296809237229,40.82402315628191,-74.11038993741792,40.772208485327056,N,2810
id0001455,2,2016-03-04 07:36:00,2016-03-04 07:46:08,2,-73.9663835662471,40.75286055487,-73.97811521744235,40.74626943384447,N,608
id0001456,1,2016-05-17 05:53:00,2016-05-17 06:01:59,2,-73.90417361173311,40.86148150918668,-73.87101775951147,40.842344355005295,N,539
id0001457,2,2016-04-22 06:57:00,2016-04-22 07:05:44,5,-74.016626083305,40.76208341536885,-74.01947594313276,40.78229862151347,N,524
id0001458,1,2016-05-23 20:33:00,2016-05-23 20:46:08,2,-74.02039182399957,40.838339327740115,-73.96390342422353,40.84153483553317,N,788
id0001459,1,2016-05-19 12:17:00,2016-05-19 12:37:05,1,-73.98788451715726,40.77407937402198,-73.93290329183591,40.7383084337943,N,1205
id0001460,2,2016-06-20 00:21:00,2016-06-20 00:43:38,1,-73.96569978666044,40.80133322579623,-74.00883514979536,40.852818502768365,N,1358
id0001461,2,2016-04-03 23:36:00,2016-04-03 23:49:14,1,-73.99348357550679,40.72539250268171,-73.95640390619677,40.76354719283836,N,794
id0001462,2,2016-05-29 09:53:00,2016-05-29 10:40:28,1,-73.92729024081127,40.71958083498357,-73.97196006038655,40.77509277860694,N,2848
id0001463,1,2016-01-29 09:00:00,2016-01-29 09:05:04,1,-74.02895291081657,40.77868676797568,-74.0265222159646,40.78698053121806,N,304
id0001464,2,2016-02-01 16:19:00,2016-02-01 16:29:59,1,-73.97839114866416,40.80248489591094,-73.94886537744532,40.80123423852112,N,659
id0001465,2,2016-01-10 01:31:00,2016-01-10 01:41:50,1,-73.96051330093641,40.75981154259002,-73.99810103284314,40.78443615948167,N,650
id0001466,1,2016-02-07 05:19:00,2016-02-07 05:27:33,1,-74.00701280454483,40.70011229992124,-73.97160112619443,40.67990067418901,N,513
id0001467,2,2016-01-21 06:35:00,2016-01-21 06:40:27,1,-73.9388159534892,40.69678837351698,-73.96155696206603,40.701340457932176,N,327
id0001468,1,2016-05-30 00:17:00,2016-05-30 00:24:06,1,-73.97680728023167,40.69377886190162,-74.00293866896523,40.68763013542537,N,426
id0001469,1,2016-03-31 01:44:00,2016-03-31 01:59:45,1,-73.94161348577663,40.67845700491773,-73.90981419151734,40.62732080381608,N,945
id0001470,2,2016-03-21 20:15:00,2016-03-21 20:25:06,1,-73.97432427405731,40.76292684117512,-74.01194305652307,40.76738778384449,N,606
id0001471,2,2016-04-26 09:48:00,2016-04-26 10:02:40,1,-73.9642977485682,40.808626976476866,-74.00420534468954,40.79319313526585,N,880
id0001472,1,2016-03-06 10:33:00,2016-03-06 10:48:39,1,-74.01978154662672,40.757396289588385,-73.97292952482536,40.748906963847745,N,939
id0001473,1,2016-04-13 20:02:00,2016-04-13 20:07:09,1,-74.01969244378552,40.6562813359198,-74.01480737194889,40.66901380901755,N,309
id0001474,2,2016-01-01 15:25:00,2016-01-01 15:43:30,3,-73.91765819360391,40.749415779284945,-73.98309357089256,40.793954438974474,N,1110
id0001475,1,2016-05-09 18:01:00,2016-05-09 18:19:11,1,-73.95004692555138,40.750674045151534,-73.91154306352391,40.72096709198235,N,1091
id0001476,1,2016-06-07 14:43:00,2016-06-07 14:50:21,2,-74.04126308414223,40.85231994376015,-74.05956013959319,40.84054040623062,N,441
id0001477,1,2016-01-08 02:19:00,2016-01-08 02:33:06,3,-73.97505251164398,40.69242879391862,-74.03818811192424,40.66565089954603,N,846
id0001478,2,2016-01-15 15:42:00,2016-01-15 15:57:52,5,-74.1,40.74041950788304,-74.15,40.71136318731008,N,952
id0001479,2,2016-01-25 19:32:00,2016-01-25 19:51:49,2,-74.01656670900347,40.83476337062451,-73.97591306563702,40.81395345759677,N,1189
id0001480,2,2016-04-20 16:02:00,2016-04-20 16:17:36,1,-73.9321434777859,40.778249025360594,-73.97083979076092,40.77137326546206,N,936
id0001481,2,2016-05-18 12:39:00,2016-05-18 12:58:14,1,-73.99188300737912,40.78334908830824,-74.04785602208754,40.803854596298955,N,1154
id0001482,1,2016-05-29 18:34:00,2016-05-29 18:43:49,1,-73.97851480316837,40.76315629966608,-73.949741675801,40.77437190143355,N,589
id0001483,2,2016-05-22 04:12:00,2016-05-22 04:23:18,1,-74.1,40.77284745923958,-74.06373937816609,40.73585746427167,N,678
id0001484,2,2016-04-15 00:47:00,2016-04-15 01:02:43,1,-74.00657394899748,40.79299242886254,-74.04199358393424,40.83828804019964,N,943
id0001485,2,2016-05-07 19:37:00,2016-05-07 19:56:43,5,-73.9663950276895,40.721573115649825,-73.92532619800723,40.75462754637652,N,1183
id0001486,2,2016-02-20 22:45:00,2016-02-20 23:10:51,1,-73.95940905685309,40.79751263605087,-73.866938875403,40.765971138279525,N,1551
id0001487,1,2016-05-15 16:02:00,2016-05-15 16:31:12,1,-73.93207043587661,40.696214864240154,-73.87147058868291,40.73905874545734,N,1752
id0001488,1,2016-02-03 06:59:00,2016-02-03 07:13:25,6,-73.99656417634753,40.77277655877742,-73.94296660706367,40.784219403218295,N,865
id0001489,2,2016-06-24 08:18:00,2016-06-24 08:27:21,1,-73.99411106969433,40.76604334334789,-73.97997525919837,40.760567407745505,N,561
id0001490,1,2016-01-08 14:24:00,2016-01-08 14:30:34,1,-74.05826645861754,40.730266811031356,-74.07823377786634,40.74279961258813,N,394
id0001491,1,2016-06-20 20:20:00,2016-06-20 20:22:46,1,-73.99624868465453,40.75697916261035,-73.99876355703489,40.756077184763456,N,166
id0001492,1,2016-03-24 19:42:00,2016-03-24 19:54:38,1,-74.05438662843189,40.729985693130054,-74.03455325626706,40.74906344603691,N,758
id0001493,2,2016-04-27 07:05:00,2016-04-27 07:22:12,1,-74.0866328565893,40.70977344029122,-74.14322089472877,40.716329483600816,N,1032
id0001494,2,2016-01-30 02:02:00,2016-01-30 02:14:16,1,-74.04468486535607,40.742087336627385,-74.07930705119837,40.730277424797855,N,736
id0001495,1,2016-02-28 02:51:00,2016-02-28 03:11:47,1,-73.90202233007078,40.708320511408274,-73.96627108650499,40.63741657483762,N,1247
id0001496,2,2016-06-05 22:18:00,2016-06-05 22:25:32,1,-73.99988086608323,40.7725258858842,-73.98929746808012,40.790977274806316,N,452
id0001497,2,2016-01-03 13:37:00,2016-01-03 13:40:19,1,-73.97290674503371,40.70624615276315,-73.96916931852591,40.693168218019615,N,199
id0001498,2,2016-02-04 21:11:00,2016-02-04 21:22:47,1,-74.01324229381589,40.7900389660346,-74.04261418376198,40.81726709737219,N,707
id0001499,2,2016-04-24 22:51:00,2016-04-24 23:02:00,1,-74.08348030606986,40.70483344194321,-74.04655784182778,40.72169206912286,N,660
id0001500,1,2016-05-26 08:44:00,2016-05-26 09:03:09,1,-73.93351377812887,40.732516728798856,-73.98052079459565,40.720348481408394,N,1149
id0001501,1,2016-03-19 11:56:00,2016-03-19 12:07:55,2,-74.1,40.72989284663032,-74.13104256330797,40.765697433318024,N,715
id0001502,2,2016-01-16 22:20:00,2016-01-16 22:32:05,1,-74.01551359722355,40.81763160279937,-73.98038990540249,40.82480106096365,N,725
id0001503,2,2016-01-27 18:12:00,2016-01-27 18:25:48,1,-73.98800381844676,40.77286304755275,-73.94620710834108,40.77859054721098,N,828
id0001504,1,2016-06-11 01:00:00,2016-06-11 01:08:09,1,-73.97232306961136,40.748471978885505,-74.00813074873327,40.74363810484879,N,489
id0001505,2,2016-02-09 04:14:00,2016-02-09 04:29:58,1,-74.02495582824909,40.78044237484814,-74.01451391103565,40.83936682477653,N,958
id0001506,2,2016-04-15 07:32:00,2016-04-15 07:56:18,2,-74.08608788156802,40.663176344370164,-74.12113420740307,40.638212008851816,N,1458
id0001507,1,2016-06-19 10:45:00,2016-06-19 10:50:13,6,-74.02906013107845,40.756058988466165,-74.03794041008943,40.7447653796551,N,313
id0001508,1,2016-03-09 08:38:00,2016-03-09 08:58:24,1,-74.02618168931907,40.84788813800122,-74.01970900658226,40.804581407923415,N,1224
id0001509,1,2016-01-13 01:15:00,2016-01-13 01:25:23,1,-74.02752014223353,40.76395559278812,-74.00230366328681,40.789391180494476,N,623
id0001510,1,2016-05-27 23:15:00,2016-05-27 23:20:10,1,-73.93164677753857,40.76105609261262,-73.91735662193139,40.7406808773901,N,310
id0001511,2,2016-05-23 07:40:00,2016-05-23 07:48:29,2,-74.05174815279766,40.7826657770839,-74.03945584747335,40.76621453172348,N,509
id0001512,1,2016-04-28 11:51:00,2016-04-28 12:04:38,1,-73.96844613990591,40.79830223594915,-74.01697856507572,40.78020945382365,N,818
id0001513,1,2016-06-13 04:09:00,2016-06-13 04:15:22,1,-73.97629366295301,40.66811399881996,-73.95882121418417,40.670309265882146,N,382
id0001514,2,2016-05-21 04:36:00,2016-05-21 04:47:42,3,-73.93217497073906,40.682295308319404,-73.90737702993522,40.63851872285633,N,702
id0001515,1,2016-05-05 06:42:00,2016-05-05 07:07:12,1,-73.99232225294553,40.76746310809888,-73.9613201990916,40.688949523785304,N,1512
id0001516,2,2016-03-01 16:35:00,2016-03-01 16:55:42,2,-73.94148779680414,40.72583055471461,-73.97386620488032,40.74185019602336,N,1242
id0001517,2,2016-01-12 03:56:00,2016-01-12 04:17:31,1,-73.99447210759517,40.8170411367999,-73.95327075484892,40.74306661708277,N,1291
id0001518,1,2016-05-12 02:51:00,2016-05-12 03:04:16,4,-73.96110841103784,40.743817152455165,-74.0203839798178,40.773711974894375,N,796
id0001519,2,2016-06-02 22:41:00,2016-06-02 23:03:08,2,-74.0676617597986,40.670946116892914,-74.08704857673058,40.725494588126644,N,1328
id0001520,1,2016-05-06 12:08:00,2016-05-06 12:13:14,1,-74.1,40.700939373742024,-74.11239835870323,40.6951915406043,N,314
id0001521,1,2016-04-28 21:33:00,2016-04-28 21:50:29,1,-73.96423492305388,40.634264579116625,-74.02104333086653,40.679746832251844,N,1049
id0001522,1,2016-05-10 17:36:00,2016-05-10 17:40:28,1,-73.96128492806784,40.74746435082227,-73.97436692358556,40.74661537613826,N,268
id0001523,2,2016-02-20 10:04:00,2016-02-20 10:25:04,1,-73.95884737167664,40.749522714273105,-73.94888073053113,40.80549615484083,N,1264
id0001524,2,2016-01-22 06:47:00,2016-01-22 07:09:51,1,-74.0138712883115,40.73889917805982,-74.09603103649401,40.72293155323585,N,1371
id0001525,2,2016-04-24 14:20:00,2016-04-24 14:48:46,5,-73.90306527612843,40.80654955675634,-73.92082625339812,40.72377869342625,N,1726
id0001526,1,2016-06-20 15:24:00,2016-06-20 15:42:56,2,-74.01029327986554,40.811933392643255,-74.08897132181738,40.80913648159953,N,1136
id0001527,2,2016-01-25 20:25:00,2016-01-25 20:52:23,5,-73.96185165391802,40.75033252094898,-73.86998240862376,40.810111232718356,N,1643
id0001528,2,2016-01-13 23:02:00,2016-01-13 23:08:51,1,-73.95229500762477,40.661938784963546,-73.94273290286274,40.68066267567146,N,411
id0001529,2,2016-05-08 19:00:00,2016-05-08 19:11:58,1,-73.8904692912138,40.785777671122155,-73.88480697344141,40.76774135812333,N,718
id0001530,1,2016-03-17 22:07:00,2016-03-17 22:12:28,1,-74.00243662908844,40.78299121028289,-73.99199332556377,40.79450275120785,N,328
id0001531,1,2016-06-13 08:17:00,2016-06-13 08:29:14,1,-74.0209256098426,40.771922620657065,-73.99372218146557,40.805911990002905,N,734
id0001532,1,2016-03-26 20:59:00,2016-03-26 21:08:53,1,-74.06739799614284,40.80216658871887,-74.02338102790029,40.799170013356864,N,593
id0001533,1,2016-04-04 22:42:00,2016-04-04 23:15:13,1,-73.89961981463357,40.705582735659256,-73.96997974143022,40.79750638864624,N,1993
id0001534,2,2016-01-12 05:58:00,2016-01-12 06:16:19,1,-73.96182240011233,40.848393992378334,-73.90286440822813,40.830284363900155,N,1099
id0001535,2,2016-06-22 06:47:00,2016-06-22 07:01:20,1,-73.96008163917581,40.71482575110862,-73.90401950094504,40.749913626380184,N,860
id0001536,2,2016-03-01 05:25:00,2016-03-01 05:33:12,1,-73.81358126672718,40.79171503172404,-73.81656686421577,40.818382835000904,N,492
id0001537,2,2016-03-20 17:35:00,2016-03-20 17:50:05,1,-73.96712253923475,40.6820693537514,-73.9724653303155,40.65757539388697,N,905
id0001538,1,2016-04-24 12:05:00,2016-04-24 12:23:08,2,-74.0566276772805,40.71613808907285,-74.15,40.70128267971568,N,1088
id0001539,2,2016-06-05 01:51:00,2016-06-05 02:06:11,2,-73.99577469662461,40.82623658910264,-74.05175429892368,40.86187004176442,N,911
id0001540,2,2016-05-24 16:59:00,2016-05-24 17:11:44,1,-74.03861303248668,40.746259507964965,-74.01526481505483,40.75132708403111,N,764
id0001541,2,2016-05-20 19:17:00,2016-05-20 19:34:40,1,-74.00677276170205,40.795796517230976,-73.9527449757181,40.80762902766643,N,1060
id0001542,2,2016-01-20 05:04:00,2016-01-20 05:20:25,1,-74.0071424281515,40.76866299249237,-73.97434476665624,40.711404135112716,N,985
id0001543,1,2016-01-17 02:15:00,2016-01-17 02:25:40,1,-74.0172863415087,40.753276882979996,-74.02069351946872,40.77623683591067,N,640
id0001544,2,2016-05-31 06:59:00,2016-05-31 07:16:03,1,-74.06163053779454,40.81937326462197,-73.97496626626896,40.829428654164865,N,1023
id0001545,2,2016-06-15 02:27:00,2016-06-15 02:35:51,1,-73.89741241014802,40.74735035289067,-73.8521795101115,40.74511350209823,N,531
id0001546,2,2016-04-23 12:29:00,2016-04-23 12:37:10,5,-73.9685633575559,40.677866785159644,-73.98628554639942,40.69049800036671,N,490
id0001547,1,2016-06-14 16:44:00,2016-06-14 17:19:15,1,-73.99740096190851,40.72185419586218,-73.8992059825706,40.70753157611283,N,2115
id0001548,2,2016-02-27 19:04:00,2016-02-27 19:20:45,1,-73.94332991937664,40.78280362779158,-73.99265744493843,40.762087040155656,N,1005
id0001549,2,2016-03-04 22:59:00,2016-03-04 23:12:49,1,-73.95909129988328,40.77579790978631,-74.02532410980747,40.76733191617895,N,829
id0001550,2,2016-01-31 22:50:00,2016-01-31 22:58:16,4,-73.96983700969919,40.68748237873941,-73.98878675211976,40.67123526749827,N,496
id0001551,2,2016-05-24 09:44:00,2016-05-24 10:15:23,1,-73.94732510599782,40.72540458662663,-73.98146391400874,40.801723121263144,N,1883
id0001552,2,2016-05-01 19:58:00,2016-05-01 20:11:36,5,-73.97763358909327,40.7318225392859,-73.99405551174519,40.76373801479543,N,816
id0001553,2,2016-02-10 21:12:00,2016-02-10 21:25:26,2,-73.94813781986547,40.741553868264866,-73.91222373852742,40.707657455925855,N,806
id0001554,1,2016-06-30 20:36:00,2016-06-30 21:04:32,2,-73.94357882345172,40.69608388851293,-73.94510790417392,40.76735424859206,N,1712
id0001555,1,2016-01-06 12:45:00,2016-01-06 12:51:13,1,-73.9760504695732,40.72972330013462,-73.97642382411608,40.71457331873435,N,373
id0001556,1,2016-05-20 04:37:00,2016-05-20 04:39:54,1,-73.99712169714229,40.725212528163325,-73.99447503041289,40.72624346602458,N,174
id0001557,2,2016-02-07 20:16:00,2016-02-07 20:45:23,2,-73.90082812092004,40.79271899668929,-74.00488276810391,40.824128598511884,N,1763
id0001558,1,2016-05-22 16:27:00,2016-05-22 17:19:20,6,-74.01128458468754,40.79441045899456,-74.07947130754386,40.72546085995815,N,3140
id0001559,1,2016-03-29 02:03:00,2016-03-29 02:08:53,3,-73.9634777519765,40.75143852938601,-73.98081675892082,40.74314262474307,N,353
id0001560,2,2016-02-12 14:12:00,2016-02-12 14:25:16,5,-73.96223503740936,40.74035820918582,-74.00016683347,40.72029152440197,N,796
id0001561,1,2016-01-11 12:19:00,2016-01-11 12:25:57,1,-74.0185256818745,40.76429659404176,-74.02895611879607,40.7714743968258,N,417
id0001562,1,2016-04-23 01:41:00,2016-04-23 01:54:29,1,-74.02943023119214,40.7212541201645,-73.96624445410977,40.73420585907879,N,809
id0001563,1,2016-01-30 02:54:00,2016-01-30 02:56:43,1,-74.00446186114785,40.70639255630247,-74.00781208853054,40.703688478515836,N,163
id0001564,2,2016-03-22 20:34:00,2016-03-22 20:49:07,1,-74.01207192692466,40.71569004559834,-74.07156949672219,40.71136239016208,N,907
id0001565,1,2016-06-21 23:30:00,2016-06-21 23:44:34,1,-74.06519718089014,40.729433407621286,-74.10088667131704,40.766713005663526,N,874
id0001566,2,2016-06-10 13:15:00,2016-06-10 13:29:40,1,-74.02083222953856,40.70564367900935,-73.9438563136339,40.71619568657104,N,880
id0001567,1,2016-03-30 21:05:00,2016-03-30 21:22:59,1,-73.9703577358451,40.765292680157835,-73.90139550712944,40.76674255550965,N,1079
id0001568,2,2016-05-13 03:54:00,2016-05-13 03:59:41,1,-73.91537310287183,40.79083720532027,-73.88855861826762,40.79601267602138,N,341
id0001569,1,2016-05-29 19:18:00,2016-05-29 19:47:55,1,-73.95450847656545,40.68658057646408,-74.02482021474674,40.750836691377636,N,1795
id0001570,2,2016-04-20 09:20:00,2016-04-20 09:28:49,1,-74.1,40.759130792004726,-74.08619377792031,40.76517438119917,N,529
id0001571,1,2016-02-07 14:31:00,2016-02-07 14:40:36,1,-73.94972829568835,40.748102889213015,-73.93246192622657,40.730097191539215,N,576
id0001572,1,2016-05-27 16:22:00,2016-05-27 16:48:41,1,-74.01569834822426,40.77336789084916,-74.0145490388467,40.70655292274777,N,1601
id0001573,1,2016-01-17 02:39:00,2016-01-17 02:51:10,2,-73.96008059589217,40.75741775543534,-73.98573109339459,40.70722994734412,N,730
id0001574,1,2016-04-05 01:57:00,2016-04-05 02:02:20,1,-73.98577743925658,40.69258803240308,-74.00209583623072,40.67624212607529,N,320
id0001575,1,2016-05-22 01:26:00,2016-05-22 01:36:49,1,-73.99559781943478,40.70119248155143,-74.0243849902582,40.69739929201304,N,649
id0001576,1,2016-04-13 20:26:00,2016-04-13 20:40:14,1,-73.99062296503791,40.75932406090133,-74.04215129316407,40.73987730981497,N,854
id0001577,2,2016-03-04 11:42:00,2016-03-04 11:57:00,1,-73.98623333695484,40.80429514138855,-73.92476388435877,40.81658518058515,N,900
id0001578,2,2016-03-16 18:25:00,2016-03-16 18:37:03,1,-73.91105772653503,40.658361568303064,-73.8713536057587,40.63846378674528,N,723
id0001579,1,2016-03-24 16:25:00,2016-03-24 16:43:01,2,-73.98608131028968,40.773557696091075,-73.99890313520592,40.74155057163633,N,1081
id0001580,2,2016-05-15 09:57:00,2016-05-15 10:07:14,1,-73.92529551267504,40.81153299023795,-73.90944748879849,40.83297552447546,N,614
id0001581,1,2016-06-29 13:37:00,2016-06-29 13:50:57,3,-73.93330517737849,40.75111383557072,-73.91576863731092,40.79904264296145,N,837
id0001582,1,2016-05-21 16:51:00,2016-05-21 17:31:58,1,-73.9483124948829,40.782759112321195,-73.84288273476947,40.744008246400064,N,2458
id0001583,1,2016-02-27 14:36:00,2016-02-27 14:45:14,1,-74.08326403510713,40.7263618913596,-74.04399844446593,40.73489194658938,N,554
id0001584,1,2016-01-21 05:43:00,2016-01-21 06:05:01,3,-73.92358520391112,40.75262852103254,-73.88602057106836,40.68595335799716,N,1321
id0001585,1,2016-03-27 02:42:00,2016-03-27 02:59:49,2,-74.01018457117746,40.685058891676135,-74.00847542558934,40.63345005710068,N,1069
id0001586,1,2016-06-05 03:43:00,2016-06-05 03:51:12,1,-73.94563499954089,40.652504551121154,-73.96518407766935,40.631897747141956,N,492
id0001587,2,2016-04-25 12:51:00,2016-04-25 13:09:51,1,-74.03848930582822,40.80042446105514,-73.97626734445845,40.84014632618834,N,1131
id0001588,1,2016-02-28 13:39:00,2016-02-28 13:54:20,1,-74.05017907238168,40.713675228252406,-74.0208268270912,40.68642051721272,N,920
id0001589,2,2016-01-17 05:03:00,2016-01-17 05:18:26,1,-73.87629861947428,40.73750124697485,-73.91362800740673,40.70893773035806,N,926
id0001590,2,2016-02-15 21:43:00,2016-02-15 21:51:31,1,-74.0376340686761,40.69561009860284,-74.01721007373081,40.69687315346915,N,511
id0001591,1,2016-05-10 09:22:00,2016-05-10 09:34:26,1,-73.92196413485215,40.69455136336123,-73.88428176087321,40.69584928975147,N,746
id0001592,2,2016-05-01 22:31:00,2016-05-01 22:52:40,1,-73.978486882321,40.75017730349575,-74.07279927535417,40.722697701949336,N,1300
id0001593,1,2016-03-23 05:09:00,2016-03-23 05:30:28,6,-74.00810660320981,40.7251690262639,-74.04961400887612,40.79468678111811,N,1288
id0001594,1,2016-03-01 18:24:00,2016-03-01 18:36:06,1,-73.98746558863816,40.775008694909765,-73.97114117146636,40.76572097685073,N,726
id0001595,1,2016-02-01 20:27:00,2016-02-01 20:43:02,4,-74.05656019730922,40.77836422885409,-74.14316095598151,40.78233970323872,N,962
id0001596,2,2016-06-25 23:43:00,2016-06-25 23:59:37,1,-73.9857564908785,40.77243823408461,-74.06523239334334,40.75837595026474,N,997
id0001597,1,2016-03-19 08:36:00,2016-03-19 08:45:35,1,-74.04455071726427,40.76873703559178,-74.05672149558201,40.78413604026707,N,575
id0001598,2,2016-05-19 15:10:00,2016-05-19 15:24:47,1,-74.00674940868727,40.828999569221935,-73.984629917028,40.872223083811576,N,887
id0001599,2,2016-03-24 20:11:00,2016-03-24 20:30:46,1,-73.93410852398168,40.70995828039298,-73.90990825717113,40.76818650978639,N,1186
id0001600,1,2016-04-13 14:19:00,2016-04-13 14:34:55,1,-73.97101951278933,40.75552793102087,-73.8998115329182,40.72884863238664,N,955
id0001601,2,2016-04-26 14:44:00,2016-04-26 14:57:19,1,-74.06651937743842,40.808971041923385,-74.0628175024834,40.847498873093926,N,799
id0001602,2,2016-03-05 18:16:00,2016-03-05 18:30:23,1,-73.93816815301973,40.81490429142021,-73.95493753142546,40.8341431201045,N,863
id0001603,2,2016-06-19 13:24:00,2016-06-19 13:38:41,2,-73.985390486905,40.694020635779495,-74.04422166828199,40.728129417110594,N,881
id0001604,1,2016-03-24 05:31:00,2016-03-24 05:35:22,1,-74.01482018976252,40.74394400512549,-74.03212843250174,40.74072823058125,N,262
id0001605,2,2016-05-19 05:48:00,2016-05-19 05:57:37,1,-73.94393280328501,40.819115449314026,-73.91209398442516,40.81256902224915,N,577
id0001606,1,2016-06-15 18:37:00,2016-06-15 18:56:26,1,-73.99419637603374,40.78086355973396,-73.96032387687683,40.81361357233395,N,1166
id0001607,2,2016-03-10 14:32:00,2016-03-10 14:48:14,1,-74.04911137369481,40.76678683641659,-74.03720351839203,40.800201074128566,N,974
id0001608,1,2016-02-12 14:09:00,2016-02-12 14:24:59,1,-73.88337046587027,40.74820418879544,-73.85875029378201,40.803004408530605,N,959
id0001609,1,2016-06-25 11:25:00,2016-06-25 11:42:12,1,-73.98595080935901,40.740728958343155,-73.92851354920066,40.747678122783924,N,1032
id0001610,2,2016-05-23 00:48:00,2016-05-23 00:51:37,2,-73.98947618624652,40.77096985783907,-73.98608895330612,40.76722784587185,N,217
id0001611,2,2016-05-23 22:21:00,2016-05-23 22:49:45,6,-74.00728078444519,40.7466431643757,-73.94575143674642,40.6605482890759,N,1725
id0001612,2,2016-06-21 04:19:00,2016-06-21 04:35:25,1,-73.92010188432984,40.756083962053005,-73.9528009920983,40.69968984322317,N,985
id0001613,2,2016-01-06 02:05:00,2016-01-06 02:10:15,1,-74.01386831794781,40.76153694177518,-74.01716641495213,40.74773813559376,N,315
id0001614,1,2016-06-20 22:34:00,2016-06-20 22:47:34,5,-74.06997389223464,40.7274867812178,-74.09161138757837,40.68894971862418,N,814
id0001615,1,2016-01-22 05:14:00,2016-01-22 05:28:55,1,-74.02232727140428,40.78194582182467,-73.98665554047602,40.81044039161483,N,895
id0001616,1,2016-01-27 10:40:00,2016-01-27 10:55:05,1,-73.91202739697499,40.889141009178694,-73.95767919707161,40.84329027552343,N,905
id0001617,2,2016-02-09 16:16:00,2016-02-09 16:33:37,1,-73.93923273111986,40.67803560123033,-73.95371217751752,40.660489949738064,N,1057
id0001618,2,2016-01-21 14:56:00,2016-01-21 15:18:37,1,-73.9990258608963,40.772580563588555,-74.08271130298331,40.756409636328705,N,1357
id0001619,1,2016-01-16 04:44:00,2016-01-16 04:56:02,1,-73.90947096720977,40.72379144601215,-73.88272404335913,40.76595745393113,N,722
id0001620,1,2016-01-23 18:41:00,2016-01-23 19:01:14,4,-73.9438631774148,40.78398311598837,-73.88775761500715,40.762694759772685,N,1214
id0001621,1,2016-03-29 08:20:00,2016-03-29 08:38:48,1,-73.9996624149999,40.760095086299756,-73.9586805571914,40.77592951043144,N,1128
id0001622,2,2016-03-08 19:05:00,2016-03-08 19:23:43,1,-73.99412504203056,40.79228346483191,-73.95755679942442,40.799133179295204,N,1123
id0001623,2,2016-03-03 00:15:00,2016-03-03 00:27:57,1,-73.966887524743,40.8108977959429,-73.92911450692391,40.842512892933556,N,777
id0001624,1,2016-02-01 06:30:00,2016-02-01 06:45:47,1,-74.03075378223151,40.76665895029957,-73.99926755995187,40.79641647712365,N,947
id0001625,1,2016-06-26 01:44:00,2016-06-26 01:49:54,4,-73.98475222139699,40.80894235297864,-73.95710441838422,40.80777194902821,N,354
id0001626,1,2016-03-01 12:12:00,2016-03-01 12:33:43,4,-73.96803176494628,40.65250659477951,-73.93748065935299,40.59313628683826,N,1303
id0001627,1,2016-03-27 00:54:00,2016-03-27 01:01:16,2,-74.07778314312347,40.829570353406226,-74.10728883896931,40.82145942237363,N,436
id0001628,1,2016-01-26 21:15:00,2016-01-26 21:18:50,1,-73.99541261774124,40.774877796835156,-74.00442132269963,40.77417934927653,N,230
id0001629,1,2016-02-08 14:41:00,2016-02-08 14:46:09,2,-74.00166809019511,40.80650295100853,-73.99850714346323,40.81651327416888,N,309
id0001630,2,2016-02-12 15:32:00,2016-02-12 15:42:41,1,-73.92845625890219,40.703105591482135,-73.94356299014366,40.67729116139941,N,641
id0001631,2,2016-06-25 16:09:00,2016-06-25 16:31:07,1,-74.08644733465961,40.720615355327766,-74.15,40.760546894472064,N,1327
id0001632,1,2016-02-02 01:55:00,2016-02-02 02:06:06,1,-74.0059828310837,40.76456722323652,-74.06155823549392,40.765043902877544,N,666
id0001633,2,2016-04-03 12:38:00,2016-04-03 12:49:27,1,-74.01149650560505,40.75723329497982,-74.00114758042899,40.72501588780639,N,687
id0001634,1,2016-04-09 01:02:00,2016-04-09 01:13:34,1,-73.93219609698431,40.770738086460454,-73.89143618109183,40.754700112104494,N,694
id0001635,2,2016-01-14 07:07:00,2016-01-14 07:32:06,2,-73.98739506131507,40.80680318224185,-73.98697467540288,40.87430217513069,N,1506
id0001636,2,2016-03-04 20:58:00,2016-03-04 21:20:13,4,-73.88621479448912,40.67856508581137,-73.76179781070569,40.701818312064496,N,1333
id0001637,2,2016-01-15 17:15:00,2016-01-15 17:34:07,1,-73.94857826399515,40.801821858227285,-73.98996757335213,40.838517837672036,N,1147
id0001638,2,2016-02-01 20:07:00,2016-02-01 20:21:48,1,-74.00756226468042,40.75837268594811,-73.98753986828746,40.72191714200814,N,888
id0001639,1,2016-05-02 21:40:00,2016-05-02 21:59:39,1,-73.97181877168926,40.7488298162494,-73.91371465421003,40.724720777022966,N,1179
id0001640,2,2016-04-13 10:52:00,2016-04-13 11:08:35,1,-74.00447378451533,40.69179981445268,-73.95651831406288,40.667950033746834,N,995
id0001641,2,2016-03-31 01:16:00,2016-03-31 01:23:59,1,-73.93773321502303,40.78063719007696,-73.90825520624317,40.787090970892564,N,479
id0001642,1,2016-02-08 20:21:00,2016-02-08 20:32:17,1,-74.058270874231,40.64936514670361,-74.0101094454081,40.64327508261562,N,677
id0001643,1,2016-04-23 14:38:00,2016-04-23 14:43:55,1,-74.03030327871143,40.787177730505746,-74.02781053306683,40.77004542611175,N,355
id0001644,2,2016-06-13 15:32:00,2016-06-13 15:49:15,1,-73.95993705447948,40.69085523740372,-73.88510737596256,40.678112801666096,N,1035
id0001645,1,2016-06-03 15:18:00,2016-06-03 15:33:28,5,-73.91758339532021,40.76040560606779,-73.85984123553426,40.732614374534165,N,928
id0001646,1,2016-02-01 12:31:00,2016-02-01 12:43:28,2,-74.1,40.75263740232025,-74.13835024203198,40.7463430272787,N,748
id0001647,2,2016-05-04 00:17:00,2016-05-04 00:30:24,1,-73.90940408312052,40.81062921662823,-73.89493352592697,40.84959176206241,N,804
id0001648,2,2016-02-14 09:24:00,2016-02-14 09:46:31,1,-73.99270743206354,40.74996051739438,-74.06233578039225,40.69700064009014,N,1351
id0001649,1,2016-06-05 20:17:00,2016-06-05 20:31:06,1,-74.08861312290654,40.72676376474845,-74.02013261911092,40.73889054492568,N,846
id0001650,1,2016-03-27 02:01:00,2016-03-27 02:16:55,1,-74.1,40.7352028786813,-74.08990958515356,40.783506123002084,N,955
id0001651,2,2016-05-15 04:03:00,2016-05-15 04:15:55,2,-74.06911623361945,40.815279724593964,-74.00842145563644,40.808868176144166,N,775
id0001652,2,2016-04-08 03:41:00,2016-04-08 03:51:21,1,-73.98608376707149,40.78213336361314,-73.99100485478604,40.76362270259303,N,621
id0001653,1,2016-05-02 17:46:00,2016-05-02 18:11:02,1,-73.98862439207949,40.74064665083146,-74.07215642952393,40.77299475283973,N,1502
id0001654,2,2016-06-19 03:36:00,2016-06-19 03:57:06,1,-73.950173976091,40.7473599111016,-73.83149243674285,40.71291214541119,N,1266
id0001655,2,2016-01-25 12:21:00,2016-01-25 12:24:44,2,-74.01522179476585,40.68747703092366,-74.00932281014242,40.686682827375805,N,224
id0001656,2,2016-06-13 10:57:00,2016-06-13 11:09:54,2,-74.04594223005454,40.77548133903832,-74.09095161810761,40.73908679552482,N,774
id0001657,1,2016-03-28 20:59:00,2016-03-28 21:16:59,1,-74.00771975132135,40.67880829315371,-73.95616044834375,40.613354759202856,N,1079
id0001658,1,2016-01-26 20:39:00,2016-01-26 21:02:40,5,-73.98315143421986,40.7918308409626,-73.89153785656387,40.78651139169478,N,1420
id0001659,2,2016-03-19 19:44:00,2016-03-19 20:03:42,1,-73.97230749627747,40.76378797166211,-73.98141721412803,40.71956914444777,N,1182
id0001660,2,2016-01-11 03:58:00,2016-01-11 04:01:55,1,-74.02840405845998,40.86541283098083,-74.0328699669427,40.86500436301431,N,235
id0001661,2,2016-04-08 09:45:00,2016-04-08 10:04:11,2,-73.93542043148156,40.70849390008241,-73.92470835091954,40.74751993693573,N,1151
id0001662,1,2016-03-26 23:08:00,2016-03-26 23:28:18,1,-74.01917682244482,40.75338020590318,-74.06917050086466,40.81827914513696,N,1218
id0001663,1,2016-03-12 04:30:00,2016-03-12 04:41:22,1,-74.03283445492787,40.838922946541544,-74.06391449015902,40.842196471479554,N,682
id0001664,1,2016-03-21 20:25:00,2016-03-21 20:47:45,1,-74.01483153302075,40.81161253381312,-73.93464486912433,40.84728508793226,N,1365
id0001665,2,2016-04-22 22:04:00,2016-04-22 22:09:43,1,-73.92588379033636,40.72667045767891,-73.93183308004184,40.74063415043264,N,343
id0001666,1,2016-05-30 11:06:00,2016-05-30 11:15:04,1,-73.99230380491174,40.76807853427681,-74.02999386892287,40.75466955779118,N,544
id0001667,2,2016-03-12 10:14:00,2016-03-12 10:32:48,1,-74.02319824266884,40.75808997103868,-74.04354012800519,40.690722798651095,N,1128
id0001668,2,2016-01-04 01:33:00,2016-01-04 01:52:36,1,-73.93406407372532,40.77068801403274,-73.88578700779547,40.827615245480615,N,1176
id0001669,1,2016-04-11 11:40:00,2016-04-11 12:03:52,1,-73.86714883030282,40.726559380380685,-73.95606419013345,40.68984080375584,N,1432
id0001670,2,2016-06-20 22:28:00,2016-06-20 22:51:24,1,-73.97346745511301,40.75398058187847,-73.96200820973209,40.802377563778094,N,1404
id0001671,2,2016-03-12 20:48:00,2016-03-12 21:06:10,2,-73.9171386646524,40.68608764311255,-73.8063388211255,40.70487591013673,Y,1090
id0001672,2,2016-01-23 07:46:00,2016-01-23 08:26:30,5,-73.92801571271839,40.76408055533407,-73.83661789449039,40.72992010785041,N,2430
id0001673,1,2016-06-13 02:55:00,2016-06-13 03:00:35,1,-74.01831018634121,40.77825093030398,-73.99251606120437,40.789170872967645,N,335
id0001674,2,2016-03-17 07:27:00,2016-03-17 08:16:39,1,-73.98353512007381,40.74776612643103,-73.92429520262183,40.82241801357602,N,2979
id0001675,2,2016-03-08 23:04:00,2016-03-08 23:20:24,1,-74.05553995463372,40.68532270992369,-73.99673277181789,40.73907055025392,N,984
id0001676,2,2016-02-23 18:04:00,2016-02-23 18:12:18,1,-73.9962718246499,40.80248393382832,-74.00193516480691,40.784538976863615,N,498
id0001677,1,2016-05-13 00:42:00,2016-05-13 00:50:59,1,-74.01944047030192,40.77440362670968,-73.97782474915053,40.749484300173215,N,539
id0001678,1,2016-01-27 12:44:00,2016-01-27 13:02:05,1,-74.00715872764466,40.72532932060346,-73.92667249179924,40.72883660190952,N,1085
id0001679,2,2016-04-21 16:47:00,2016-04-21 17:08:14,1,-74.02624422672592,40.74537297989229,-74.08311352766651,40.73957999937834,N,1274
id0001680,2,2016-03-04 11:12:00,2016-03-04 11:25:49,5,-74.00079032445076,40.69046987687482,-73.97484103496409,40.73246068537232,N,829
id0001681,1,2016-03-11 03:58:00,2016-03-11 04:09:45,1,-73.95572720225543,40.71185654425,-73.93946080709145,40.73774216402476,N,705
id0001682,1,2016-02-09 06:07:00,2016-02-09 06:24:39,1,-73.9915720550742,40.73379848941393,-73.98692965325036,40.67457003336043,N,1059
id0001683,2,2016-05-26 23:43:00,2016-05-26 23:49:00,2,-74.08754052587655,40.81327893655261,-74.0868820271216,40.82933257049244,N,360
id0001684,2,2016-03-23 13:02:00,2016-03-23 13:07:40,2,-74.02603663106942,40.729222347410065,-74.01561148230554,40.722954163779704,N,340
id0001685,2,2016-06-17 19:36:00,2016-06-17 19:40:46,1,-74.0685669643907,40.7868096146698,-74.05436621548748,40.78810839943078,N,286
id0001686,2,2016-05-30 16:37:00,2016-05-30 16:52:02,1,-73.971576687571,40.73377577087123,-73.92123899939216,40.74248877637036,N,902
id0001687,2,2016-05-18 09:47:00,2016-05-18 10:06:45,1,-73.95731754497702,40.76915764023834,-73.9358743851318,40.81111315542302,N,1185
id0001688,1,2016-03-22 22:32:00,2016-03-22 22:43:31,1,-73.97088984779802,40.75163720240353,-73.97889429455846,40.78585995612764,N,691
id0001689,2,2016-06-21 15:25:00,2016-06-21 15:33:51,2,-74.02830724163147,40.797287547004174,-74.06610370721856,40.77104655108012,N,531
id0001690,1,2016-04-16 11:03:00,2016-04-16 11:09:21,1,-73.97142303389778,40.73393348978017,-73.9926829472,40.731882070911034,N,381
id0001691,2,2016-03-20 09:47:00,2016-03-20 09:55:45,1,-74.01085628406729,40.687236228749896,-73.99910380943773,40.67153797999989,N,525
id0001692,1,2016-03-04 05:36:00,2016-03-04 05:53:01,1,-74.04760239973626,40.69581229358864,-74.07937558294097,40.636947684676905,N,1021
id0001693,2,2016-06-15 07:12:00,2016-06-15 07:24:56,1,-73.94419385441601,40.73406551277258,-73.90162938542386,40.730237545006545,N,776
id0001694,2,2016-02-16 06:20:00,2016-02-16 06:37:50,3,-73.94000847354519,40.70179230131949,-73.92065599221492,40.76635870628406,N,1070
id0001695,1,2016-06-08 11:20:00,2016-06-08 11:39:17,1,-73.9328107485404,40.77645954070558,-73.88135201463784,40.71653802192434,N,1157
id0001696,1,2016-02-11 14:35:00,2016-02-11 14:41:52,2,-74.01845917300179,40.73704043258139,-74.0472060379453,40.73619826980329,N,412
id0001697,2,2016-05-18 18:06:00,2016-05-18 18:18:28,2,-73.92013507280188,40.86485729475119,-73.95753311771105,40.86289245966185,N,748
id0001698,1,2016-02-21 08:29:00,2016-02-21 08:52:56,1,-74.01214702382305,40.67980284321883,-73.961024448641,40.689873584730584,N,1436
id0001699,2,2016-06-01 00:09:00,2016-06-01 00:20:16,1,-73.94905742731538,40.76716349304194,-73.94320949926534,40.73346811953316,N,676
id0001700,1,2016-06-01 01:55:00,2016-06-01 02:09:07,1,-74.01310019639716,40.70724211394225,-74.02221346719774,40.65736324326425,N,847
id0001701,1,2016-05-12 21:13:00,2016-05-12 21:26:36,1,-73.99731901900601,40.735796939682785,-73.96587929670166,40.68754602169497,N,816
id0001702,2,2016-06-29 13:25:00,2016-06-29 13:42:14,1,-74.1,40.76436387630033,-74.07023478426093,40.81094655784193,N,1034
id0001703,2,2016-04-03 05:45:00,2016-04-03 06:00:14,1,-74.00160522679293,40.65335828813066,-74.05811459494593,40.618964279028,N,914
id0001704,2,2016-06-01 15:30:00,2016-06-01 15:47:04,1,-73.97999005182682,40.76865717525546,-73.91768102128795,40.751172498547604,N,1024
id0001705,1,2016-04-10 12:58:00,2016-04-10 13:25:40,5,-74.007552728955,40.84363083580234,-74.0260210414087,40.91729297675379,N,1660
id0001706,1,2016-01-08 01:07:00,2016-01-08 01:24:50,1,-73.88840965625532,40.737595276573416,-73.81190884410694,40.71189632858624,N,1070
id0001707,2,2016-03-17 00:27:00,2016-03-17 00:38:53,2,-74.0489356346929,40.76969135355625,-74.10894532230326,40.78167533948453,N,713
id0001708,1,2016-01-06 21:46:00,2016-01-06 21:58:07,5,-74.01599696804071,40.804121476190645,-74.0017140183291,40.84135488487254,N,727
id0001709,1,2016-04-30 21:37:00,2016-04-30 21:50:03,2,-74.03476799354922,40.75062209249879,-74.04312094759146,40.78617229904306,N,783
id0001710,2,2016-01-28 17:49:00,2016-01-28 18:18:48,1,-74.01600773384475,40.73185679151609,-74.10489329428428,40.68525161901956,N,1788
id0001711,2,2016-02-29 02:40:00,2016-02-29 02:51:09,1,-73.92827228153826,40.65559186183253,-73.89865292252593,40.630624526162975,N,669
id0001712,2,2016-06-07 14:23:00,2016-06-07 14:39:38,2,-73.90370825131201,40.78684458237278,-73.99028541751554,40.7974273215416,N,998
id0001713,1,2016-05-14 14:49:00,2016-05-14 15:11:25,3,-74.02354359360054,40.7529074215622,-74.03666860234405,40.820423032570616,N,1345
id0001714,1,2016-03-02 03:49:00,2016-03-02 04:01:34,2,-74.02476541484978,40.71242922668753,-73.97507301835255,40.68577635363509,N,754
id0001715,1,2016-04-01 22:20:00,2016-04-01 22:27:34,1,-74.04864207567266,40.7636968519625,-74.07249369465093,40.74642039751861,N,454
id0001716,1,2016-04-15 18:00:00,2016-04-15 18:13:00,2,-73.91315430374144,40.731734383943724,-73.95382234055964,40.74641948869276,N,780
id0001717,2,2016-03-05 06:43:00,2016-03-05 06:51:49,1,-73.9233447576196,40.7342208240998,-73.88732871644432,40.75590886205699,N,529
id0001718,2,2016-05-16 11:13:00,2016-05-16 11:22:34,1,-73.99082899899938,40.78528310202489,-74.0020573112732,40.80909199217549,N,574
id0001719,1,2016-01-27 19:05:00,2016-01-27 19:23:20,1,-74.06178545579688,40.69777279149043,-74.08001314205792,40.66815033622121,N,1100
id0001720,2,2016-03-18 14:51:00,2016-03-18 15:05:16,1,-74.0568664411001,40.80512918787332,-73.99949177962748,40.786507503080614,N,856
id0001721,1,2016-02-16 12:08:00,2016-02-16 12:18:32,1,-73.97561538022885,40.69510412265967,-74.0281429233108,40.70264666465274,N,632
id0001722,1,2016-05-03 14:17:00,2016-05-03 14:31:37,2,-73.95478641448544,40.72817843662401,-73.97546874098161,40.772359332566005,N,877
id0001723,2,2016-04-26 12:23:00,2016-04-26 12:32:37,1,-74.09863796427616,40.844532578733,-74.05964784877803,40.836185635858854,N,577
id0001724,1,2016-05-26 21:11:00,2016-05-26 21:23:53,4,-74.00267204507958,40.80873096427391,-74.0581096760775,40.80795039777098,N,773
id0001725,2,2016-03-08 07:30:00,2016-03-08 07:54:15,1,-73.89599372607434,40.7623921796623,-73.8161031038862,40.72648468436242,N,1455
id0001726,2,2016-02-11 23:59:00,2016-02-12 00:12:57,1,-73.99696300636467,40.71567614030245,-74.00672114319268,40.78088907941868,N,837
id0001727,2,2016-01-07 00:52:00,2016-01-07 01:02:11,1,-73.90306990500652,40.734182746198506,-73.86371617284296,40.73958194934847,N,611
id0001728,2,2016-06-05 15:08:00,2016-06-05 15:20:54,1,-73.94930246290744,40.76129738915636,-73.91004287989642,40.79901880644085,N,774
id0001729,1,2016-03-01 00:17:00,2016-03-01 00:21:55,1,-74.04463537804594,40.75968854545528,-74.05148833462425,40.760734947737646,N,295
id0001730,1,2016-05-17 08:04:00,2016-05-17 08:12:25,1,-74.00109692113435,40.753910808166836,-74.02265246616744,40.75689515545036,N,505
id0001731,1,2016-03-07 16:15:00,2016-03-07 16:31:11,1,-73.99207818311996,40.756612536866214,-73.9940115884079,40.70410172568639,N,971
id0001732,1,2016-03-01 10:13:00,2016-03-01 10:33:44,1,-74.03738813624514,40.74835312006327,-74.00531734510807,40.67307645462403,N,1244
id0001733,2,2016-02-12 15:25:00,2016-02-12 15:38:33,1,-74.0383427412546,40.6931109568962,-74.08273185923284,40.73692763931046,N,813
id0001734,2,2016-05-22 04:56:00,2016-05-22 05:08:11,1,-73.90212772743348,40.734757016602764,-73.95627436392638,40.73748905410195,N,731
id0001735,2,2016-02-22 02:37:00,2016-02-22 02:53:38,1,-74.03875483408311,40.79915808242941,-73.9719657116042,40.806383066733936,N,998
id0001736,2,2016-02-23 22:16:00,2016-02-23 22:29:18,1,-73.92568601579752,40.6964249566102,-73.958754493967,40.652708075283186,N,798
id0001737,2,2016-05-08 07:07:00,2016-05-08 07:26:13,1,-74.00900664631007,40.74947000198073,-73.99307287161879,40.717862755757956,N,1153
id0001738,2,2016-04-04 06:35:00,2016-04-04 06:49:17,2,-73.98641016314357,40.721111073205314,-73.99550935254403,40.75829164324504,N,857
id0001739,1,2016-05-15 19:41:00,2016-05-15 20:05:57,1,-73.95409855699688,40.76301076932292,-73.96120250950193,40.82391580130237,N,1497
id0001740,2,2016-01-19 20:18:00,2016-01-19 20:32:32,1,-74.01792072700975,40.740511506851995,-73.9535531895473,40.71876691636996,N,872
id0001741,2,2016-06-23 12:28:00,2016-06-23 12:38:20,3,-73.9537652627578,40.82448271492386,-73.95759787620689,40.84798463001657,N,620
id0001742,2,2016-02-13 02:01:00,2016-02-13 02:07:14,1,-74.09755363347516,40.78079624193857,-74.11361080924496,40.78744711458242,N,374
id0001743,2,2016-01-22 11:48:00,2016-01-22 11:53:39,3,-73.96081609363719,40.69896885754003,-73.97295329726956,40.69475034463731,N,339
id0001744,2,2016-01-20 21:41:00,2016-01-20 21:56:20,2,-74.1,40.788205260522616,-74.12265562885848,40.853023826228856,N,920
id0001745,1,2016-02-26 17:36:00,2016-02-26 17:45:49,2,-73.99747656996841,40.72314066646821,-74.02763065113653,40.707278608857415,N,589
id0001746,2,2016-03-18 01:53:00,2016-03-18 02:05:15,3,-73.93801663580749,40.73203516328801,-73.9604917446387,40.77546010558362,N,735
id0001747,2,2016-01-15 00:31:00,2016-01-15 00:49:43,1,-73.95077375816679,40.77212185590482,-73.8759293030868,40.78547167200129,N,1123
id0001748,1,2016-04-23 07:22:00,2016-04-23 07:31:59,1,-74.05641257634291,40.73587136611215,-74.02439557912518,40.73528023982938,N,599
id0001749,1,2016-04-21 14:54:00,2016-04-21 15:10:08,1,-74.04933154178514,40.798178511734534,-74.06486538648382,40.84619911279069,N,968
id0001750,1,2016-05-21 10:22:00,2016-05-21 10:33:42,1,-74.02287696221775,40.7231470472319,-73.97870245865991,40.7333017546767,N,702
id0001751,2,2016-01-03 23:35:00,2016-01-03 23:54:25,1,-73.9747581275703,40.730147405133394,-74.04618184863273,40.72677244158646,N,1165
id0001752,1,2016-01-18 12:25:00,2016-01-18 12:45:23,1,-74.0967563254524,40.728463309790335,-74.0348507996252,40.77674378584471,N,1223
id0001753,1,2016-02-07 08:59:00,2016-02-07 09:25:28,6,-73.98572729667167,40.73254625632403,-73.92744528702946,40.776270435206044,N,1588
id0001754,2,2016-03-20 17:51:00,2016-03-20 18:22:12,1,-73.967871384441,40.80746361999965,-73.86723635380993,40.84953233624004,N,1872
id0001755,2,2016-04-16 19:55:00,2016-04-16 20:42:14,1,-74.0005670449479,40.78629583321246,-73.95504723018936,40.65022268125578,N,2834
id0001756,1,2016-02-06 17:34:00,2016-02-06 17:44:50,1,-73.95610734675708,40.83494747793055,-73.93643179228314,40.85035365983139,N,650
id0001757,2,2016-03-06 06:58:00,2016-03-06 07:09:56,1,-73.97269517129206,40.860043989175466,-73.91459385397299,40.86746809093292,N,716
id0001758,1,2016-04-03 11:02:00,2016-04-03 11:08:15,1,-74.01479098426694,40.711617733563045,-74.04295240867874,40.71039751967005,N,375
id0001759,1,2016-04-09 01:50:00,2016-04-09 02:00:11,1,-74.09149041481427,40.76116886072973,-74.10928415694087,40.782511147918775,N,611
id0001760,1,2016-04-05 19:23:00,2016-04-05 19:27:40,5,-73.9776622805136,40.70507098575105,-73.980553297344,40.71419047628871,N,280
id0001761,2,2016-04-26 12:33:00,2016-04-26 12:47:07,1,-74.03741914508765,40.72300773325133,-73.97581947619713,40.74673099285778,N,847
id0001762,1,2016-05-17 12:29:00,2016-05-17 12:39:17,1,-74.01680884436739,40.7296462870385,-74.05532337024259,40.72026762376707,N,617
id0001763,1,2016-06-01 16:29:00,2016-06-01 16:53:24,1,-73.95864816801203,40.71042803066378,-74.00194094440266,40.76286435271995,N,1464
id0001764,2,2016-06-24 16:37:00,2016-06-24 16:51:33,1,-73.9070466639111,40.71066507271957,-73.89640245039179,40.73792811943162,N,873
id0001765,1,2016-03-12 12:04:00,2016-03-12 12:11:06,1,-73.9870933067893,40.75150720296659,-73.9548044344209,40.77049563363461,N,426
id0001766,2,2016-02-29 17:28:00,2016-02-29 17:54:04,1,-73.95452643399548,40.70324767117261,-73.98616505991279,40.72052735435235,N,1564
id0001767,2,2016-02-20 18:13:00,2016-02-20 18:30:39,1,-74.06444636376341,40.795895713161194,-74.03427755588868,40.836400558923465,N,1059
id0001768,1,2016-03-04 17:10:00,2016-03-04 17:42:26,1,-73.97149620304528,40.716701090816215,-73.90991823265301,40.75246016335896,N,1946
id0001769,2,2016-04-08 01:30:00,2016-04-08 01:41:20,2,-73.98829482657224,40.88443060365434,-73.93427405036549,40.88048358178022,N,680
id0001770,2,2016-04-19 23:05:00,2016-04-19 23:16:34,2,-73.91739248306556,40.737687699706605,-73.90149430848179,40.77234856303542,N,694
id0001771,1,2016-01-13 16:22:00,2016-01-13 16:27:01,1,-74.01472521618157,40.76124079388627,-74.01880211488158,40.767332622287746,N,301
id0001772,2,2016-06-30 18:38:00,2016-06-30 19:14:44,1,-73.99829006894393,40.699709646699034,-73.9201870053398,40.76680208440155,N,2204
id0001773,1,2016-01-08 15:04:00,2016-01-08 15:20:11,2,-73.9267652043077,40.83477412911574,-73.92607202455558,40.87319460250239,N,971
id0001774,1,2016-03-13 23:29:00,2016-03-13 23:38:43,1,-73.99006185858171,40.808377530636136,-73.94774590069903,40.78648120448648,N,583
id0001775,1,2016-03-23 07:22:00,2016-03-23 08:09:24,1,-74.0459862759708,40.77136121418313,-73.95786360940745,40.85293608831389,N,2844
id0001776,1,2016-03-03 20:08:00,2016-03-03 20:28:02,1,-73.84466016996905,40.69739388530492,-73.8070731063857,40.623822491045274,N,1202
id0001777,1,2016-02-09 16:34:00,2016-02-09 16:54:36,1,-74.04432260198352,40.76748000949761,-74.08919170746434,40.789787425421025,N,1236
id0001778,2,2016-04-06 13:23:00,2016-04-06 13:41:16,5,-73.98855850448523,40.70753560292923,-74.0443145296441,40.68316694639864,N,1096
id0001779,1,2016-01-02 07:31:00,2016-01-02 07:52:11,1,-73.96593215141858,40.82380598685631,-73.97932547532143,40.88968229713486,N,1271
id0001780,2,2016-05-15 07:04:00,2016-05-15 07:14:37,1,-73.97028103700329,40.794413762933395,-73.93835357644767,40.80326197521873,N,637
id0001781,1,2016-05-03 15:29:00,2016-05-03 15:38:34,1,-73.99543590372035,40.762294756731954,-73.97542053971237,40.73451191545391,N,574
id0001782,1,2016-05-20 07:29:00,2016-05-20 08:01:00,1,-73.99516182037894,40.648363095153876,-73.89584312743307,40.63903578022619,N,1920
id0001783,2,2016-05-28 12:58:00,2016-05-28 13:10:32,3,-73.99792125264584,40.71374628096034,-73.97834371969658,40.688758679907046,N,752
id0001784,2,2016-06-10 12:42:00,2016-06-10 12:50:03,1,-74.04637636222253,40.788949250921995,-74.06111121697631,40.77824705667204,N,483
id0001785,1,2016-01-27 21:56:00,2016-01-27 22:11:23,2,-73.86673794320674,40.81257976612754,-73.91773833784669,40.80107709957141,N,923
id0001786,2,2016-05-31 23:24:00,2016-05-31 23:35:55,1,-73.99709950047423,40.80791264151715,-73.94397981846886,40.781622186112614,N,715
id0001787,2,2016-04-12 15:07:00,2016-04-12 15:10:10,4,-73.95216879539473,40.68635941489914,-73.9524415507091,40.69581164830453,N,190
id0001788,1,2016-01-23 11:25:00,2016-01-23 11:37:35,3,-74.00340590717249,40.77156985380658,-74.07118219674297,40.785262699525816,N,755
id0001789,1,2016-06-28 02:02:00,2016-06-28 02:12:05,1,-74.00451200197955,40.803698184741734,-74.00351027484837,40.768827461047074,N,605
id0001790,2,2016-05-27 17:35:00,2016-05-27 18:09:02,3,-74.01004940144684,40.6833748995488,-74.05485761644755,40.62533549284226,N,2042
id0001791,1,2016-02-18 21:55:00,2016-02-18 22:02:13,1,-74.07024151833942,40.75764429680821,-74.08939520630516,40.76852777263345,N,433
id0001792,2,2016-06-11 02:01:00,2016-06-11 02:07:06,1,-73.99383416270665,40.770322907923884,-73.99355552376673,40.78894012721307,N,366
id0001793,1,2016-05-13 00:11:00,2016-05-13 00:21:08,1,-74.00738542098757,40.7444655936819,-74.04811843316264,40.77002318035054,N,608
id0001794,2,2016-03-22 08:51:00,2016-03-22 09:08:37,1,-73.92056615199483,40.67465271650695,-73.94250923959787,40.693943819862746,N,1057
id0001795,1,2016-01-30 12:03:00,2016-01-30 12:26:07,6,-74.05081850646715,40.74334358504669,-74.08430389900225,40.79838867219748,N,1387
id0001796,1,2016-05-13 01:27:00,2016-05-13 01:39:48,2,-74.01674309476552,40.743271255638525,-74.04902110859993,40.77816863168112,N,768
id0001797,2,2016-06-18 15:22:00,2016-06-18 15:51:20,1,-74.03441422567147,40.751336741795356,-74.07977514894239,40.8451307286699,N,1760
id0001798,2,2016-02-05 01:47:00,2016-02-05 02:08:11,5,-73.90566082832935,40.73264378585588,-73.92738523373649,40.84116643774503,N,1271
id0001799,1,2016-01-01 01:53:00,2016-01-01 02:10:54,1,-74.032817464467,40.73806445310414,-74.07307889434684,40.67653086253657,N,1074
id0001800,2,2016-02-11 18:27:00,2016-02-11 18:57:05,1,-73.95407350854006,40.75621321729439,-73.92767722332115,40.67931336520113,N,1805
id0001801,1,2016-02-23 15:22:00,2016-02-23 15:29:13,2,-73.93164111896267,40.77791045722364,-73.92260511655381,40.77765176179901,N,433
id0001802,2,2016-03-10 00:08:00,2016-03-10 00:22:23,1,-73.99303676012785,40.74430079567145,-73.93927457500327,40.76194893071726,N,863
id0001803,1,2016-06-26 17:03:00,2016-06-26 17:33:50,2,-74.06072460505173,40.739565798223445,-73.97582295248203,40.736909822908245,N,1850
id0001804,1,2016-06-24 08:21:00,2016-06-24 08:34:38,1,-74.060028462232,40.76215593172145,-74.02954883660551,40.78678124733347,N,818
id0001805,2,2016-05-02 01:34:00,2016-05-02 01:42:04,1,-73.93771297643622,40.67155878333472,-73.91748156032772,40.66210031069578,N,484
id0001806,1,2016-02-09 13:33:00,2016-02-09 13:43:33,1,-74.05433267103399,40.77946658072519,-74.02101749378072,40.755178304005696,N,633
id0001807,1,2016-02-08 13:20:00,2016-02-08 13:29:07,1,-73.9634385363917,40.75797466062947,-73.94244203962661,40.73897348053468,N,547
id0001808,2,2016-01-15 20:32:00,2016-01-15 20:36:36,1,-73.97871079895987,40.759786208696895,-73.97645182841568,40.752780315779646,N,276
id0001809,1,2016-05-24 00:41:00,2016-05-24 00:52:24,1,-73.9642577133629,40.801233043841755,-73.96557737464853,40.83075597588386,N,684
id0001810,1,2016-02-10 04:36:00,2016-02-10 04:47:39,1,-73.95906283556847,40.67012330114783,-74.00503798395127,40.653087376764525,N,699
id0001811,1,2016-06-12 10:50:00,2016-06-12 11:01:20,2,-74.03635189314298,40.66917747585635,-73.99860051319926,40.659063571254265,N,680
id0001812,1,2016-04-19 06:22:00,2016-04-19 06:28:12,1,-74.0386540498458,40.77032117303956,-74.04006231628942,40.79027876258112,N,372
id0001813,2,2016-03-29 16:24:00,2016-03-29 16:45:09,1,-73.94567900762448,40.75767974151922,-73.8804506537814,40.75072186760514,N,1269
id0001814,1,2016-06-18 03:06:00,2016-06-18 03:16:20,1,-74.01961395358104,40.76565796244364,-73.9784328379197,40.804742831716226,N,620
id0001815,2,2016-01-29 09:30:00,2016-01-29 09:47:09,1,-74.1,40.737204281617245,-74.12816782300241,40.70502156348902,N,1029
id0001816,2,2016-03-25 09:31:00,2016-03-25 09:51:21,1,-73.94931845861639,40.7878959153408,-73.89321736150595,40.74812318386451,N,1221
id0001817,1,2016-02-17 01:32:00,2016-02-17 01:55:24,1,-74.04199437084378,40.79996874793461,-74.15,40.81063076412525,N,1404
id0001818,2,2016-02-02 23:06:00,2016-02-02 23:28:48,1,-73.95930752671521,40.77977920322782,-73.87244736819211,40.79392929940708,N,1368
id0001819,1,2016-06-20 15:31:00,2016-06-20 15:44:23,6,-73.90839479828756,40.7462627193718,-73.9686248357863,40.71598913707888,N,803
id0001820,2,2016-04-20 03:48:00,2016-04-20 04:01:10,1,-73.98407806485059,40.66315397755736,-73.96179801678791,40.71017981660382,N,790
id0001821,1,2016-01-30 07:41:00,2016-01-30 08:15:34,1,-73.93023287925851,40.79261562936167,-73.91099915178188,40.859988417703626,N,2074
id0001822,2,2016-01-20 12:54:00,2016-01-20 13:12:10,2,-73.97654112757051,40.8129777899798,-73.92597386878764,40.79100289253037,N,1090
id0001823,2,2016-02-26 18:24:00,2016-02-26 18:56:16,1,-73.89769138695223,40.787005128539285,-73.91248274328093,40.839060652084875,N,1936
id0001824,1,2016-05-31 17:20:00,2016-05-31 17:58:52,1,-74.04341589098163,40.718416090768464,-74.13996422221543,40.63504146474844,N,2332
id0001825,1,2016-01-27 11:42:00,2016-01-27 11:54:10,1,-73.9854518239229,40.788320747715055,-74.00017977993502,40.82598467705019,N,730
id0001826,1,2016-05-14 23:50:00,2016-05-15 00:00:14,1,-73.94797611172272,40.79672383685827,-73.9578384153352,40.76670213986878,N,614
id0001827,2,2016-01-20 05:17:00,2016-01-20 05:34:57,3,-73.99547264663555,40.82814673115096,-74.08768628738332,40.86230927501998,N,1077
id0001828,1,2016-03-02 07:04:00,2016-03-02 07:19:15,1,-73.9216279551841,40.718575053409744,-73.91958623278087,40.68493039390126,N,915
id0001829,2,2016-04-05 00:12:00,2016-04-05 00:21:00,3,-74.0087621746731,40.74780954369552,-74.057175491663,40.74541247998358,N,540
id0001830,1,2016-01-24 11:33:00,2016-01-24 11:46:17,1,-73.8711845866604,40.79162724230146,-73.8419757570212,40.763273196422496,N,797
id0001831,1,2016-03-13 04:49:00,2016-03-13 04:55:17,2,-73.86827913726502,40.76058345321472,-73.87935272537722,40.75309762879235,N,377
id0001832,2,2016-02-18 17:45:00,2016-02-18 18:21:17,1,-73.9694860402075,40.707720257907695,-73.88123677035911,40.77176759892026,N,2177
id0001833,2,2016-01-09 09:39:00,2016-01-09 09:45:28,4,-73.95460693508049,40.7766577328262,-73.96613497463831,40.77287990994543,N,388
id0001834,2,2016-01-01 04:16:00,2016-01-01 04:33:36,1,-73.91945807104065,40.784039773521684,-73.9000904640553,40.85790033035909,N,1056
id0001835,2,2016-01-27 10:12:00,2016-01-27 10:20:07,1,-74.05029585694321,40.7619583303349,-74.05988407473389,40.74845489069665,N,487
id0001836,2,2016-05-16 05:25:00,2016-05-16 05:45:46,1,-74.05716000080177,40.7678813217231,-74.13020706928249,40.82009308635634,N,1246
id0001837,1,2016-01-07 20:29:00,2016-01-07 20:47:06,5,-73.91589695973784,40.74635823442414,-73.92510904496902,40.6894589931962,N,1086
id0001838,2,2016-04-02 00:30:00,2016-04-02 00:40:54,1,-73.96993063399198,40.824522552107226,-73.93602702913927,40.81449473516899,N,654
id0001839,1,2016-01-05 11:24:00,2016-01-05 11:35:20,1,-73.99745778852889,40.71746885173293,-73.97036824727397,40.69870500224654,N,680
id0001840,1,2016-02-09 06:01:00,2016-02-09 06:20:09,5,-73.98438821834154,40.73157056567563,-73.9975852665438,40.78539026170353,N,1149
id0001841,1,2016-02-02 11:33:00,2016-02-02 11:46:13,2,-74.1,40.75849434810874,-74.15,40.764978055620006,N,793
id0001842,1,2016-03-02 20:23:00,2016-03-02 20:44:23,1,-73.99548092729513,40.79755293124654,-73.96648029084713,40.72447002030888,N,1283
id0001843,1,2016-05-15 08:15:00,2016-05-15 08:50:25,1,-74.02641757065562,40.69061820734575,-74.00754067430977,40.644763669430425,N,2125
id0001844,1,2016-03-17 15:16:00,2016-03-17 15:30:29,1,-73.93450606015116,40.69903664626056,-73.8965525717278,40.66359346753228,N,869
id0001845,2,2016-01-03 16:30:00,2016-01-03 16:43:57,5,-73.93027330718888,40.66630221715194,-73.94260835597444,40.698993977445866,N,837
id0001846,1,2016-01-27 07:57:00,2016-01-27 08:21:16,1,-73.95328258712286,40.7594712851364,-74.02907945279928,40.78764654706437,N,1456
id0001847,2,2016-02-25 09:57:00,2016-02-25 10:09:44,2,-73.96324977431604,40.70767623822571,-73.93923056607758,40.69716225807207,N,764
id0001848,2,2016-02-20 16:06:00,2016-02-20 16:20:07,1,-74.06735407117961,40.740695245049196,-74.06776549560792,40.72149740227258,N,847
id0001849,2,2016-04-12 18:59:00,2016-04-12 19:24:46,5,-73.95251463060018,40.78776201854513,-73.88988886079717,40.81283560697488,N,1546
id0001850,1,2016-03-04 20:37:00,2016-03-04 20:49:47,1,-73.9503831129962,40.729130577564774,-73.94909012653612,40.68959726932965,N,767
id0001851,2,2016-05-15 08:29:00,2016-05-15 08:37:44,1,-73.91651440404272,40.768407691023455,-73.91856041405624,40.78442610525172,N,524
id0001852,1,2016-02-15 22:48:00,2016-02-15 22:53:40,2,-73.86849846031635,40.74452979415118,-73.84972200908237,40.75756792404164,N,340
id0001853,1,2016-05-03 09:01:00,2016-05-03 09:12:29,6,-74.07809083704643,40.78824514417934,-74.10495273514248,40.77863450842201,N,689
id0001854,2,2016-01-19 07:55:00,2016-01-19 08:05:08,4,-74.006366225409,40.779380763030666,-74.03539733285956,40.79329949180727,N,608
id0001855,1,2016-06-28 21:26:00,2016-06-28 21:30:42,1,-74.02582466504367,40.72686298367215,-74.03022995202888,40.730436286029764,N,282
id0001856,1,2016-06-28 13:51:00,2016-06-28 14:04:02,1,-73.97551210463882,40.75041067109698,-74.01693038851097,40.767820353413455,N,782
id0001857,2,2016-02-20 03:56:00,2016-02-20 04:08:19,2,-73.984262897798,40.80496845289743,-73.99457219374398,40.75827487210062,N,739
id0001858,1,2016-02-12 14:54:00,2016-02-12 15:12:13,1,-73.9978745140194,40.77570195916144,-73.9105942529342,40.79720952847994,N,1093
id0001859,1,2016-01-01 00:36:00,2016-01-01 00:48:34,1,-73.92848176012293,40.695136707401204,-73.88156324242024,40.731067753933786,N,754
id0001860,1,2016-06-26 15:06:00,2016-06-26 15:14:20,1,-74.04557778161494,40.78750281275271,-74.03171607425196,40.79873611247247,N,500
id0001861,1,2016-01-07 22:56:00,2016-01-07 23:09:53,1,-74.04226168070659,40.709192521990374,-73.97243620396361,40.730235076775074,N,833
id0001862,1,2016-01-01 09:10:00,2016-01-01 09:25:26,1,-74.0413323899104,40.821563088148245,-74.07845271432069,40.817715912038906,N,926
id0001863,2,2016-01-18 17:57:00,2016-01-18 18:28:26,1,-74.00481801730842,40.804084447792846,-73.89274822316382,40.83528108761205,N,1886
id0001864,1,2016-02-23 16:15:00,2016-02-23 16:24:11,5,-74.05257246187514,40.77104484641633,-74.07329507516533,40.773328495895626,N,551
id0001865,2,2016-06-26 11:50:00,2016-06-26 12:08:47,1,-73.98767143188395,40.76507547795463,-73.89750016658604,40.72489753306872,N,1127
id0001866,1,2016-01-31 07:39:00,2016-01-31 08:28:13,1,-73.9941019607047,40.748593548478766,-73.90412882355461,40.77730111389968,N,2953
id0001867,1,2016-04-13 17:58:00,2016-04-13 18:38:46,1,-74.02825833126995,40.788533577813006,-74.10715367257583,40.73133845915024,N,2446
id0001868,1,2016-04-28 09:08:00,2016-04-28 09:24:50,1,-73.9369428560269,40.74131498237421,-73.87092370958553,40.75121227342431,N,1010
id0001869,2,2016-05-25 11:38:00,2016-05-25 11:44:41,2,-73.98827252905576,40.7686006441788,-74.00104844037614,40.75515284442715,N,401
id0001870,2,2016-05-07 06:54:00,2016-05-07 07:01:44,3,-73.92655439497825,40.79723704649338,-73.95211297555757,40.78155264525371,N,464
id0001871,1,2016-06-28 06:49:00,2016-06-28 06:54:53,1,-73.99572774181624,40.73271870554135,-73.97211902640882,40.73873831178877,N,353
id0001872,1,2016-04-30 10:13:00,2016-04-30 10:28:18,6,-73.98633071885273,40.73027132670042,-74.0316869084667,40.705446240021786,N,918
id0001873,2,2016-06-02 15:45:00,2016-06-02 15:55:50,1,-74.0159530322575,40.7042535533674,-73.99336316330127,40.72218076386188,N,650
id0001874,2,2016-02-28 05:03:00,2016-02-28 05:11:59,2,-73.98538755972945,40.71009872642433,-74.02772331143284,40.712086608566096,N,539
id0001875,2,2016-03-15 04:27:00,2016-03-15 04:33:08,4,-73.94582727816274,40.675722210985136,-73.93785871059596,40.65411692268571,N,368
id0001876,2,2016-05-14 03:58:00,2016-05-14 04:17:53,2,-74.00762338277487,40.790842295505705,-73.94753206671581,40.83767858045733,N,1193
id0001877,2,2016-06-08 09:51:00,2016-06-08 10:01:36,1,-73.9564873420606,40.83940115439373,-73.93909403496613,40.84656854575421,N,636
id0001878,1,2016-01-01 22:12:00,2016-01-01 22:20:27,1,-74.02970108285751,40.822139802456164,-74.04589170428517,40.844217835126024,N,507
id0001879,1,2016-03-19 22:37:00,2016-03-19 22:57:00,1,-73.94325221889628,40.68482619801181,-73.91888871890858,40.73440680354412,N,1200
id0001880,2,2016-05-26 00:27:00,2016-05-26 00:51:17,1,-74.01689482050216,40.79061846022003,-74.08018643139238,40.839624708972835,N,1457
id0001881,2,2016-01-21 17:48:00,2016-01-21 18:11:46,1,-73.9381576069724,40.82199478574656,-73.97590634226121,40.84228727663153,N,1426
id0001882,2,2016-03-05 05:04:00,2016-03-05 05:11:25,1,-73.98164629016615,40.737443550866764,-74.00100844288897,40.72685051383142,N,445
id0001883,1,2016-04-09 18:14:00,2016-04-09 18:48:05,1,-73.9013475446635,40.76256513437926,-73.86593928358818,40.712525501815456,N,2045
id0001884,2,2016-01-16 01:56:00,2016-01-16 02:02:02,1,-74.04847372494397,40.667644812713796,-74.03021278102202,40.674878987230585,N,362
id0001885,1,2016-06-15 15:59:00,2016-06-15 16:09:31,1,-74.06618972253216,40.77000312755895,-74.0421072320796,40.80831357861256,N,631
id0001886,1,2016-03-07 22:20:00,2016-03-07 22:26:32,2,-74.01889194852866,40.71013981217544,-74.02012416322962,40.72254083085421,N,392
id0001887,2,2016-05-22 18:51:00,2016-05-22 20:26:03,1,-74.06115360214189,40.76698357580602,-74.096618086212,40.64642313406414,N,5703
id0001888,2,2016-03-18 19:02:00,2016-03-18 19:24:31,1,-74.06105041919355,40.6877458685015,-73.99408515704793,40.71819804392043,N,1351
id0001889,1,2016-03-14 03:37:00,2016-03-14 03:44:58,2,-73.9508147081747,40.78242862010149,-73.98221541362575,40.815031090518644,N,478
id0001890,1,2016-06-24 19:25:00,2016-06-24 19:35:08,1,-73.98522983363769,40.804103070394206,-73.96637308090092,40.79356029361379,N,608
id0001891,2,2016-06-04 14:03:00,2016-06-04 14:11:50,1,-74.01138245371874,40.72275690622282,-74.01642716311066,40.757349564856696,N,530
id0001892,1,2016-04-03 21:15:00,2016-04-03 21:24:49,2,-74.0062829428518,40.706838483836535,-73.98094825033523,40.728817273340304,N,589
id0001893,1,2016-03-25 11:32:00,2016-03-25 11:42:32,1,-74.01784807153795,40.660978963085256,-74.04509498587272,40.636986225355386,N,632
id0001894,1,2016-05-22 02:33:00,2016-05-22 02:44:38,1,-73.89422969576995,40.74601139096662,-73.84685922353003,40.79050693003424,N,698
id0001895,2,2016-05-04 14:13:00,2016-05-04 14:33:19,2,-74.02545281392037,40.73182827295733,-73.96343030770775,40.68746658064862,N,1219
id0001896,1,2016-06-27 05:25:00,2016-06-27 05:36:04,2,-74.05771736439458,40.68820412644434,-74.01310782568224,40.68620056295798,N,664
id0001897,2,2016-03-01 15:08:00,2016-03-01 15:13:01,1,-73.94121721603825,40.77838584403405,-73.93412407636944,40.77289076308703,N,301
id0001898,2,2016-01-21 12:09:00,2016-01-21 12:23:40,1,-73.99686655928413,40.737751332816096,-74.0164471953588,40.70886099748949,N,880
id0001899,1,2016-02-05 10:30:00,2016-02-05 11:04:22,2,-73.87286744711501,40.709591881860966,-73.74587241684134,40.72022466722868,N,2062
id0001900,2,2016-04-06 00:57:00,2016-04-06 01:13:40,1,-74.01394131013367,40.733044241746185,-74.05856441464796,40.778907153231245,N,1000
id0001901,2,2016-02-27 01:14:00,2016-02-27 01:29:46,1,-73.93847087011338,40.80620870425184,-73.89881554028597,40.849879669766985,N,946
id0001902,1,2016-05-27 07:05:00,2016-05-27 07:15:02,1,-73.92547914681704,40.78513216246899,-73.91050382685358,40.810460409984955,N,602
id0001903,2,2016-06-08 06:42:00,2016-06-08 06:57:37,1,-74.01367347077111,40.752148827232574,-74.01648765566915,40.692791539491765,N,937
id0001904,2,2016-02-04 00:17:00,2016-02-04 00:32:04,1,-74.025860642235,40.785859725830925,-74.01752830994697,40.739101395300224,N,904
id0001905,2,2016-06-29 03:19:00,2016-06-29 03:26:15,2,-73.9442248407988,40.7057589619626,-73.96718452945005,40.71157488115416,N,435
id0001906,2,2016-04-24 21:12:00,2016-04-24 21:17:33,1,-73.95338094451473,40.75945665453272,-73.93416344506869,40.7582584280948,N,333
id0001907,2,2016-02-18 00:47:00,2016-02-18 00:52:29,5,-74.0625835555391,40.76462950487189,-74.04832645367091,40.74719671090945,N,329
id0001908,1,2016-02-06 14:46:00,2016-02-06 15:24:17,2,-74.04706395999676,40.73685735711756,-73.92656956496513,40.80354366902848,N,2297
id0001909,1,2016-01-31 02:18:00,2016-01-31 02:29:31,2,-74.1,40.77759562511809,-74.05181300032123,40.78130073047908,N,691
id0001910,1,2016-03-26 17:48:00,2016-03-26 18:01:41,2,-73.95225372303116,40.722880494541,-73.92903899828548,40.74186494048268,N,821
id0001911,2,2016-01-13 22:29:00,2016-01-13 22:39:57,1,-73.99940049562247,40.78094193184993,-73.97350034362353,40.81551821768313,N,657
id0001912,2,2016-01-24 20:48:00,2016-01-24 21:05:43,1,-73.99391827315364,40.78283364471891,-73.91113907865633,40.78475719045745,N,1063
id0001913,1,2016-05-17 04:41:00,2016-05-17 05:03:21,1,-74.0780294253736,40.62672780536863,-74.12169862078692,40.71741498124556,N,1341
id0001914,1,2016-03-29 23:17:00,2016-03-29 23:27:17,1,-74.04539562941991,40.81156375665796,-74.05361860288919,40.77865072607271,N,617
id0001915,1,2016-04-06 02:18:00,2016-04-06 02:35:20,1,-74.01128774019122,40.62085653455913,-74.09710898743677,40.599644028912834,N,1040
id0001916,2,2016-02-29 02:11:00,2016-02-29 02:22:23,2,-74.02197790800813,40.73027779384998,-73.99683308511084,40.69727889371009,N,683
id0001917,1,2016-04-11 05:02:00,2016-04-11 05:17:02,2,-73.97851901584653,40.8041406615416,-73.94035119707203,40.85883370156656,N,902
id0001918,1,2016-03-03 09:49:00,2016-03-03 10:14:05,1,-73.95290925303524,40.743722097363644,-73.99771125538581,40.7717951029613,N,1505
id0001919,1,2016-01-09 05:27:00,2016-01-09 05:44:56,1,-73.86017130868932,40.69202163078887,-73.79559270787928,40.67297631384372,N,1076
id0001920,1,2016-04-13 09:55:00,2016-04-13 10:14:31,1,-73.9861009366517,40.708781832222755,-74.0184505363198,40.67854615909934,N,1171
id0001921,2,2016-01-15 18:03:00,2016-01-15 18:27:54,2,-73.92365285352967,40.80421075858443,-73.93906391843542,40.852681926105525,N,1494
id0001922,1,2016-05-05 08:53:00,2016-05-05 09:02:56,5,-74.03064850273388,40.671532296125314,-74.02526803653097,40.684191366162175,N,596
id0001923,1,2016-06-15 11:04:00,2016-06-15 11:29:15,1,-74.07712204732364,40.80880459954329,-74.00538321099945,40.858169228444865,N,1515
id0001924,2,2016-05-01 11:24:00,2016-05-01 11:35:01,1,-74.00437659056905,40.7555204055431,-74.04299549238269,40.75341517826575,N,661
id0001925,2,2016-04-14 23:09:00,2016-04-14 23:18:47,3,-74.07287469448308,40.70434221013009,-74.05976857384162,40.72224594641527,N,587
id0001926,1,2016-06-24 12:08:00,2016-06-24 12:15:47,1,-73.9841929758057,40.73175982174638,-73.94932527684004,40.74226778967992,N,467
id0001927,1,2016-02-09 21:29:00,2016-02-09 21:38:10,2,-74.02792497684797,40.71222490465043,-74.00234381948239,40.69038100794734,N,550
id0001928,2,2016-05-20 20:43:00,2016-05-20 20:49:28,1,-74.0924849262715,40.796980134038634,-74.0652418797835,40.791935088480315,N,388
id0001929,1,2016-02-07 18:11:00,2016-02-07 18:29:59,1,-73.8895186169777,40.79095925143933,-73.85525110697986,40.74950863438889,N,1139
id0001930,2,2016-01-01 02:05:00,2016-01-01 02:16:05,1,-74.0145658942208,40.68063774897558,-74.03952841682802,40.69793148780603,N,665
id0001931,2,2016-02-13 20:15:00,2016-02-13 20:34:58,2,-74.07506906166194,40.73983835466663,-73.99911897125457,40.76648206078877,N,1198
id0001932,2,2016-04-01 10:38:00,2016-04-01 10:49:33,1,-73.9356005515221,40.71915664519451,-73.94060227443985,40.753812287198194,N,693
id0001933,2,2016-01-12 14:29:00,2016-01-12 14:39:03,2,-74.02507378993965,40.816207948580676,-74.03604695907386,40.839537019841664,N,603
id0001934,2,2016-02-20 17:32:00,2016-02-20 17:54:06,3,-73.92504086814701,40.69724553968431,-73.86439772058789,40.6927581849067,N,1326
id0001935,1,2016-01-10 01:21:00,2016-01-10 01:36:18,2,-74.0253366884073,40.83019030971083,-74.05371219741676,40.884509282288526,N,918
id0001936,2,2016-02-14 06:52:00,2016-02-14 07:04:25,5,-74.01474937296446,40.75650173672174,-74.00033685438301,40.78773253379227,Y,745
id0001937,2,2016-05-11 00:53:00,2016-05-11 01:07:54,3,-73.96603425597876,40.7057129517129,-73.99856181405855,40.7543120722709,N,894
id0001938,2,2016-01-28 16:41:00,2016-01-28 17:19:14,2,-73.95237293406127,40.72752266171958,-73.83900732236624,40.77831769637604,N,2294
id0001939,2,2016-02-18 00:05:00,2016-02-18 00:24:55,1,-73.94273339444626,40.72192715216542,-73.83884394119356,40.717531164229676,N,1195
id0001940,1,2016-01-25 16:35:00,2016-01-25 16:46:34,2,-73.98993576263011,40.70064217190931,-73.99489660679475,40.71421795290057,N,694
id0001941,1,2016-03-10 23:20:00,2016-03-10 23:31:54,6,-73.9559260803145,40.76226720868787,-73.93253250750698,40.78937699011028,N,714
id0001942,2,2016-05-18 12:17:00,2016-05-18 12:33:40,1,-73.94399042661921,40.70274380021887,-73.94375643539207,40.662523837655165,N,1000
id0001943,1,2016-04-07 19:12:00,2016-04-07 19:32:38,1,-73.97396869737882,40.65988352060678,-73.9896556743572,40.620439459573525,N,1238
id0001944,1,2016-02-06 10:26:00,2016-02-06 10:40:56,1,-73.99284619622954,40.74091455881184,-73.98746277876977,40.69543865120201,Y,896
id0001945,2,2016-02-28 06:02:00,2016-02-28 06:05:15,2,-74.06449122215271,40.6768714711612,-74.06631828673773,40.673087968063,N,195
id0001946,2,2016-05-01 22:44:00,2016-05-01 23:01:19,6,-73.9520454213771,40.72415276093697,-74.02047545471153,40.71248666386456,N,1039
id0001947,1,2016-03-28 03:20:00,2016-03-28 03:35:39,1,-73.98268044654723,40.717090370012855,-73.97084439707679,40.66684189802252,N,939
id0001948,1,2016-03-24 16:59:00,2016-03-24 17:03:09,6,-74.00774887187929,40.71879527675884,-74.00965205114235,40.72402281472829,N,249
id0001949,1,2016-06-06 10:21:00,2016-06-06 10:28:04,1,-73.91472285000246,40.84804333957156,-73.90067382945395,40.84469667748648,N,424
id0001950,2,2016-05-29 02:07:00,2016-05-29 02:19:56,1,-74.06353084981023,40.76053852052263,-74.06701914980964,40.80191692647532,N,776
id0001951,1,2016-02-14 10:13:00,2016-02-14 10:34:50,4,-73.89457800265492,40.769041695404795,-73.91079327401145,40.83949596317443,N,1310
id0001952,1,2016-05-08 04:13:00,2016-05-08 04:23:09,5,-73.98622503032489,40.6780620766646,-73.94685407761249,40.6940378385791,N,609
id0001953,1,2016-05-24 00:13:00,2016-05-24 00:22:09,1,-73.96753650018233,40.72857165898634,-73.94354545201546,40.70418959073852,N,549
id0001954,2,2016-06-12 19:07:00,2016-06-12 19:28:25,5,-74.00672742629916,40.76768861834737,-73.94390529780206,40.79032397155452,N,1285
id0001955,2,2016-02-18 00:55:00,2016-02-18 01:00:49,3,-74.07668901018879,40.711896198918915,-74.05442617078754,40.71222180123513,N,349
id0001956,1,2016-05-12 11:50:00,2016-05-12 11:56:11,3,-73.99267854441561,40.79886282795831,-74.0015708392473,40.79045844407596,N,371
id0001957,2,2016-02-04 00:35:00,2016-02-04 00:44:37,3,-73.9665890301209,40.703878653634455,-73.9388344464426,40.673722614393164,N,577
id0001958,2,2016-03-21 21:49:00,2016-03-21 22:04:02,1,-73.94780760044786,40.74511352388607,-74.03693519261361,40.7288658225133,N,902
id0001959,2,2016-01-14 05:22:00,2016-01-14 05:36:47,1,-73.99589182591414,40.7316276762011,-73.90122623092125,40.72540499080652,N,887
id0001960,1,2016-04-19 21:32:00,2016-04-19 21:42:10,1,-74.1,40.76539442967219,-74.08765289353,40.79353780339798,N,610
id0001961,2,2016-05-04 12:35:00,2016-05-04 12:53:38,1,-74.06979137395204,40.729177946766505,-73.97149085871638,40.74706384208078,N,1118
id0001962,2,2016-03-22 07:36:00,2016-03-22 08:09:18,1,-73.87213892069302,40.74580978678181,-73.91125944837864,40.80970495178431,N,1998
id0001963,2,2016-03-15 22:00:00,2016-03-15 22:11:17,1,-74.04508947910746,40.74737414586999,-74.09538352132509,40.770975978454615,N,677
id0001964,1,2016-02-14 01:09:00,2016-02-14 01:17:10,1,-73.90651227979684,40.72495255091739,-73.89004978162694,40.73980287327708,N,490
id0001965,2,2016-05-20 05:13:00,2016-05-20 05:18:37,1,-74.03637477055797,40.77982922408237,-74.02006070713347,40.76911116129083,N,337
id0001966,2,2016-06-14 16:23:00,2016-06-14 16:38:37,1,-73.99503507503503,40.76872747686769,-73.97981406018538,40.73241627250305,N,937
id0001967,2,2016-01-25 03:30:00,2016-01-25 03:37:56,1,-73.950613545722,40.75401237246361,-73.94225136657573,40.734066101998756,N,476
id0001968,2,2016-02-20 04:52:00,2016-02-20 05:03:21,1,-74.03011069456194,40.73862937499421,-74.05837596680362,40.714135021797546,N,681
id0001969,2,2016-04-19 19:26:00,2016-04-19 20:10:41,1,-73.89742816753325,40.793844481373405,-73.96426917826679,40.70421274274579,N,2681
id0001970,1,2016-03-07 13:46:00,2016-03-07 14:11:26,1,-73.98083494030624,40.74738745902837,-73.96809316525696,40.71208534663827,N,1526
id0001971,1,2016-01-03 08:43:00,2016-01-03 09:13:45,4,-73.95965320345351,40.74419862204783,-74.01736984346694,40.80027596369564,N,1845
id0001972,2,2016-01-04 19:08:00,2016-01-04 19:26:55,2,-73.99971838544106,40.762711051344965,-74.0616836688393,40.77561205879853,N,1135
id0001973,1,2016-02-12 13:22:00,2016-02-12 13:28:59,1,-73.94877038421406,40.83434640073369,-73.96589881514512,40.82116806579661,N,419
id0001974,2,2016-06-25 02:28:00,2016-06-25 02:34:44,6,-73.89816639930825,40.69768397063905,-73.87878674496848,40.71163076441395,N,404
id0001975,2,2016-04-20 22:56:00,2016-04-20 23:18:07,2,-73.99222072656927,40.79264356018749,-73.90277156089275,40.724274401786964,N,1327
id0001976,2,2016-02-16 10:55:00,2016-02-16 11:07:22,1,-73.88986579650879,40.672807297744285,-73.84579912786236,40.68268071782047,N,742
id0001977,2,2016-01-11 04:46:00,2016-01-11 05:02:56,1,-74.01863776946085,40.76777729212029,-73.95414297804004,40.812489521330455,N,1016
id0001978,1,2016-05-17 15:01:00,2016-05-17 15:10:22,1,-73.94297471783565,40.8288787272424,-73.91355994189621,40.82463966909427,N,562
id0001979,1,2016-03-09 15:44:00,2016-03-09 16:05:23,1,-73.95809871150664,40.77999008360103,-73.94159029415417,40.71797045018233,N,1283
id0001980,1,2016-03-12 15:36:00,2016-03-12 15:55:39,2,-74.04377201399753,40.76567812853429,-73.931011449829,40.7511902098171,N,1179
id0001981,1,2016-04-12 05:20:00,2016-04-12 05:39:36,1,-73.97324046624495,40.732779773903864,-74.0327689688701,40.77755394372827,N,1176
id0001982,2,2016-02-11 13:43:00,2016-02-11 13:50:40,6,-73.98459487341823,40.75939712402199,-74.00319023765597,40.768449162013404,N,460
id0001983,2,2016-05-12 10:05:00,2016-05-12 10:28:12,1,-74.03192556969523,40.74665717330685,-74.04700865932644,40.697016319989075,N,1392
id0001984,1,2016-02-27 02:15:00,2016-02-27 02:33:22,5,-73.96530986611933,40.722631052643095,-73.92509980015821,40.80549807391453,N,1102
id0001985,1,2016-05-08 10:18:00,2016-05-08 10:35:25,1,-73.97695407496403,40.74495559730364,-74.02099902905991,40.70107229923506,N,1045
id0001986,1,2016-04-04 03:48:00,2016-04-04 03:56:03,1,-73.98899228210189,40.76692715222819,-73.95463794976094,40.75842479187173,N,483
id0001987,2,2016-01-27 23:15:00,2016-01-27 23:27:00,1,-73.98877176079823,40.723475231916126,-73.96268751836861,40.6871667218933,N,720
id0001988,1,2016-04-23 11:04:00,2016-04-23 11:19:42,1,-73.9899505642408,40.72171731806919,-73.95334992966819,40.68545724754721,N,942
id0001989,2,2016-01-14 16:20:00,2016-01-14 16:31:55,1,-74.00522347916855,40.69678904530836,-73.96943844206052,40.680963756257626,N,715
id0001990,1,2016-05-10 03:16:00,2016-05-10 03:30:59,4,-73.97730912477418,40.775582626174,-73.90808474112572,40.79784788176861,N,899
id0001991,1,2016-03-09 11:56:00,2016-03-09 12:10:54,1,-74.02041528168,40.78253954678852,-74.02262970751218,40.827708147371204,N,894
id0001992,2,2016-05-02 00:40:00,2016-05-02 00:46:58,1,-73.83887547796915,40.76842471999065,-73.81501837204203,40.75490883396951,N,418
id0001993,2,2016-02-13 19:50:00,2016-02-13 20:11:42,1,-74.06251332850059,40.801432672172794,-74.09565804635092,40.76607764777632,N,1302
id0001994,1,2016-03-15 02:25:00,2016-03-15 02:38:12,1,-74.0171604842479,40.76195404366864,-74.06057625970993,40.77870641975173,N,792
id0001995,2,2016-02-25 15:15:00,2016-02-25 15:34:33,1,-74.01281581575174,40.77564049218146,-73.93339852044457,40.79341921744398,N,1173
id0001996,2,2016-02-15 16:01:00,2016-02-15 16:16:19,1,-73.87277286221214,40.77167268415369,-73.90931820764321,40.780085855898065,N,919
id0001997,1,2016-03-03 07:58:00,2016-03-03 08:11:38,3,-74.05760740574877,40.753880699126185,-74.0287483622859,40.76353159257792,N,818
id0001998,1,2016-01-10 18:49:00,2016-01-10 18:57:45,1,-73.96157427361076,40.73411301773417,-73.93767734763293,40.73017319211214,N,525
id0001999,1,2016-03-13 06:52:00,2016-03-13 07:06:37,5,-73.97133832642244,40.85763686771064,-73.91846418617726,40.86107214762009,N,877
id0002000,1,2016-01-23 09:50:00,2016-01-23 10:14:59,1,-73.9666518732429,40.737662205906595,-74.04127090242986,40.73130441640477,N,1499
id0002001,1,2016-04-04 09:14:00,2016-04-04 09:37:14,1,-73.91700112605639,40.72803550299958,-73.87689681139182,40.76549403344588,N,1394
id0002002,2,2016-01-17 11:50:00,2016-01-17 12:12:17,1,-73.91812938521392,40.77753044205526,-73.9207408255026,40.855526524579965,N,1337
id0002003,2,2016-01-02 16:38:00,2016-01-02 16:50:12,1,-74.0098026254586,40.76933344868828,-74.03679853578942,40.77562130899803,N,732
id0002004,2,2016-03-20 21:48:00,2016-03-20 21:51:51,1,-73.97432904027782,40.69478438035754,-73.98561582830705,40.69455435167854,N,231
id0002005,2,2016-02-24 05:40:00,2016-02-24 05:52:29,1,-74.08752561176837,40.80852052145537,-74.04087092635153,40.81747566925452,N,749
id0002006,2,2016-06-08 14:11:00,2016-06-08 14:23:45,1,-73.9795498845313,40.753761244109214,-73.94664406125166,40.7307339810748,N,765
id0002007,1,2016-02-18 02:45:00,2016-02-18 02:54:38,3,-74.02866941853075,40.7080081007153,-74.034425974141,40.73478234370396,N,578
id0002008,1,2016-03-13 16:14:00,2016-03-13 16:32:51,5,-73.99525103342783,40.811495285145924,-74.04651086931095,40.82693645946377,N,1131
id0002009,2,2016-02-12 23:49:00,2016-02-12 23:59:55,1,-74.07769545256492,40.78615540072183,-74.12577995942596,40.77143894344034,N,655
id0002010,1,2016-06-10 21:13:00,2016-06-10 21:27:11,1,-73.96273202423045,40.701095610362344,-73.92884566703384,40.73266794902883,N,851
id0002011,2,2016-05-23 12:41:00,2016-05-23 12:55:46,1,-74.07831127825666,40.8379732278116,-74.13580968741111,40.83863786970369,N,886
id0002012,1,2016-02-01 07:12:00,2016-02-01 07:24:28,1,-73.97684434662646,40.78764588157648,-73.98216129859746,40.75369389922988,N,748
id0002013,1,2016-02-15 17:40:00,2016-02-15 18:19:55,1,-74.05245780761624,40.75754117479688,-73.93180956188414,40.76984733038668,N,2395
id0002014,2,2016-02-03 22:21:00,2016-02-03 22:28:52,1,-74.03173025693248,40.829559846252984,-74.01105001920583,40.83785458387196,N,472
id0002015,1,2016-01-28 11:24:00,2016-01-28 11:34:01,2,-73.92148973436001,40.76516840027234,-73.88808852018023,40.79878303538621,N,601
id0002016,2,2016-02-13 19:36:00,2016-02-13 19:59:26,1,-73.95266451297475,40.75673626162032,-74.00041110020874,40.785840404872935,N,1406
id0002017,2,2016-06-04 00:46:00,2016-06-04 00:58:05,5,-73.92179382742812,40.72828649477901,-73.97702240195588,40.724463573207004,N,725
id0002018,1,2016-03-24 12:09:00,2016-03-24 12:20:40,2,-73.89921500771243,40.784183269768825,-73.86340301604571,40.76766022699435,N,700
id0002019,1,2016-03-10 16:41:00,2016-03-10 16:46:41,1,-74.02750612889268,40.77944713352958,-74.04021196839295,40.7795081647816,N,341
id0002020,1,2016-02-04 17:25:00,2016-02-04 17:44:31,1,-73.90255655856575,40.75866060629504,-73.84974359189539,40.77137641708344,N,1171
id0002021,2,2016-02-03 11:51:00,2016-02-03 11:56:48,1,-74.06560281108983,40.72245061407596,-74.05916181539673,40.739382017297736,N,348
id0002022,1,2016-04-11 01:15:00,2016-04-11 01:52:13,1,-73.94396448160003,40.76384684343748,-73.78392815625028,40.77439627072224,N,2233
id0002023,2,2016-05-16 17:16:00,2016-05-16 17:23:11,1,-74.012133574303,40.754859054640704,-74.03338796599209,40.751682386619194,N,431
id0002024,2,2016-04-11 13:05:00,2016-04-11 13:18:18,1,-74.03616650784517,40.697993655656965,-74.01865558903164,40.73288225135778,N,798
id0002025,2,2016-04-29 14:32:00,2016-04-29 14:41:17,1,-73.95120415729825,40.691768444190416,-73.98694071211469,40.668167877897154,N,557
id0002026,1,2016-02-17 14:13:00,2016-02-17 14:42:07,1,-73.93302766611569,40.783431902046445,-73.88208406563633,40.870211022871864,N,1747
id0002027,1,2016-06-21 01:04:00,2016-06-21 01:14:45,1,-73.93466023873444,40.64091502582268,-73.91033718101009,40.66762248912806,N,645
id0002028,2,2016-05-29 17:02:00,2016-05-29 17:20:46,2,-73.97318270611079,40.76724347371326,-74.01193624951443,40.72778148460231,N,1126
id0002029,1,2016-06-08 18:12:00,2016-06-08 18:17:41,5,-73.97774234842689,40.73648626240108,-73.98752016866199,40.74296928898386,N,341
id0002030,2,2016-05-01 12:04:00,2016-05-01 12:30:30,2,-73.95602233778651,40.8168710973096,-73.88978977297899,40.843915020440726,N,1590
id0002031,2,2016-05-06 08:46:00,2016-05-06 09:04:23,1,-73.96829297584655,40.73579393058808,-73.90746606610479,40.72356601189489,N,1103
id0002032,1,2016-01-13 21:28:00,2016-01-13 21:46:26,1,-73.95522542882277,40.78767678964134,-74.01437323258972,40.73534674797615,N,1106
id0002033,1,2016-01-30 07:12:00,2016-01-30 07:34:14,1,-73.97378002963892,40.740138877144304,-73.99024866360686,40.70377163918834,N,1334
id0002034,1,2016-01-25 02:38:00,2016-01-25 02:54:47,5,-73.93864688965215,40.76311866690688,-73.85218403561879,40.78209191995897,N,1007
id0002035,1,2016-03-28 22:32:00,2016-03-28 22:49:32,1,-74.07449642936027,40.7911576438914,-74.07751943039153,40.729746067351506,N,1052
id0002036,1,2016-04-17 00:15:00,2016-04-17 00:29:45,1,-73.99222004112976,40.7371849927654,-73.97946602797504,40.68645793275079,N,885
id0002037,1,2016-01-22 14:52:00,2016-01-22 15:09:15,2,-74.06111155716151,40.80284496980243,-74.01039962091181,40.821634185945115,N,1035
id0002038,1,2016-05-16 18:45:00,2016-05-16 19:07:42,1,-73.96978138903174,40.713283595530214,-74.02522866581516,40.70549437294058,N,1362
id0002039,2,2016-04-09 23:46:00,2016-04-09 23:58:04,6,-73.89469384032805,40.77125667791513,-73.93248022771238,40.74690436427897,N,724
id0002040,1,2016-04-18 08:53:00,2016-04-18 09:01:40,1,-74.01107466300708,40.79951878752546,-74.02114112175182,40.78220316236917,N,520
id0002041,1,2016-06-15 20:30:00,2016-06-15 20:49:40,1,-73.97800113833365,40.787701687130564,-73.91929307544017,40.736223203681014,N,1180
id0002042,2,2016-04-16 09:46:00,2016-04-16 10:04:52,5,-73.9433932306793,40.844240019453096,-73.89300379000795,40.86119588951902,N,1132
id0002043,2,2016-01-01 16:41:00,2016-01-01 16:54:12,1,-74.09872476124715,40.723645230721026,-74.06183527472373,40.69541620629541,N,792
id0002044,1,2016-05-19 22:06:00,2016-05-19 22:14:08,1,-74.01371607651792,40.695938283689316,-74.0154782742081,40.677186957228884,N,488
id0002045,1,2016-06-08 10:25:00,2016-06-08 10:38:52,1,-73.96495163873999,40.71325492011772,-73.9096210005444,40.72539239989827,N,832
id0002046,2,2016-01-16 04:53:00,2016-01-16 04:56:28,1,-74.1,40.787719915494684,-74.10236903538772,40.77873795175378,N,208
id0002047,2,2016-04-08 03:44:00,2016-04-08 03:55:15,1,-74.03872446711912,40.78040653204212,-74.00821590656237,40.75574366620492,N,675
id0002048,2,2016-03-26 11:52:00,2016-03-26 12:16:42,1,-73.92445281146402,40.762601549684135,-73.87891105757126,40.6929712048188,N,1482
id0002049,2,2016-01-28 12:39:00,2016-01-28 12:53:34,1,-73.92983517047522,40.70746693279018,-73.84897826743723,40.720326837395554,N,874
id0002050,1,2016-02-20 05:58:00,2016-02-20 06:00:40,1,-73.96441249749465,40.79250902819981,-73.96244710380083,40.795273782066104,N,160
id0002051,2,2016-06-04 18:25:00,2016-06-04 18:36:03,1,-73.93647912980312,40.70288828500573,-73.94829658974571,40.68477972398681,N,663
id0002052,1,2016-03-12 06:56:00,2016-03-12 07:18:14,1,-73.97316926710683,40.81015273120696,-73.91039087578135,40.773843762515625,N,1334
id0002053,2,2016-04-07 17:09:00,2016-04-07 17:34:31,2,-73.95445328009068,40.886584729041296,-73.88821991404996,40.88703141579417,N,1531
id0002054,2,2016-05-21 10:23:00,2016-05-21 10:32:02,1,-74.00236095398623,40.77449030159572,-74.02231280614379,40.79130681321412,N,542
id0002055,2,2016-03-22 13:35:00,2016-03-22 13:46:49,1,-73.97863030243929,40.7842398661046,-74.02385682037318,40.78766142695095,N,709
id0002056,2,2016-06-11 04:49:00,2016-06-11 05:11:28,1,-74.01978037125286,40.7358213103997,-73.9604238202754,40.79315360361693,N,1348
id0002057,2,2016-03-31 22:46:00,2016-03-31 23:08:53,1,-73.91550841606997,40.6765404005511,-73.98488614788177,40.701207508142275,N,1373
id0002058,1,2016-06-28 09:47:00,2016-06-28 10:18:12,1,-73.90131423247738,40.73087762866364,-73.97299029676175,40.72712272052505,N,1872
id0002059,1,2016-01-27 19:43:00,2016-01-27 19:57:18,5,-73.90910479596167,40.70881971415056,-73.91667807612806,40.734659470613934,N,858
id0002060,2,2016-06-10 15:20:00,2016-06-10 15:24:11,1,-74.00744598189229,40.69288479406133,-74.00283619468448,40.694587973805014,N,251
id0002061,2,2016-01-21 12:26:00,2016-01-21 12:36:42,3,-74.03745757216508,40.835506197389805,-74.08515541964755,40.837087943798096,N,642
id0002062,2,2016-05-27 23:50:00,2016-05-28 00:03:07,1,-73.91476644865874,40.770278813311165,-73.90478255343177,40.815651546217055,N,787
id0002063,1,2016-04-30 09:40:00,2016-04-30 09:54:22,2,-73.95508510385747,40.775085941127635,-73.94309394986882,40.74365391539272,N,862
id0002064,2,2016-04-11 20:03:00,2016-04-11 20:09:24,3,-73.9669278612162,40.744093993566175,-73.98854531644865,40.7449098312481,N,384
id0002065,1,2016-06-09 05:38:00,2016-06-09 06:04:19,2,-74.01984976467199,40.75022080129005,-73.92834387660943,40.791860651382784,N,1579
id0002066,1,2016-04-26 14:40:00,2016-04-26 14:47:21,1,-73.96158849030498,40.80140478070077,-73.94224923585465,40.812219450236896,N,441
id0002067,1,2016-05-06 09:23:00,2016-05-06 09:40:08,1,-74.0446902932814,40.756544829658715,-73.99390828663793,40.74362797517081,N,1028
id0002068,1,2016-05-17 06:51:00,2016-05-17 07:10:40,1,-73.95012657041565,40.781881227211116,-74.01565615490577,40.72216563542302,N,1180
id0002069,1,2016-06-02 00:32:00,2016-06-02 00:53:54,1,-73.90916123152165,40.74917980659698,-73.97507911308193,40.6697176636202,N,1314
id0002070,1,2016-02-12 05:59:00,2016-02-12 06:17:33,1,-73.89529249508506,40.742603119917064,-73.87458967760585,40.81526946155869,N,1113
id0002071,1,2016-06-02 17:57:00,2016-06-02 18:28:39,3,-73.94603117702395,40.69468886254792,-73.86256258100005,40.7054867762917,N,1899
id0002072,2,2016-04-17 04:50:00,2016-04-17 05:01:13,1,-74.06101118522916,40.669001292193485,-74.10645829528292,40.64855873232547,N,673
id0002073,2,2016-01-06 19:57:00,2016-01-06 20:09:04,1,-73.97414684279796,40.746229714452014,-73.9676948937054,40.75846070557156,N,724
id0002074,1,2016-06-16 03:41:00,2016-06-16 03:53:53,4,-73.86731750407682,40.7605423511397,-73.92289683508815,40.72737375629908,N,773
id0002075,2,2016-05-20 07:31:00,2016-05-20 07:46:32,1,-74.03277363747432,40.70012414834811,-74.06511165443898,40.68853210363924,N,932
id0002076,2,2016-06-11 06:27:00,2016-06-11 06:40:21,3,-73.98825498651006,40.75644863107345,-73.97956497716369,40.72351571731869,N,801
id0002077,1,2016-05-20 12:30:00,2016-05-20 12:51:51,2,-73.90725616065095,40.76041886533458,-73.92942366525227,40.71095428987482,N,1311
id0002078,2,2016-03-03 21:12:00,2016-03-03 21:35:50,1,-73.95105763428595,40.66097963972733,-74.00980620992858,40.587305166623004,N,1430
id0002079,1,2016-03-04 16:41:00,2016-03-04 17:18:16,1,-73.84859140215332,40.71681939032342,-73.90834769823097,40.660901381595416,N,2236
id0002080,2,2016-02-20 07:38:00,2016-02-20 08:11:11,5,-74.02530781607757,40.776326875218096,-74.11017818055346,40.81207194695591,N,1991
id0002081,2,2016-03-15 14:13:00,2016-03-15 14:27:25,1,-74.03943656821575,40.77541764282281,-74.0179902970711,40.74087677418046,N,865
id0002082,1,2016-01-07 07:53:00,2016-01-07 08:15:32,6,-73.91767310102907,40.706084628762014,-73.89078195488466,40.72480585267512,N,1352
id0002083,2,2016-05-15 16:18:00,2016-05-15 16:37:48,1,-74.05077332455494,40.76513016227249,-74.0241084199103,40.79861282091707,N,1188
id0002084,1,2016-05-16 22:19:00,2016-05-16 22:30:00,1,-73.99582223938496,40.804008325141226,-74.0367351502889,40.80458861412349,N,660
id0002085,2,2016-06-28 13:16:00,2016-06-28 13:28:43,1,-73.98861055996727,40.79296828315459,-73.94334275189144,40.78251843072336,N,763
id0002086,1,2016-04-10 04:58:00,2016-04-10 05:05:52,1,-73.92802057896377,40.75371213958437,-73.89621553892577,40.75836794180284,N,472
id0002087,1,2016-06-28 18:49:00,2016-06-28 18:56:37,1,-73.9512152617586,40.73694106590041,-73.95088701345958,40.722359353072065,N,457
id0002088,2,2016-02-08 04:46:00,2016-02-08 04:56:53,1,-73.95986142972028,40.72967949820495,-73.96691872316694,40.771816322376935,N,653
id0002089,2,2016-03-27 05:44:00,2016-03-27 05:59:50,1,-74.00713369828459,40.77905189023094,-74.03634389439121,40.844730575826,N,950
id0002090,2,2016-05-22 09:51:00,2016-05-22 10:10:09,1,-73.91817477895049,40.76677967879143,-73.90952749642369,40.817523092854415,N,1149
id0002091,1,2016-05-23 16:45:00,2016-05-23 17:22:28,2,-73.76357967765,40.7863231802746,-73.69080352641069,40.71101846705753,N,2248
id0002092,1,2016-05-20 19:26:00,2016-05-20 20:02:31,1,-73.94697948455924,40.763934321590455,-73.8957759368565,40.748638385030354,N,2191
id0002093,2,2016-03-25 19:45:00,2016-03-25 19:53:12,1,-73.97951802858492,40.794844377765635,-73.99104749764822,40.79498994762297,N,492
id0002094,1,2016-01-14 07:11:00,2016-01-14 07:23:24,1,-74.05638246340457,40.7622566639831,-74.03214449762473,40.77846369259789,N,744
id0002095,1,2016-06-06 14:30:00,2016-06-06 14:58:01,1,-74.02006147971244,40.793310992225926,-74.06962583194091,40.732854983406355,N,1681
id0002096,1,2016-03-10 10:09:00,2016-03-10 10:25:33,1,-73.9967540628671,40.7971870246665,-73.96390103988386,40.73616649655359,N,993
id0002097,1,2016-04-28 06:00:00,2016-04-28 06:18:48,5,-74.01440301321469,40.721796301639884,-74.05179158463463,40.767533942876774,N,1128
id0002098,2,2016-01-25 06:10:00,2016-01-25 06:22:27,1,-73.98588428089897,40.67663351789082,-73.95482278064148,40.65706434173948,N,747
id0002099,2,2016-06-19 11:14:00,2016-06-19 11:38:15,5,-73.8872091157756,40.82745717852066,-73.75360086720426,40.775397956674794,N,1455
id0002100,2,2016-02-16 17:32:00,2016-02-16 17:54:29,2,-73.91640581954469,40.769549642882055,-73.94205637899941,40.73092221461175,N,1349
id0002101,2,2016-06-30 11:56:00,2016-06-30 12:27:32,2,-73.99373579940575,40.68084813470268,-73.86220965049004,40.694514747218605,N,1892
id0002102,2,2016-05-10 04:54:00,2016-05-10 05:01:18,1,-74.05145539695663,40.72587812262516,-74.02937680000639,40.697088953598936,N,438
id0002103,1,2016-03-01 02:15:00,2016-03-01 02:23:51,1,-73.91144477964036,40.792734343156646,-73.94517793313715,40.80119124063309,N,531
id0002104,1,2016-03-08 06:19:00,2016-03-08 06:37:17,1,-73.98769798504037,40.74541454259902,-74.02349351254342,40.711159084902896,N,1097
id0002105,1,2016-06-27 05:41:00,2016-06-27 06:03:47,1,-74.07995752340813,40.73495723613064,-73.97353452105494,40.6739102316722,N,1367
id0002106,2,2016-04-18 01:47:00,2016-04-18 02:05:15,1,-73.94581634348289,40.82103968371408,-73.92363185267125,40.87089298942683,Y,1095
id0002107,2,2016-05-06 00:53:00,2016-05-06 01:02:08,1,-73.92858723236716,40.710872078412734,-73.95406411089462,40.724808725307845,N,548
id0002108,1,2016-04-21 11:50:00,2016-04-21 11:54:54,1,-74.1,40.72208309890104,-74.10915572749693,40.7104018187577,N,294
id0002109,1,2016-02-13 07:57:00,2016-02-13 08:09:47,1,-74.03035050531732,40.767512391377174,-74.01096559532041,40.749264731118316,N,767
id0002110,1,2016-01-25 02:32:00,2016-01-25 02:47:08,1,-73.99107497062192,40.77557047194243,-73.99146740100652,40.82684198486006,N,908
id0002111,2,2016-01-01 13:35:00,2016-01-01 13:42:44,1,-73.94460189987802,40.780335436545336,-73.92903643829568,40.80103898813884,N,464
id0002112,2,2016-03-14 16:51:00,2016-03-14 17:23:39,1,-74.01336606215433,40.7990057120056,-73.9335535718049,40.83914416811285,N,1959
id0002113,1,2016-05-04 11:00:00,2016-05-04 11:12:24,1,-74.03076780460857,40.76693603793067,-74.08152648451389,40.74650679421855,N,744
id0002114,1,2016-02-24 21:10:00,2016-02-24 21:19:03,1,-73.94500569126758,40.78002227725223,-73.91599732651821,40.78179560615851,N,543
id0002115,1,2016-02-10 11:21:00,2016-02-10 11:30:17,1,-74.01075773053228,40.746335583330826,-74.01403812274297,40.76041254539071,N,557
id0002116,2,2016-03-11 17:52:00,2016-03-11 18:05:16,5,-73.95518699421982,40.76082142364565,-73.97764403479246,40.74156900481967,N,796
id0002117,1,2016-02-12 02:39:00,2016-02-12 02:49:04,1,-74.0461333610236,40.76283903810241,-73.99788552347306,40.75949541428729,N,604
id0002118,1,2016-03-20 03:57:00,2016-03-20 04:13:29,2,-74.059378316058,40.76767941611186,-74.12514246961881,40.747253054215946,N,989
id0002119,2,2016-04-10 11:52:00,2016-04-10 12:18:32,1,-73.94346019633363,40.79276429134123,-74.0499496974503,40.8067313632538,N,1592
id0002120,2,2016-02-19 13:48:00,2016-02-19 14:01:37,1,-73.97111140493256,40.78298155568752,-73.96100741926826,40.73673275995275,N,817
id0002121,1,2016-01-06 15:05:00,2016-01-06 15:11:55,1,-73.93426493467202,40.75998976513051,-73.94048302296629,40.78000871580416,N,415
id0002122,1,2016-01-19 12:41:00,2016-01-19 12:59:24,3,-74.01429261505068,40.72158933067766,-74.07517074132228,40.73246429273866,N,1104
id0002123,1,2016-03-16 18:42:00,2016-03-16 19:07:29,2,-74.02873079163639,40.76104520661283,-74.10570565396472,40.75392940811507,N,1529
id0002124,1,2016-02-02 06:47:00,2016-02-02 07:04:29,1,-73.91016046118524,40.75673919967969,-73.82328195919014,40.77247229977752,N,1049
id0002125,2,2016-05-25 11:39:00,2016-05-25 11:45:41,1,-74.06876273201969,40.766693171091596,-74.04792706386151,40.753920254860944,N,401
id0002126,2,2016-01-31 00:16:00,2016-01-31 00:22:46,2,-73.91616966099507,40.85729363882132,-73.91528560345684,40.833839062874866,N,406
id0002127,1,2016-01-05 23:04:00,2016-01-05 23:26:37,1,-73.91237224108846,40.73443022496565,-73.81358622018529,40.75346064038325,N,1357
id0002128,1,2016-04-22 17:19:00,2016-04-22 17:39:39,1,-73.93769507671537,40.77700300586064,-73.89170226452742,40.797548496041045,N,1239
id0002129,2,2016-04-23 13:22:00,2016-04-23 13:40:01,2,-74.02282941343557,40.806080793026,-73.94321195876127,40.78832633466768,N,1081
id0002130,2,2016-05-02 06:47:00,2016-05-02 07:01:33,1,-74.0299088110199,40.76241008613447,-74.08300673778514,40.741653255905966,N,873
id0002131,1,2016-01-29 19:48:00,2016-01-29 20:04:58,2,-73.9965530675149,40.86320303036275,-74.0513357340705,40.856798958431135,N,1018
id0002132,1,2016-05-03 20:53:00,2016-05-03 21:01:26,2,-74.05622718222573,40.74098823187209,-74.02845879664551,40.721668034023594,N,506
id0002133,2,2016-06-06 00:52:00,2016-06-06 01:08:48,2,-74.03789316993145,40.772584015004405,-74.01924070511714,40.825963183850284,N,1008
id0002134,2,2016-04-20 01:40:00,2016-04-20 01:54:03,1,-73.949539613967,40.72205374147982,-73.89330482236231,40.733130391476614,N,843
id0002135,1,2016-03-12 02:31:00,2016-03-12 02:47:10,1,-73.94928579871767,40.74218138691855,-74.02267129810674,40.7426923950927,N,970
id0002136,1,2016-03-28 15:15:00,2016-03-28 15:28:49,1,-74.04272661545942,40.76920202596785,-74.01106473174069,40.73655665188873,N,829
id0002137,2,2016-05-27 19:21:00,2016-05-27 19:34:57,1,-73.9478132935585,40.796083682803854,-73.90329620505459,40.821948313450136,N,837
id0002138,1,2016-01-27 00:59:00,2016-01-27 01:08:01,1,-73.96001331818431,40.772359267531066,-73.91788557517779,40.75095309603301,N,541
id0002139,2,2016-05-11 17:38:00,2016-05-11 17:52:56,1,-73.90195625599826,40.814660168220065,-73.9202575031526,40.79181401233223,N,896
id0002140,2,2016-02-19 01:42:00,2016-02-19 01:51:08,2,-73.95369749569728,40.753726561023335,-73.93035981297547,40.78076807423101,N,548
id0002141,2,2016-06-08 18:23:00,2016-06-08 18:38:27,1,-73.9267780420446,40.74305241615725,-73.96168261118305,40.75660871139196,N,927
id0002142,2,2016-01-26 10:43:00,2016-01-26 11:12:11,1,-73.95876073249883,40.879679329827574,-73.97194330618196,40.79205866350783,N,1751
id0002143,2,2016-04-04 01:38:00,2016-04-04 01:47:36,4,-73.93110389896665,40.77574069422489,-73.97803603423506,40.770218717493144,N,576
id0002144,2,2016-03-13 21:28:00,2016-03-13 21:35:52,1,-74.05579144361123,40.72562333043097,-74.08993140143147,40.73001651715014,N,472
id0002145,1,2016-03-29 11:20:00,2016-03-29 11:27:08,1,-73.9916959451411,40.72675813069884,-74.00253924991816,40.7148722652465,N,428
id0002146,2,2016-03-10 13:38:00,2016-03-10 13:43:50,2,-73.98714405225252,40.71557940384609,-74.00923620589622,40.721192132145234,N,350
id0002147,1,2016-01-07 19:29:00,2016-01-07 20:02:28,1,-73.99840624708143,40.800145621013556,-74.03255186201893,40.73680654091174,N,2008
id0002148,1,2016-06-05 03:14:00,2016-06-05 03:41:40,1,-73.96058623533258,40.741603021819806,-74.0190681026806,40.64251730084288,N,1660
id0002149,1,2016-04-07 03:41:00,2016-04-07 04:05:14,2,-73.95010911900273,40.76373131140454,-73.86185980852208,40.72958992306158,N,1454
id0002150,1,2016-04-19 06:07:00,2016-04-19 06:14:45,1,-73.96342586076109,40.75514210965028,-73.98595119320618,40.76502075891213,N,465
id0002151,2,2016-04-04 23:59:00,2016-04-05 00:31:25,4,-73.99473191346718,40.790917158357345,-73.97988346265828,40.67804369035911,N,1945
id0002152,1,2016-04-06 05:46:00,2016-04-06 05:59:21,3,-74.02546515439148,40.719896515820224,-74.10461889242248,40.69037240346684,N,801
id0002153,1,2016-04-20 08:43:00,2016-04-20 09:09:01,1,-73.9246547659214,40.70959924712357,-73.86356055494048,40.64230261320159,N,1561
id0002154,1,2016-03-17 08:01:00,2016-03-17 08:07:09,5,-73.96576469508624,40.768093378823174,-73.95824246581432,40.75960153278458,N,369
id0002155,2,2016-01-24 20:18:00,2016-01-24 20:36:21,1,-74.04102376221196,40.7850431678115,-74.06099811664359,40.853569641839954,N,1101
id0002156,2,2016-01-06 07:46:00,2016-01-06 07:54:28,1,-73.99565281479073,40.7729639540894,-74.01523416297061,40.76536279427616,N,508
id0002157,2,2016-04-08 06:34:00,2016-04-08 06:44:28,1,-74.08088148227391,40.72157458219062,-74.04175803867443,40.71781198260404,N,628
id0002158,1,2016-02-03 20:47:00,2016-02-03 21:17:47,1,-73.9830546162109,40.78848681789412,-74.11594391050441,40.81785990082171,N,1847
id0002159,1,2016-03-23 15:12:00,2016-03-23 15:22:35,1,-73.99591089684293,40.7245262582807,-74.03299959708484,40.72527198780407,N,635
id0002160,1,2016-04-20 03:30:00,2016-04-20 03:36:05,1,-74.01659568226954,40.73453076098462,-74.02195445496159,40.72700604902799,N,365
id0002161,1,2016-04-18 11:13:00,2016-04-18 11:23:36,1,-73.8978469895608,40.71552209138751,-73.90372448821621,40.747954698732585,N,636
id0002162,1,2016-01-31 15:41:00,2016-01-31 16:10:47,1,-74.04858847657482,40.81655212568934,-73.93584943820929,40.83306817595725,N,1787
id0002163,2,2016-04-30 05:16:00,2016-04-30 05:21:15,1,-73.94614838765747,40.786503969346235,-73.96134009382764,40.79660587100106,N,315
id0002164,1,2016-06-20 05:32:00,2016-06-20 05:42:25,5,-73.86473105114875,40.785224701905555,-73.82017083650598,40.780367396565694,N,625
id0002165,1,2016-03-06 18:41:00,2016-03-06 19:05:32,2,-73.92575026529558,40.81412451395141,-73.84422569190146,40.802012249285966,N,1472
id0002166,1,2016-01-22 13:23:00,2016-01-22 13:35:02,1,-73.98673463301537,40.884569216170746,-73.9565569991549,40.916670197153856,N,722
id0002167,1,2016-04-01 17:42:00,2016-04-01 17:51:38,1,-74.04737377516828,40.68108482532404,-74.07769549837595,40.66930863362827,N,578
id0002168,1,2016-04-22 06:25:00,2016-04-22 06:43:29,1,-74.05991341971215,40.72477305386053,-74.11771536108157,40.76786690463799,N,1109
id0002169,1,2016-03-12 21:47:00,2016-03-12 22:03:45,1,-74.00763534322266,40.73027212121215,-73.97409143050052,40.693621998392025,N,1005
id0002170,2,2016-04-19 01:45:00,2016-04-19 02:02:23,1,-74.02278504036526,40.71971311699278,-73.94875890530072,40.76989555540048,N,1043
id0002171,2,2016-05-19 07:39:00,2016-05-19 07:53:35,2,-74.0245750799927,40.70950875385783,-74.00000674069389,40.72603015676593,N,875
id0002172,2,2016-04-15 04:51:00,2016-04-15 05:04:05,1,-74.00294724005091,40.74451561211751,-73.94744207312378,40.71061688981069,N,785
id0002173,2,2016-05-24 22:46:00,2016-05-24 23:12:15,4,-73.99062359010871,40.70325283281198,-73.8739859729605,40.72106708502131,N,1575
id0002174,2,2016-01-27 14:01:00,2016-01-27 14:17:32,3,-73.9583133428795,40.77307690653919,-73.92063150008192,40.75031630509808,N,992
id0002175,1,2016-02-23 07:34:00,2016-02-23 07:44:30,1,-74.05307879207044,40.76032642446429,-74.10260727103116,40.76149640636645,N,630
id0002176,1,2016-04-11 01:50:00,2016-04-11 01:58:05,4,-74.02252340878732,40.77964628991437,-74.02022567433963,40.76261434011428,N,485
id0002177,1,2016-02-17 05:41:00,2016-02-17 05:56:53,1,-73.99378196455524,40.780847780323725,-73.93212228084678,40.776195854579065,N,953
id0002178,2,2016-06-29 23:34:00,2016-06-29 23:41:12,5,-73.99575168563828,40.7851353084042,-74.00694677623095,40.81808538618755,N,432
id0002179,2,2016-05-03 10:54:00,2016-05-03 11:10:16,1,-73.88399669609227,40.74119659784293,-73.81623994432569,40.75934450566806,N,976
id0002180,2,2016-03-15 23:13:00,2016-03-15 23:22:41,1,-73.97222643740018,40.85345145311852,-73.97523859780966,40.814063664406596,N,581
id0002181,1,2016-05-20 20:54:00,2016-05-20 21:09:23,1,-74.07374743965777,40.768549400241696,-74.05870180571516,40.73116602478365,N,923
id0002182,2,2016-06-27 22:53:00,2016-06-27 23:00:04,1,-73.96200002511273,40.674188186131886,-73.9777833719282,40.683665332491174,N,424
id0002183,2,2016-01-02 23:27:00,2016-01-02 23:31:00,3,-73.95498849524908,40.71289309144052,-73.94780935993464,40.724904640881874,N,240
id0002184,1,2016-04-11 08:25:00,2016-04-11 08:37:17,2,-73.99188204155347,40.67967736549375,-73.98232190730384,40.656071791215204,N,737
id0002185,2,2016-03-18 19:02:00,2016-03-18 19:35:14,1,-74.0517368170925,40.758780058311814,-74.12412120378126,40.81447610021618,N,1994
id0002186,1,2016-05-17 09:58:00,2016-05-17 10:14:21,3,-73.88830699175776,40.7525187649176,-73.9081786899239,40.780991087722036,N,981
id0002187,2,2016-02-26 00:10:00,2016-02-26 00:19:49,1,-74.04384361524697,40.736920843594525,-74.09933797915538,40.71502567080606,N,589
id0002188,2,2016-02-29 05:55:00,2016-02-29 06:04:40,1,-73.94865752864712,40.84849167505803,-73.9669774159796,40.82321273900447,N,580
id0002189,2,2016-05-19 12:09:00,2016-05-19 12:20:14,1,-73.97399722090148,40.78270422933346,-74.00977959053641,40.774730766853494,N,674
id0002190,2,2016-06-11 02:15:00,2016-06-11 02:23:53,2,-73.95195541980337,40.790674426265085,-73.90642346687277,40.77905952187749,N,533
id0002191,2,2016-01-27 02:59:00,2016-01-27 03:11:29,1,-73.8911228141708,40.71610169304261,-73.84506981700196,40.760067205323224,N,749
id0002192,1,2016-04-21 21:20:00,2016-04-21 21:31:43,1,-73.95410986203224,40.71303847989011,-73.92889662508723,40.74749678394493,N,703
id0002193,2,2016-05-21 15:22:00,2016-05-21 15:32:51,1,-74.01572653248739,40.75965624745937,-74.07277074789206,40.76088368043192,N,651
id0002194,1,2016-01-30 22:34:00,2016-01-30 22:43:31,3,-73.92417042486797,40.765785321284355,-73.92858648984257,40.78951201591548,N,571
id0002195,2,2016-04-30 09:01:00,2016-04-30 09:35:11,1,-74.01971046975243,40.674465979479855,-74.08033412378254,40.70327011240192,N,2051
id0002196,2,2016-06-27 07:02:00,2016-06-27 07:06:02,1,-73.97600430937327,40.749886183971775,-73.98263251174106,40.7519253094611,N,242
id0002197,1,2016-06-02 09:54:00,2016-06-02 10:08:27,1,-74.05611959844087,40.758633243729314,-74.02698564591556,40.77272489750723,N,867
id0002198,2,2016-02-05 09:13:00,2016-02-05 09:24:43,1,-74.04183046750352,40.7483182875403,-73.99718577297233,40.76911485193353,N,703
id0002199,2,2016-06-29 05:22:00,2016-06-29 05:31:12,1,-73.982173733126,40.7213974314444,-73.96089571803235,40.73846363177211,N,552
id0002200,1,2016-03-05 23:39:00,2016-03-05 23:56:37,2,-73.96475523102805,40.73372091681355,-73.90812401064741,40.7064627828169,N,1057
id0002201,2,2016-03-27 17:35:00,2016-03-27 17:48:28,1,-74.078631484248,40.75004133628923,-74.06694244683582,40.72632149478212,N,808
id0002202,2,2016-02-23 01:42:00,2016-02-23 01:47:39,2,-73.95764919475997,40.76208600106246,-73.96815940700043,40.75198518790344,N,339
id0002203,1,2016-05-07 07:01:00,2016-05-07 07:21:27,5,-74.03006859371291,40.785215621214775,-73.99075387077644,40.760482371448134,N,1227
id0002204,2,2016-01-23 21:08:00,2016-01-23 21:30:54,1,-73.91461715913809,40.806638529222795,-73.87382573463015,40.755080009180546,N,1374
id0002205,2,2016-05-09 05:06:00,2016-05-09 05:14:16,1,-74.00435804358534,40.74475435244128,-74.02794577000991,40.76841267107449,N,496
id0002206,2,2016-01-11 01:26:00,2016-01-11 01:34:52,1,-74.04679922482525,40.73747297117481,-74.02974502318959,40.74959725561523,Y,532
id0002207,1,2016-06-02 17:05:00,2016-06-02 17:28:43,1,-73.98083074931225,40.77769450530904,-73.9940748511574,40.730816675138804,N,1423
id0002208,1,2016-02-29 07:55:00,2016-02-29 08:23:38,1,-74.03539292505933,40.78548802123849,-74.12577969115834,40.777055936328026,N,1718
id0002209,1,2016-04-04 07:10:00,2016-04-04 07:19:29,1,-73.91520801722118,40.738460980503355,-73.89540322507608,40.73201097689951,N,569
id0002210,2,2016-02-11 11:59:00,2016-02-11 12:12:41,2,-73.98497083858568,40.79356770646348,-74.04322433676626,40.79993576146133,N,821
id0002211,1,2016-01-20 14:12:00,2016-01-20 14:25:54,2,-73.99334221427013,40.80208134035202,-73.9785721248501,40.76421405464935,N,834
id0002212,2,2016-01-05 05:38:00,2016-01-05 06:04:01,1,-73.9524509439588,40.816125890954645,-74.02153972755605,40.76873609269484,N,1561
id0002213,1,2016-06-27 05:51:00,2016-06-27 06:02:04,3,-74.04027210915602,40.83802444080239,-74.07265712762195,40.85621479816358,N,664
id0002214,1,2016-01-25 19:11:00,2016-01-25 19:36:01,5,-74.05590345104306,40.71901127376033,-74.07541539712118,40.66532260333093,N,1501
id0002215,1,2016-01-11 08:15:00,2016-01-11 08:35:54,1,-73.96254066313071,40.758625419419964,-73.9084630484667,40.75048219716305,N,1254
id0002216,2,2016-04-03 12:16:00,2016-04-03 12:25:44,1,-74.04548188894049,40.75850749634784,-74.06949006663986,40.7470947948463,N,584
id0002217,2,2016-06-24 03:39:00,2016-06-24 03:49:56,2,-74.04550055845623,40.75358668941604,-74.09387425136862,40.749271738278104,N,656
id0002218,2,2016-01-16 02:13:00,2016-01-16 02:18:44,4,-73.93897841828284,40.72878316861755,-73.92258288959313,40.737628285358774,N,344
id0002219,2,2016-02-16 11:24:00,2016-02-16 11:39:10,1,-73.95612147395089,40.691149709854606,-73.96588528544392,40.747099681478005,N,910
id0002220,2,2016-04-11 04:00:00,2016-04-11 04:20:45,2,-74.05396062483491,40.76217057507131,-74.01838539960569,40.70618834805063,N,1245
id0002221,2,2016-03-30 15:10:00,2016-03-30 15:23:39,1,-74.01905248236177,40.723423995320346,-74.06458708007418,40.75410435071599,N,819
id0002222,2,2016-01-27 12:36:00,2016-01-27 13:11:21,1,-74.03470523557705,40.76186970663365,-74.02521681088076,40.67394417991905,N,2121
id0002223,2,2016-06-22 00:29:00,2016-06-22 00:56:58,2,-73.88730243860776,40.722268040623554,-73.77617193275503,40.77104793083216,Y,1678
id0002224,2,2016-03-06 05:07:00,2016-03-06 05:24:14,3,-73.93516942648361,40.708515374437006,-73.94593697964015,40.6370149475182,N,1034
id0002225,1,2016-05-03 03:39:00,2016-05-03 04:06:17,1,-74.00814646653029,40.768543426216965,-73.99974359809376,40.85381723854818,N,1637
id0002226,1,2016-03-24 08:25:00,2016-03-24 08:59:15,1,-73.9533092920861,40.76479146870629,-74.02805610369779,40.751149594674594,N,2055
id0002227,2,2016-04-16 13:43:00,2016-04-16 14:00:17,1,-74.0595902402262,40.78406768870944,-74.09797430818584,40.8292310958365,N,1037
id0002228,2,2016-06-13 14:39:00,2016-06-13 14:52:40,1,-74.02199553831542,40.856363869488796,-74.0013081067235,40.894309330308175,N,820
id0002229,1,2016-02-29 07:30:00,2016-02-29 07:41:43,2,-73.9792325203732,40.77047802890449,-73.9940779187858,40.75520091070884,N,703
id0002230,2,2016-05-28 05:28:00,2016-05-28 05:36:33,1,-73.96012730879697,40.77982867951789,-73.93247782556993,40.767237456881325,N,513
id0002231,2,2016-02-23 05:13:00,2016-02-23 05:22:49,2,-73.99036025190324,40.70950974020097,-73.97123801104239,40.68020917649134,N,589
id0002232,1,2016-02-27 16:21:00,2016-02-27 16:45:27,1,-73.97135925691072,40.70008916517587,-74.03067058152521,40.72764712100142,N,1467
id0002233,1,2016-01-06 23:10:00,2016-01-06 23:20:04,1,-73.98069149470258,40.8292273251048,-73.93500271198447,40.81440594145716,N,604
id0002234,1,2016-03-04 02:41:00,2016-03-04 02:54:50,1,-73.99399675711123,40.71644340990301,-74.04991757956525,40.68777898642123,N,830
id0002235,1,2016-04-16 17:05:00,2016-04-16 17:19:43,2,-74.0012880075705,40.71102251678391,-74.03570949333182,40.72982717720238,N,883
id0002236,2,2016-04-26 10:57:00,2016-04-26 11:06:05,1,-74.00844456799727,40.75624054854526,-73.99811774679823,40.72483937309605,N,545
id0002237,1,2016-03-19 06:40:00,2016-03-19 06:53:57,1,-73.97224343702543,40.75394134139802,-73.90172740166513,40.7424269611867,N,837
id0002238,2,2016-03-05 21:14:00,2016-03-05 21:28:27,1,-73.96240514259402,40.71738720721005,-74.00757957843976,40.72113591248058,N,867
id0002239,2,2016-02-10 19:44:00,2016-02-10 19:55:12,1,-73.97409024579747,40.74427620515792,-73.9674444453936,40.72179117303377,N,672
id0002240,1,2016-06-13 13:31:00,2016-06-13 13:39:53,1,-74.04982283775006,40.81332190729426,-74.04280191665269,40.79611770346206,N,533
id0002241,1,2016-03-10 22:14:00,2016-03-10 22:32:45,4,-74.03994103181287,40.72173028760257,-74.01035983281311,40.77545469964245,N,1125
id0002242,1,2016-02-25 16:25:00,2016-02-25 16:51:14,2,-73.96306150067285,40.695284738203526,-73.90978012593729,40.688136506193544,N,1574
id0002243,1,2016-06-20 06:02:00,2016-06-20 06:12:51,1,-73.9040579684631,40.800416712940496,-73.92224135534319,40.78782976934807,N,651
id0002244,1,2016-04-25 21:30:00,2016-04-25 21:42:07,2,-73.97661714961427,40.780153361037215,-73.93108393375744,40.774023981204806,N,727
id0002245,2,2016-06-03 09:48:00,2016-06-03 10:14:38,1,-74.00764176268623,40.730076662070815,-73.94777728533904,40.74598258666828,N,1598
id0002246,1,2016-03-11 17:55:00,2016-03-11 18:21:17,1,-73.97266127495065,40.68680248427429,-73.89238311190144,40.6506172553807,N,1577
id0002247,1,2016-03-19 08:01:00,2016-03-19 08:16:08,1,-74.04752517823823,40.72449194896027,-74.02493862975076,40.739444487976314,N,908
id0002248,1,2016-05-12 18:34:00,2016-05-12 18:39:24,1,-73.9130081263905,40.75553830034178,-73.90592346542462,40.764492006993855,N,324
id0002249,2,2016-06-27 08:26:00,2016-06-27 08:45:33,1,-73.97473732205206,40.810455244044775,-73.99609362336473,40.74785230560218,N,1173
id0002250,2,2016-05-23 13:03:00,2016-05-23 13:23:10,1,-74.02182014672658,40.71135381113087,-74.08747454967332,40.77415275725018,N,1210
id0002251,2,2016-03-25 02:31:00,2016-03-25 02:45:25,1,-73.99417375063511,40.754196605331984,-74.00668165960475,40.8053250799587,N,865
id0002252,1,2016-04-18 19:27:00,2016-04-18 19:43:35,1,-74.01398699276349,40.78838150969527,-74.0089317946333,40.7603618070492,N,995
id0002253,1,2016-03-04 13:03:00,2016-03-04 13:18:11,1,-73.91285815127507,40.650842969694516,-73.91778530488456,40.61155804087511,N,911
id0002254,2,2016-03-24 00:55:00,2016-03-24 01:02:15,1,-73.99612320491958,40.80452037755725,-73.96922589524291,40.812502179953135,N,435
id0002255,1,2016-03-11 14:26:00,2016-03-11 14:52:11,1,-73.97645488396364,40.704789724250716,-74.04189268131194,40.65488450917662,N,1571
id0002256,1,2016-01-19 02:16:00,2016-01-19 02:26:29,1,-73.95344504488418,40.77293979720557,-73.96163388704721,40.82068970058515,N,629
id0002257,1,2016-06-08 04:19:00,2016-06-08 04:35:39,1,-74.02574216320706,40.76910074173249,-73.93597753529619,40.752704860981154,N,999
id0002258,1,2016-01-25 21:59:00,2016-01-25 22:16:59,1,-73.97434597936257,40.80680638761588,-73.92954403518496,40.86356963010669,N,1079
id0002259,2,2016-02-18 17:33:00,2016-02-18 17:52:11,1,-73.96990604368332,40.78279159714021,-73.94217748786875,40.75393747917669,N,1151
id0002260,2,2016-02-16 01:52:00,2016-02-16 01:57:34,2,-74.07047433515613,40.65102192787215,-74.05289362828012,40.64709485487732,N,334
id0002261,2,2016-02-10 10:08:00,2016-02-10 10:24:36,1,-73.97110169311723,40.722684933877986,-73.98754612670017,40.767037375108195,N,996
id0002262,2,2016-03-31 13:30:00,2016-03-31 13:48:39,1,-73.98751691357187,40.7642192308209,-74.06645007490091,40.75290584903354,N,1119
id0002263,1,2016-06-23 19:40:00,2016-06-23 19:46:00,1,-73.97785185393361,40.74922590512461,-73.95728106736507,40.75874911613576,N,360
id0002264,2,2016-02-29 18:43:00,2016-02-29 19:23:59,1,-73.98304036575801,40.77949248283906,-74.09321963999105,40.81773553928639,N,2459
id0002265,2,2016-05-13 15:17:00,2016-05-13 15:25:50,1,-73.97074565698775,40.79352149500514,-73.98539567080532,40.774059834225945,N,530
id0002266,2,2016-05-13 08:47:00,2016-05-13 09:06:42,5,-73.9114461225878,40.78538032813934,-73.9116107861154,40.74121945997017,N,1182
id0002267,1,2016-05-19 00:11:00,2016-05-19 00:23:31,1,-74.04987290766468,40.74835762758505,-74.06999647725799,40.697302756714286,N,751
id0002268,2,2016-04-23 07:01:00,2016-04-23 07:35:16,1,-74.00381837845252,40.67491483449958,-73.90610614074643,40.69533498072991,N,2056
id0002269,1,2016-05-14 17:35:00,2016-05-14 18:02:25,1,-73.94833597540705,40.737503343801535,-73.86624055007755,40.75111058734645,N,1645
id0002270,1,2016-05-18 14:01:00,2016-05-18 14:16:47,5,-73.95854907727497,40.77673656666626,-73.9120725492595,40.813894777724094,N,947
id0002271,1,2016-05-04 06:56:00,2016-05-04 07:03:52,1,-73.95973269456618,40.70892987363523,-74.00137239903944,40.699338308470836,N,472
id0002272,1,2016-04-11 15:28:00,2016-04-11 15:49:52,1,-73.83355325313796,40.78640736285547,-73.74708956342452,40.73633155883945,N,1312
id0002273,2,2016-01-17 14:34:00,2016-01-17 15:02:32,1,-73.95122254617358,40.798877698377034,-73.92336893492651,40.716531367657176,N,1712
id0002274,2,2016-04-02 11:31:00,2016-04-02 12:01:49,2,-73.92279842120597,40.763709013933315,-73.96518750589486,40.86408770263562,N,1849
id0002275,1,2016-05-17 04:04:00,2016-05-17 04:09:24,2,-74.0018889632369,40.62012990601595,-74.00041670222856,40.63857221166476,N,324
id0002276,1,2016-03-03 05:39:00,2016-03-03 05:48:41,2,-74.03961018056435,40.700486023677975,-73.99647431215514,40.70527373514086,N,581
id0002277,2,2016-02-15 07:17:00,2016-02-15 07:30:49,2,-74.00228745860785,40.84287851213502,-74.02923700643676,40.852630903746004,N,829
id0002278,2,2016-04-18 03:31:00,2016-04-18 03:44:34,1,-73.94584219057612,40.73340579931372,-73.93951822561584,40.683308936125584,N,814
id0002279,1,2016-01-25 02:20:00,2016-01-25 02:29:39,1,-73.9626244679844,40.6687135549592,-73.94838303101129,40.64089303527549,N,579
id0002280,1,2016-05-10 20:50:00,2016-05-10 21:09:53,3,-73.96282117461706,40.813586132473965,-74.01235961368636,40.87460268695366,N,1193
id0002281,2,2016-06-27 21:45:00,2016-06-27 21:53:56,1,-73.99678894127383,40.75860100161947,-74.00894311942294,40.7816431566243,N,536
id0002282,2,2016-03-29 03:00:00,2016-03-29 03:17:46,1,-74.00555914403472,40.8077223220031,-74.05170495991166,40.78099640398612,N,1066
id0002283,2,2016-01-06 01:42:00,2016-01-06 01:56:47,1,-73.99489214843614,40.77046314038488,-73.95580208772934,40.72752460390196,N,887
id0002284,2,2016-02-19 09:43:00,2016-02-19 10:04:47,1,-73.94515385024091,40.77863516112955,-73.98601634439189,40.76058586731649,N,1307
id0002285,1,2016-01-06 18:11:00,2016-01-06 18:19:03,1,-73.93875999145062,40.77433541614715,-73.92562882476471,40.76329534349435,N,483
id0002286,2,2016-03-24 14:10:00,2016-03-24 14:31:18,1,-74.04034329073191,40.78938697403645,-74.10290030255962,40.86110708529108,N,1278
id0002287,1,2016-02-26 09:41:00,2016-02-26 09:57:31,1,-73.94307115923127,40.86048437018503,-73.99407581897262,40.85389501202622,N,991
id0002288,2,2016-05-20 17:53:00,2016-05-20 18:15:52,1,-74.02078966769159,40.801695285118164,-74.07397432210426,40.76006097267351,N,1372
id0002289,2,2016-06-02 15:28:00,2016-06-02 15:35:08,1,-73.95920930914875,40.68688473069695,-73.97224019107335,40.6848336479706,N,428
id0002290,1,2016-03-20 04:03:00,2016-03-20 04:11:16,4,-73.99555811583544,40.77809976818755,-73.98744094293677,40.78735161458078,N,496
id0002291,1,2016-06-26 23:39:00,2016-06-26 23:49:54,2,-73.89888162979186,40.80936663456465,-73.88246764150824,40.76454750434909,N,654
id0002292,1,2016-03-22 19:39:00,2016-03-22 20:01:53,3,-74.00799410459396,40.81212153629413,-74.08774468552093,40.82619732999997,N,1373
id0002293,1,2016-01-22 13:43:00,2016-01-22 13:55:07,1,-73.9751763487508,40.738802775762345,-73.98276512103213,40.78111483409185,N,727
id0002294,1,2016-06-14 07:32:00,2016-06-14 07:43:49,4,-73.95163737633423,40.81042250003347,-73.9854131212712,40.81527599494724,N,709
id0002295,2,2016-03-12 23:16:00,2016-03-12 23:25:13,3,-74.03306773675676,40.799748407979806,-74.0090297045821,40.771851127665066,N,553
id0002296,1,2016-06-10 03:28:00,2016-06-10 03:35:59,1,-73.98900713804848,40.87376328466364,-74.00105077294704,40.855252819348685,N,479
id0002297,2,2016-05-13 15:25:00,2016-05-13 15:39:48,1,-73.99966216865427,40.72424992186882,-74.0032995639071,40.66619066268565,N,888
id0002298,1,2016-06-20 00:32:00,2016-06-20 00:40:27,1,-74.01325974158733,40.73516697406198,-74.04678244381996,40.730482740868396,N,507
id0002299,2,2016-04-27 11:40:00,2016-04-27 11:52:17,1,-74.00918476508157,40.744224642819304,-73.93157561814999,40.755101941308354,N,737
id0002300,2,2016-04-17 21:03:00,2016-04-17 21:19:05,2,-73.92383919710248,40.73594000324826,-73.98160027114797,40.70455786277797,N,965
id0002301,1,2016-02-12 11:23:00,2016-02-12 11:46:13,1,-74.01792029041182,40.717949066260644,-74.03590831997933,40.78583857154661,N,1393
id0002302,2,2016-02-20 19:56:00,2016-02-20 20:12:50,1,-73.95384756645306,40.63367960224468,-73.94900563605577,40.661409384585475,N,1010
id0002303,1,2016-02-29 21:58:00,2016-02-29 22:17:18,1,-73.96769727488828,40.73843852368246,-73.97900849568796,40.67569131681927,N,1158
id0002304,2,2016-02-26 08:41:00,2016-02-26 09:09:36,2,-74.06183390636764,40.774621112686496,-74.09621102558945,40.71259192313873,N,1716
id0002305,2,2016-04-18 04:13:00,2016-04-18 04:28:56,2,-73.95644568088655,40.735805016952234,-74.03797144002506,40.7013641838576,N,956
id0002306,1,2016-06-07 08:25:00,2016-06-07 08:49:51,1,-74.06274322653667,40.84509215325881,-74.0938611293268,40.90015364249538,N,1491
id0002307,2,2016-01-07 10:39:00,2016-01-07 10:52:20,6,-73.95045494945091,40.758601911572214,-73.99362726731847,40.789784171441546,N,800
id0002308,2,2016-04-22 14:02:00,2016-04-22 14:29:36,1,-74.0128955403722,40.81609630748329,-73.93733043370011,40.872926234327835,N,1656
id0002309,1,2016-05-17 23:56:00,2016-05-18 00:15:31,1,-73.9845398010709,40.76976391857285,-73.88262848428398,40.770121243602546,N,1171
id0002310,1,2016-03-21 16:12:00,2016-03-21 16:17:57,1,-74.05618539722944,40.7951883289452,-74.05847102273924,40.78785620246652,N,357
id0002311,1,2016-02-20 02:58:00,2016-02-20 03:17:02,2,-73.97826897220173,40.77056586992701,-74.04148301651519,40.72690303791489,N,1142
id0002312,2,2016-03-19 16:43:00,2016-03-19 17:01:51,2,-73.93401772701162,40.819595308435666,-73.90080574225456,40.831834245807755,N,1131
id0002313,1,2016-05-30 18:12:00,2016-05-30 18:29:58,2,-74.02938309854125,40.76051727075596,-74.07353154065055,40.753651384913866,N,1078
id0002314,2,2016-06-15 10:26:00,2016-06-15 10:33:32,3,-74.01839418973792,40.780325431864,-74.04310688714968,40.772111905197136,N,452
id0002315,1,2016-05-04 10:15:00,2016-05-04 10:33:38,1,-73.9599958437038,40.77448498201426,-73.98829407395704,40.831116761451106,N,1118
id0002316,2,2016-03-29 09:08:00,2016-03-29 09:14:21,1,-73.95862099219941,40.745027154384275,-73.98114374690859,40.74060505828402,N,381
id0002317,2,2016-04-27 11:10:00,2016-04-27 11:29:31,1,-74.1,40.776224204351614,-74.11596241131708,40.822808554893285,N,1171
id0002318,1,2016-05-03 04:56:00,2016-05-03 05:13:16,1,-73.87415264999194,40.8585473810789,-73.93326023771176,40.80296476793891,N,1036
id0002319,1,2016-05-19 15:50:00,2016-05-19 16:08:54,1,-73.95592955840485,40.74583213760571,-73.98752017317953,40.839916065755915,N,1134
id0002320,1,2016-01-27 07:47:00,2016-01-27 08:05:22,1,-73.94666947356508,40.7768759201784,-73.90077198241123,40.76381145401696,N,1102
id0002321,2,2016-01-14 16:11:00,2016-01-14 16:23:39,1,-73.99289472456641,40.814600052789125,-73.99440478688325,40.839351493603715,N,759
id0002322,1,2016-03-03 21:37:00,2016-03-03 21:48:49,1,-74.08704444297037,40.809311397642496,-74.08140532010337,40.83963094956062,N,709
id0002323,1,2016-02-17 07:33:00,2016-02-17 08:07:57,1,-73.94789028663124,40.75852723879738,-74.04834145249704,40.74111975323424,N,2097
id0002324,2,2016-04-21 21:22:00,2016-04-21 21:33:29,6,-74.0160853415527,40.65074750836692,-73.97343507691912,40.679413561518984,N,689
id0002325,1,2016-04-04 22:56:00,2016-04-04 23:09:14,1,-73.95508375681992,40.781251626839186,-73.98593215187725,40.811736738019526,N,794
id0002326,2,2016-06-16 03:35:00,2016-06-16 03:49:04,4,-73.99703405886444,40.658123658361966,-73.9464554739179,40.63316360082536,N,844
id0002327,2,2016-05-21 10:37:00,2016-05-21 10:46:30,1,-73.9719078341486,40.824147175392355,-73.9649654679597,40.799601667545986,N,570
id0002328,2,2016-01-27 21:07:00,2016-01-27 21:16:58,3,-74.0276248009775,40.7656263242037,-74.05291720528454,40.76721206302567,N,598
id0002329,2,2016-06-03 12:40:00,2016-06-03 12:51:41,1,-73.93745860815265,40.802985330894245,-74.01295913995246,40.798943042725256,N,701
id0002330,2,2016-05-20 06:30:00,2016-05-20 06:54:33,1,-74.05036084717017,40.71740499878185,-73.9524927790859,40.76616455213659,N,1473
id0002331,1,2016-03-10 13:01:00,2016-03-10 13:13:22,1,-73.86149368160635,40.6881371637015,-73.82534755431922,40.71273055017458,N,742
id0002332,2,2016-01-11 13:08:00,2016-01-11 13:19:54,1,-73.86191282507572,40.769733947286355,-73.82307447708972,40.767269122355145,N,714
id0002333,1,2016-05-24 10:39:00,2016-05-24 10:51:30,2,-73.89520152279934,40.756487845201974,-73.81335427605397,40.77770057375674,N,750
id0002334,1,2016-02-05 03:34:00,2016-02-05 03:52:19,1,-73.91484865578241,40.73588066282293,-73.90476474023211,40.66424780510005,N,1099
id0002335,1,2016-02-10 02:09:00,2016-02-10 02:21:20,1,-73.98965015970285,40.761809757632975,-73.92879215739067,40.740273873555864,N,740
id0002336,1,2016-03-26 15:00:00,2016-03-26 15:09:14,1,-73.9208399311839,40.88253461514145,-73.94237581778252,40.89260835043261,N,554
id0002337,1,2016-01-16 00:04:00,2016-01-16 00:17:57,1,-73.99028970740518,40.79555364963161,-73.9570986734277,40.83459144219784,N,837
id0002338,1,2016-03-13 16:14:00,2016-03-13 16:25:17,1,-74.0704434648235,40.80522743726385,-74.09879781665761,40.8122193639768,N,677
id0002339,2,2016-02-14 21:04:00,2016-02-14 21:17:48,1,-73.9023239222283,40.795977160119904,-73.9249975680251,40.84701552511912,N,828
id0002340,1,2016-01-10 15:30:00,2016-01-10 15:42:52,1,-73.92291465453926,40.824575796473354,-73.91854962864382,40.854953691504235,N,772
id0002341,1,2016-06-13 08:57:00,2016-06-13 09:19:01,1,-73.98672365092105,40.749446774719466,-74.04375660186923,40.73235524487697,N,1321
id0002342,2,2016-02-17 10:53:00,2016-02-17 10:58:21,1,-74.05238513415321,40.66553574115461,-74.03756104414636,40.66063466854623,N,321
id0002343,1,2016-04-09 00:21:00,2016-04-09 00:27:54,1,-74.01724103721185,40.74951362401473,-74.03127915665618,40.76380838303308,N,414
id0002344,2,2016-05-28 15:37:00,2016-05-28 15:56:29,6,-74.08516300716882,40.79452810694985,-74.15,40.778825862599874,N,1169
id0002345,2,2016-03-28 14:31:00,2016-03-28 14:51:11,1,-73.933020553106,40.71435898221982,-73.95361533796516,40.7679541384469,N,1211
id0002346,2,2016-02-23 07:21:00,2016-02-23 07:37:01,1,-74.07318199317753,40.75006353222798,-74.08870945481944,40.711258117527755,N,961
id0002347,2,2016-05-15 06:53:00,2016-05-15 07:03:55,2,-73.96922430214194,40.7268703615649,-73.93084666122422,40.737934087329755,N,655
id0002348,1,2016-05-05 22:48:00,2016-05-05 22:58:11,6,-74.03140313412788,40.82559131633295,-74.01856922626567,40.851331954809126,N,611
id0002349,1,2016-01-02 20:05:00,2016-01-02 20:21:04,2,-74.06346868947497,40.7917255656933,-73.99833243295893,40.78075492106216,N,964
id0002350,2,2016-05-29 02:03:00,2016-05-29 02:11:25,1,-73.97189046986968,40.787319327928984,-73.94848553806656,40.76846135128626,N,505
id0002351,2,2016-01-22 12:44:00,2016-01-22 12:53:23,3,-74.00335896619217,40.78597205909045,-74.02828721435272,40.783309213714695,N,563
id0002352,1,2016-05-14 05:36:00,2016-05-14 05:43:41,1,-73.9388995992016,40.75632378363516,-73.94152577042306,40.784743731582644,N,461
id0002353,1,2016-01-19 03:03:00,2016-01-19 03:11:07,2,-74.05471828978008,40.76689003271374,-74.0703804514411,40.74939535280026,N,487
id0002354,2,2016-01-12 22:07:00,2016-01-12 22:19:39,1,-74.02665230550106,40.70466669387605,-74.00469352697597,40.66725445233423,N,759
id0002355,1,2016-01-23 03:26:00,2016-01-23 03:36:57,1,-74.1,40.65961011095623,-74.09730800336415,40.69988057815099,N,657
id0002356,1,2016-05-14 19:15:00,2016-05-14 19:24:52,3,-74.1,40.76475365086553,-74.12828518352815,40.77872902741827,N,592
id0002357,1,2016-03-23 12:40:00,2016-03-23 12:48:00,2,-73.88609941745118,40.77257956153225,-73.88571239625337,40.80785457159938,N,480
id0002358,1,2016-04-19 11:42:00,2016-04-19 11:52:52,2,-73.87040209657452,40.81241690557914,-73.84964896662456,40.8389935161735,N,652
id0002359,2,2016-02-21 02:01:00,2016-02-21 02:22:19,4,-73.97990005871269,40.82871011172371,-74.02518902793626,40.905006237513575,N,1279
id0002360,2,2016-01-22 20:04:00,2016-01-22 20:15:32,1,-74.03031058212486,40.828649931824955,-74.01604518785085,40.86767395307118,N,692
id0002361,1,2016-05-23 00:02:00,2016-05-23 00:14:58,1,-74.00141469090195,40.71308893830178,-74.07245543022879,40.68774615363616,N,778
id0002362,1,2016-05-31 13:16:00,2016-05-31 13:29:00,1,-73.93695341886325,40.742148073427266,-73.88720270842188,40.75860745228037,N,780
id0002363,2,2016-06-01 16:55:00,2016-06-01 17:04:27,1,-74.01329139609021,40.779615043314664,-73.98956825960548,40.76010293807814,N,567
id0002364,1,2016-01-12 19:18:00,2016-01-12 19:39:30,1,-73.97193013731271,40.8719357104984,-73.89861240070972,40.856041294764076,N,1290
id0002365,1,2016-06-17 08:08:00,2016-06-17 08:34:35,1,-73.98570158277647,40.82460446416713,-74.03594842256636,40.775166950145596,N,1595
id0002366,2,2016-04-08 14:53:00,2016-04-08 15:08:26,3,-74.01628469685456,40.80837287228993,-73.96527936905781,40.7983589109246,N,926
id0002367,2,2016-02-05 16:24:00,2016-02-05 16:42:03,1,-74.01394060102955,40.74054954200029,-73.97183049816898,40.759625742099004,N,1083
id0002368,1,2016-02-06 04:12:00,2016-02-06 04:15:58,4,-73.9688673520573,40.71825601659802,-73.97706779418165,40.71594525691834,N,238
id0002369,1,2016-04-01 12:27:00,2016-04-01 12:40:51,2,-74.0387288475013,40.793500854752246,-74.05567779838877,40.75502296063854,N,831
id0002370,1,2016-04-19 20:31:00,2016-04-19 20:54:18,6,-73.9601548859907,40.70847024310946,-74.00898645853276,40.65516456647307,N,1398
id0002371,1,2016-01-09 20:42:00,2016-01-09 21:09:17,1,-74.01093684278071,40.74727036420589,-74.07149827917821,40.82118497194771,N,1637
id0002372,2,2016-03-31 06:56:00,2016-03-31 07:04:37,1,-73.97799479824435,40.752834992294915,-74.01180034262065,40.76421561865137,N,517
id0002373,2,2016-02-13 15:55:00,2016-02-13 16:10:46,1,-73.90888205886073,40.82968104401053,-73.96539196276886,40.80083862307453,N,946
id0002374,1,2016-06-16 01:18:00,2016-06-16 01:30:23,2,-73.99425056248748,40.74203862136682,-73.9224430507259,40.75820104245642,N,743
id0002375,1,2016-04-21 22:39:00,2016-04-21 23:06:51,4,-73.93441076128944,40.648233766264234,-74.00200309783655,40.72485527898745,N,1671
id0002376,2,2016-03-08 16:27:00,2016-03-08 16:39:33,4,-74.08356180707361,40.780700009144816,-74.07686151055883,40.80241619173242,N,753
id0002377,2,2016-03-17 21:00:00,2016-03-17 21:24:52,1,-74.01086996575023,40.726544016610326,-73.9912632350404,40.62899664119433,N,1492
id0002378,2,2016-06-01 08:57:00,2016-06-01 09:32:55,1,-73.98347712584082,40.7599183960997,-73.96738966040316,40.852748605179244,N,2155
id0002379,2,2016-05-05 16:58:00,2016-05-05 17:30:10,2,-73.87921681264365,40.75409828846211,-73.85917882517569,40.68937466165195,N,1930
id0002380,2,2016-03-11 12:33:00,2016-03-11 12:43:38,1,-74.0927973645793,40.745683320188206,-74.05020935029407,40.738472902100014,N,638
id0002381,2,2016-06-01 17:44:00,2016-06-01 18:00:33,5,-73.99029154240411,40.793565326180314,-74.01035803971376,40.753896175679166,N,993
id0002382,1,2016-04-23 04:00:00,2016-04-23 04:07:18,2,-73.9048821131996,40.689021080474134,-73.90094233414355,40.66312100662507,N,438
id0002383,2,2016-01-11 20:02:00,2016-01-11 20:08:28,2,-74.02817612228968,40.73473435987706,-74.04138639037313,40.744688698851455,N,388
id0002384,1,2016-04-24 18:34:00,2016-04-24 19:14:25,4,-73.99670613457342,40.78878170609028,-73.93809248296715,40.716295883282335,N,2425
id0002385,1,2016-06-19 19:51:00,2016-06-19 20:15:20,1,-73.96675435582195,40.7303661851095,-73.87226038926558,40.727207589617365,N,1460
id0002386,2,2016-06-06 02:49:00,2016-06-06 03:10:19,1,-73.97485202954525,40.68560369808285,-74.0285790487525,40.7257606828788,N,1279
id0002387,2,2016-01-08 17:13:00,2016-01-08 17:40:20,1,-73.89888262385,40.788084990446556,-73.9902821617672,40.758571579085995,N,1640
id0002388,1,2016-06-09 12:07:00,2016-06-09 12:23:06,2,-73.96033394044598,40.80853925836987,-73.93472301984012,40.75987928127189,N,966
id0002389,2,2016-06-27 15:55:00,2016-06-27 16:04:49,2,-73.91197249074672,40.755975215656065,-73.86380571095611,40.75109953708061,N,589
id0002390,1,2016-01-30 14:44:00,2016-01-30 15:04:19,1,-74.00480045965205,40.669761948068874,-73.91673648055587,40.65791999591708,N,1219
id0002391,2,2016-04-26 01:10:00,2016-04-26 01:19:38,1,-74.02572889761876,40.78976863860145,-73.99252383181401,40.76893567013975,N,578
id0002392,1,2016-05-17 09:58:00,2016-05-17 10:22:21,1,-73.99741477561608,40.68330504533612,-73.93460463247516,40.641712932672,N,1461
id0002393,2,2016-01-08 21:08:00,2016-01-08 21:26:19,1,-74.04875067013522,40.77189596745817,-73.97404793715579,40.790067427799684,N,1099
id0002394,1,2016-05-30 15:18:00,2016-05-30 15:35:16,6,-73.95840685670845,40.718064127886606,-73.89249185698506,40.73889835078707,N,1036
id0002395,2,2016-03-12 15:22:00,2016-03-12 15:38:33,1,-74.00622329620154,40.70580723214049,-73.9665710732442,40.66850959643451,N,993
id0002396,1,2016-02-24 11:35:00,2016-02-24 11:48:36,1,-74.02194838949876,40.73811404923141,-74.07964781983122,40.70566017167028,N,816
id0002397,2,2016-02-16 23:51:00,2016-02-16 23:56:29,1,-73.95757378747085,40.749751609960775,-73.95795007098357,40.754528829750974,N,329
id0002398,1,2016-04-02 00:34:00,2016-04-02 00:45:15,3,-74.04790436778859,40.72901062873261,-74.03440262993092,40.69523662069954,N,675
id0002399,1,2016-05-25 08:09:00,2016-05-25 08:14:11,1,-73.94262237823793,40.78449164751969,-73.94711381173164,40.79074481691408,N,311
id0002400,2,2016-05-29 12:30:00,2016-05-29 12:46:36,1,-74.01130855636703,40.73792687796936,-74.01302332447023,40.78930850647092,N,996
id0002401,1,2016-02-11 00:47:00,2016-02-11 01:02:52,1,-73.92124969557482,40.802108589225234,-73.85072443270886,40.800014795382246,N,952
id0002402,2,2016-05-30 12:18:00,2016-05-30 12:32:50,1,-74.00660056680263,40.77065279245396,-74.04065799256861,40.728176219593585,N,890
id0002403,1,2016-05-30 08:53:00,2016-05-30 09:03:53,1,-73.95024496833932,40.726609925703166,-73.91428761201033,40.740333548109426,N,653
id0002404,2,2016-01-12 04:04:00,2016-01-12 04:09:28,2,-73.97512406944249,40.71903270522755,-73.96088419632292,40.71281478969436,N,328
id0002405,1,2016-02-26 20:18:00,2016-02-26 20:29:52,3,-73.94408539694571,40.683862666542865,-73.98267435446144,40.67860717023067,N,712
id0002406,1,2016-01-03 17:42:00,2016-01-03 18:01:25,1,-73.97895292093187,40.77108299300401,-74.02739998835328,40.787719293554765,N,1165
id0002407,2,2016-06-29 00:34:00,2016-06-29 00:51:38,1,-74.07648685767887,40.742043560373695,-74.15,40.76622986947093,N,1058
id0002408,2,2016-03-26 23:07:00,2016-03-26 23:13:57,1,-73.92951635534168,40.651251201237145,-73.90766538899398,40.65249377702871,N,417
id0002409,1,2016-02-19 05:08:00,2016-02-19 05:11:24,1,-73.98982256073518,40.73389283072538,-73.99266857733822,40.73176901964056,N,204
id0002410,1,2016-06-11 18:06:00,2016-06-11 18:46:27,1,-73.94157661574549,40.71745346868353,-73.97873660009445,40.7896774208501,N,2427
id0002411,1,2016-05-04 15:54:00,2016-05-04 16:11:45,2,-73.9470364437722,40.82890549164768,-74.03146117437183,40.87092488160944,N,1065
id0002412,2,2016-06-20 02:48:00,2016-06-20 02:57:12,1,-74.02753130645563,40.6813749624648,-74.00805931587243,40.71054907659708,N,552
id0002413,2,2016-05-25 15:14:00,2016-05-25 15:17:30,1,-74.03531374728465,40.69313921401197,-74.04313147549666,40.697731422117776,N,210
id0002414,1,2016-06-22 21:13:00,2016-06-22 21:23:44,1,-73.9489554694203,40.80794863393976,-73.98107167565358,40.77274762068343,N,644
id0002415,2,2016-02-09 09:29:00,2016-02-09 09:56:38,1,-74.00167869661757,40.819054342085884,-74.04506049322686,40.858512865593575,N,1658
id0002416,2,2016-02-07 03:12:00,2016-02-07 03:15:19,1,-73.93349638962934,40.72447576775735,-73.94423227198338,40.729526062892475,N,199
id0002417,2,2016-01-14 18:54:00,2016-01-14 19:06:44,1,-73.99480105185746,40.7295561379736,-73.9736512099992,40.70935522248979,N,764
id0002418,1,2016-03-03 09:35:00,2016-03-03 09:40:13,2,-73.92871246224034,40.7857305928449,-73.9435616965393,40.77722067696933,N,313
id0002419,1,2016-04-10 07:50:00,2016-04-10 08:06:56,1,-73.9617182533685,40.65328050913747,-74.01520193809684,40.61946411931913,N,1016
id0002420,2,2016-04-12 20:09:00,2016-04-12 20:20:19,1,-73.96916137534572,40.67424628419725,-73.97177699832231,40.71125280070176,N,679
id0002421,1,2016-05-03 05:28:00,2016-05-03 05:44:37,5,-74.00557061593071,40.74536699696172,-73.95852097990434,40.769273294870985,N,997
id0002422,1,2016-05-13 10:45:00,2016-05-13 10:49:09,1,-73.97221648122661,40.82774507547581,-73.97040443962062,40.8341022116293,N,249
id0002423,1,2016-05-28 17:51:00,2016-05-28 17:54:55,2,-73.9193931006776,40.7383921460325,-73.91631404127435,40.73689465095562,N,235
id0002424,1,2016-04-04 15:16:00,2016-04-04 15:25:44,1,-73.98798185022648,40.76254215562808,-74.0026369532815,40.73871874492434,N,584
id0002425,1,2016-02-19 15:25:00,2016-02-19 15:55:56,1,-73.95578540559738,40.80902051726538,-73.9958202770728,40.73446797473383,N,1856
id0002426,1,2016-03-20 22:49:00,2016-03-20 23:08:01,1,-73.98245019580627,40.85280981299752,-74.02398057954218,40.80335737161442,N,1141
id0002427,1,2016-06-07 18:08:00,2016-06-07 18:32:10,2,-73.978146777649,40.73204181870833,-74.05293021065283,40.706049231825155,N,1450
id0002428,1,2016-05-28 12:06:00,2016-05-28 12:21:31,3,-73.8902124083684,40.757242347432,-73.83705724573097,40.72598852406151,N,931
id0002429,2,2016-06-15 16:04:00,2016-06-15 16:12:03,1,-73.91890484829283,40.83999248496043,-73.89809441037067,40.850120106822,N,483
id0002430,2,2016-04-08 07:33:00,2016-04-08 07:48:25,1,-73.98063279016424,40.68950103261639,-73.97692088239785,40.71790331358546,N,925
id0002431,1,2016-05-21 19:29:00,2016-05-21 19:35:38,1,-73.97320502516352,40.804241148174924,-73.95990380065854,40.79974577551339,N,398
id0002432,2,2016-03-16 04:30:00,2016-03-16 04:43:27,1,-74.0236028776953,40.71217580104375,-74.00832405486517,40.761487893773,N,807
id0002433,1,2016-01-02 09:10:00,2016-01-02 09:21:51,1,-73.99451343504457,40.76261125651965,-74.02756801810604,40.735209836334114,N,711
id0002434,2,2016-05-15 08:55:00,2016-05-15 09:04:15,6,-73.96798312168482,40.747082142866994,-73.98261992650302,40.7423383434308,N,555
id0002435,2,2016-01-16 20:57:00,2016-01-16 21:04:18,1,-73.9382162525737,40.71488947796845,-73.95955564305591,40.71310492669373,N,438
id0002436,1,2016-04-25 14:42:00,2016-04-25 15:10:25,1,-73.9437928506699,40.71376041325538,-73.83077876991052,40.75198693476458,N,1705
id0002437,1,2016-06-30 14:07:00,2016-06-30 14:20:57,1,-74.04600924807475,40.77043864639142,-74.00010015620923,40.774144694264294,N,837
id0002438,2,2016-01-05 15:52:00,2016-01-05 15:55:06,1,-73.93126594981267,40.80279926976732,-73.92371124699552,40.807474181776854,N,186
id0002439,1,2016-05-13 13:53:00,2016-05-13 14:18:33,6,-73.98988255236577,40.75216187085652,-73.92841325998494,40.69424236183124,N,1533
id0002440,2,2016-06-07 00:12:00,2016-06-07 00:25:43,1,-74.03928452456226,40.761155092143,-73.98349855355939,40.72965835732062,N,823
id0002441,1,2016-04-24 01:49:00,2016-04-24 02:06:24,3,-73.91149883944125,40.7837028329831,-73.97362243328168,40.82206116256252,N,1044
id0002442,2,2016-05-05 13:50:00,2016-05-05 14:11:11,1,-73.90451965517941,40.71427715521442,-73.91454805282778,40.64164017598851,N,1271
id0002443,1,2016-06-13 01:08:00,2016-06-13 01:20:10,1,-73.97049391597126,40.791286162878585,-73.97122851382765,40.838290905713656,N,730
id0002444,1,2016-05-21 10:49:00,2016-05-21 11:00:10,1,-73.94601635189521,40.79487043936769,-73.91849759419102,40.81235869648109,N,670
id0002445,2,2016-01-08 05:09:00,2016-01-08 05:17:40,3,-73.94279029351905,40.875163183443775,-73.95286996705721,40.848999936951046,N,520
id0002446,2,2016-05-20 21:27:00,2016-05-20 21:37:56,1,-73.90823253159533,40.74107531142482,-73.91266643177428,40.71195359725057,N,656
id0002447,1,2016-05-17 20:13:00,2016-05-17 20:29:08,1,-73.94495623110126,40.73738631892493,-73.96571692832937,40.803744754419625,N,968
id0002448,1,2016-02-11 12:33:00,2016-02-11 12:51:24,1,-74.05802285525913,40.79260346422082,-74.0108207729428,40.842002667447595,N,1104
id0002449,1,2016-04-29 03:37:00,2016-04-29 03:46:47,1,-73.87446057380659,40.79485968760105,-73.93941089372935,40.790679260597024,N,587
id0002450,2,2016-06-02 05:18:00,2016-06-02 05:23:03,2,-73.9263888710786,40.73392107809805,-73.94561983579914,40.73863178862888,N,303
id0002451,2,2016-06-03 09:01:00,2016-06-03 09:26:37,4,-74.01302383129,40.73985767953815,-74.09598925103782,40.71724133190629,N,1537
id0002452,2,2016-06-07 12:08:00,2016-06-07 12:21:48,1,-74.04162937897966,40.782350887719815,-74.08796315392134,40.78706832694373,N,828
id0002453,2,2016-05-21 13:53:00,2016-05-21 14:02:05,1,-73.95723526132778,40.720758709166944,-73.94296227534105,40.69717208006702,N,545
id0002454,1,2016-01-23 05:16:00,2016-01-23 05:21:01,1,-74.00030430211022,40.739525970539326,-73.98517735906199,40.73677696469323,N,301
id0002455,1,2016-03-29 06:10:00,2016-03-29 06:28:17,1,-73.96685025553006,40.762031674531585,-73.98094388167189,40.82539320282335,N,1097
id0002456,2,2016-02-12 10:03:00,2016-02-12 10:13:10,1,-73.9441126237297,40.80281724081701,-73.89353329215349,40.79947074918774,N,610
id0002457,2,2016-01-13 21:59:00,2016-01-13 22:18:57,1,-74.01615430383983,40.73079306227192,-73.95522237391135,40.69411229642734,N,1197
id0002458,1,2016-02-17 22:46:00,2016-02-17 23:03:44,1,-74.04638593959764,40.67509269920862,-74.04950116968524,40.62726967752914,N,1064
id0002459,1,2016-06-14 12:15:00,2016-06-14 12:18:53,3,-73.96377998426703,40.671753113961685,-73.9525105057293,40.67620223546944,N,233
id0002460,1,2016-04-18 20:07:00,2016-04-18 20:17:50,1,-74.01433633204023,40.701326411998224,-74.03470083194028,40.674695081590976,N,650
id0002461,1,2016-05-18 22:58:00,2016-05-18 23:08:02,2,-73.97696473178472,40.698907452681006,-73.9487547843194,40.70753856265039,N,602
id0002462,2,2016-04-01 12:18:00,2016-04-01 12:37:42,2,-74.05888295403292,40.7510425158621,-74.11261567563403,40.6943599076026,N,1182
id0002463,2,2016-03-05 20:44:00,2016-03-05 20:59:04,5,-73.9988700498461,40.70450039308811,-73.91805748342404,40.72865914779827,N,904
id0002464,2,2016-03-28 21:03:00,2016-03-28 21:19:50,6,-73.9456776459928,40.72637602680805,-73.89437830917004,40.689270256295295,N,1010
id0002465,1,2016-06-28 01:47:00,2016-06-28 01:57:24,1,-73.95167371207943,40.72316613517581,-74.00562539800677,40.724786539250516,N,624
id0002466,1,2016-02-22 05:17:00,2016-02-22 05:26:53,1,-74.02835968839803,40.73817714626184,-74.06386551979556,40.72633653365144,N,593
id0002467,1,2016-02-26 14:55:00,2016-02-26 15:15:43,2,-74.04925454031249,40.81751269491854,-74.03029834593048,40.877656308598304,N,1243
id0002468,2,2016-06-03 04:30:00,2016-06-03 04:37:04,2,-73.98413299706365,40.787787641524375,-73.99935429672942,40.79378976259441,N,424
id0002469,2,2016-03-08 10:36:00,2016-03-08 10:58:22,1,-73.95414319616393,40.75872582368742,-73.92963621647145,40.82681734187143,N,1342
id0002470,1,2016-06-13 12:17:00,2016-06-13 12:25:40,1,-73.9627153672894,40.73725381737386,-73.97888820290513,40.756879801376044,N,520
id0002471,1,2016-06-26 09:23:00,2016-06-26 09:53:43,4,-74.01316879143987,40.73850453045197,-73.94455226232446,40.7883937377329,N,1843
id0002472,2,2016-01-13 00:26:00,2016-01-13 00:34:23,1,-73.96861965566323,40.77274859114784,-73.96824584099167,40.76544065392304,N,503
id0002473,1,2016-05-01 14:18:00,2016-05-01 14:38:23,1,-73.90237044907983,40.78428760830086,-73.79344546818443,40.79638021503302,N,1223
id0002474,1,2016-01-18 03:20:00,2016-01-18 03:35:55,1,-73.973717042198,40.71715721222547,-73.94659665382792,40.75980973784114,N,955
id0002475,1,2016-06-09 00:19:00,2016-06-09 00:35:21,1,-74.07482313647003,40.75964163400264,-74.1355463316912,40.79131523220308,N,981
id0002476,1,2016-01-21 23:17:00,2016-01-21 23:35:07,1,-73.97382398140446,40.666577119410164,-73.87993163514817,40.68516188414662,N,1087
id0002477,2,2016-06-10 13:42:00,2016-06-10 13:52:19,1,-73.8725823665833,40.76752712028768,-73.82314181361413,40.75604940114011,N,619
id0002478,2,2016-05-20 00:30:00,2016-05-20 00:36:18,2,-74.05580649472135,40.79229671588814,-74.03869985159271,40.786739538604905,N,378
id0002479,1,2016-04-07 15:12:00,2016-04-07 15:30:59,1,-73.9833651435994,40.745396911790365,-73.95426663807046,40.785215080096485,N,1139
id0002480,2,2016-02-07 20:03:00,2016-02-07 20:26:41,2,-73.99744844881677,40.839743714826305,-74.05095555322454,40.88685060853193,N,1421
id0002481,2,2016-02-18 14:06:00,2016-02-18 14:25:05,1,-73.97972643723988,40.71834426986538,-74.060923362205,40.69759407434059,N,1145
id0002482,2,2016-03-19 11:30:00,2016-03-19 11:39:05,2,-73.97431613157654,40.76778481868865,-73.9761948684141,40.74175325458622,N,545
id0002483,1,2016-06-03 05:38:00,2016-06-03 05:53:32,1,-73.92230154076654,40.756387886400034,-73.86025687550483,40.724743203810576,N,932
id0002484,1,2016-06-12 09:04:00,2016-06-12 09:20:17,1,-73.98033691924796,40.75348660496505,-73.96253002130088,40.782526126515606,N,977
id0002485,2,2016-04-01 08:14:00,2016-04-01 08:36:25,1,-73.91475072435334,40.752855502439786,-73.83783800696993,40.7203238766676,N,1345
id0002486,2,2016-02-12 09:08:00,2016-02-12 09:30:51,1,-73.99147106123326,40.76281972635043,-73.9320161259896,40.79143584556119,N,1371
id0002487,1,2016-04-12 17:05:00,2016-04-12 17:13:02,1,-74.00425752256861,40.79615814345587,-74.00333013076326,40.8152573054651,N,482
id0002488,1,2016-05-31 08:34:00,2016-05-31 08:51:43,1,-74.02180506406712,40.819998130632364,-73.9685360026074,40.800919916079565,N,1063
id0002489,1,2016-04-08 12:41:00,2016-04-08 13:01:32,2,-74.08493978660161,40.75789873899731,-74.01642299423814,40.81263381498211,N,1232
id0002490,2,2016-06-11 01:44:00,2016-06-11 02:02:10,1,-73.96983202234408,40.79468922324773,-73.97344021104281,40.74351016146419,N,1090
id0002491,1,2016-01-02 17:52:00,2016-01-02 18:27:14,5,-73.87202998413404,40.726420487418,-73.88164988435857,40.784504128409544,N,2114
id0002492,1,2016-04-01 08:23:00,2016-04-01 08:29:54,1,-73.95979704874928,40.79246799537268,-73.95347677681929,40.80362900062128,N,414
id0002493,1,2016-01-09 08:21:00,2016-01-09 09:00:30,1,-73.9472288955211,40.723710381427786,-74.05576474776875,40.65113905894473,N,2370
id0002494,2,2016-04-21 08:05:00,2016-04-21 08:33:55,5,-74.0077167228758,40.80707969712397,-73.99509728730489,40.86279548437772,N,1735
id0002495,1,2016-04-22 04:22:00,2016-04-22 04:35:04,1,-73.99843833652005,40.857478839482695,-73.96601862728123,40.8915062771304,N,784
id0002496,2,2016-02-26 20:12:00,2016-02-26 20:19:59,2,-73.93084471814167,40.75250622504129,-73.92434171902798,40.73751881612183,N,479
id0002497,1,2016-05-24 14:06:00,2016-05-24 14:19:19,1,-73.87452184978406,40.65933554291367,-73.8590115008678,40.62557032313022,N,799
id0002498,1,2016-06-22 03:02:00,2016-06-22 03:14:00,1,-73.90316286353118,40.73333671800398,-73.90511930043316,40.67841938196964,N,720
id0002499,2,2016-03-24 04:20:00,2016-03-24 04:43:41,2,-73.94071154536496,40.813434381043024,-74.03057753041291,40.89797499670639,N,1421
id0002500,2,2016-03-20 03:56:00,2016-03-20 04:16:17,1,-73.98306671813351,40.78288845541614,-73.90824995389286,40.75057008982048,N,1217
id0002501,2,2016-02-04 15:42:00,2016-02-04 15:56:58,1,-73.9734654597153,40.769201111940376,-73.99001775784838,40.72497551227034,N,898
id0002502,1,2016-01-06 03:02:00,2016-01-06 03:11:26,1,-74.02644290256855,40.80339007601797,-74.05424255830741,40.812767245370225,N,566
id0002503,1,2016-03-15 00:11:00,2016-03-15 00:25:30,2,-74.06464921367164,40.779800404766185,-74.00353998864131,40.72247413342954,N,870
id0002504,2,2016-03-21 08:25:00,2016-03-21 08:46:54,1,-74.0469739096768,40.8127976334353,-74.00293238859604,40.77844343948974,N,1314
id0002505,2,2016-05-19 20:02:00,2016-05-19 20:14:13,1,-73.9822609981013,40.799374065449115,-73.96997303458238,40.83419798724473,N,733
id0002506,2,2016-06-05 21:32:00,2016-06-05 21:41:31,1,-74.00105957437847,40.82647652037316,-73.96643793683899,40.84272389119184,N,571
id0002507,2,2016-01-20 18:27:00,2016-01-20 18:49:17,1,-74.06581929375959,40.77414582377578,-74.11779376886567,40.76062287518491,N,1337
id0002508,1,2016-01-28 18:16:00,2016-01-28 18:20:22,6,-73.98705278584774,40.79873667306723,-73.99069303267862,40.79937740661983,N,262
id0002509,2,2016-04-11 22:56:00,2016-04-11 23:14:36,6,-74.00251366784563,40.74417928171114,-73.94424838292005,40.72869281315414,N,1116
id0002510,2,2016-03-09 08:26:00,2016-03-09 08:36:29,2,-74.04950668704062,40.730934263479845,-74.07997806890148,40.728764340151926,N,629
id0002511,1,2016-05-07 19:15:00,2016-05-07 19:33:48,2,-74.00535984558411,40.834804543818855,-74.05028484430883,40.80814114542927,N,1128
id0002512,1,2016-02-28 16:21:00,2016-02-28 16:30:01,3,-74.00265241503939,40.767729210434524,-73.99911523716175,40.747420834251066,N,541
id0002513,1,2016-03-16 16:21:00,2016-03-16 16:30:20,1,-74.01891504269585,40.79421962546381,-74.01432247719646,40.77284589064972,N,560
id0002514,1,2016-03-21 20:04:00,2016-03-21 20:16:32,1,-73.93403314093732,40.763568300648515,-73.90489239644451,40.738163170833566,N,752
id0002515,2,2016-04-19 10:18:00,2016-04-19 10:32:07,1,-74.08965958591513,40.73160679570861,-74.15,40.76814368058319,N,847
id0002516,1,2016-01-13 16:27:00,2016-01-13 16:45:57,1,-74.0942189444891,40.758494230166214,-74.15,40.785448338886674,N,1137
id0002517,2,2016-06-09 19:01:00,2016-06-09 19:23:49,2,-73.9848192818553,40.82261973079955,-73.94336384512054,40.78998701640587,N,1369
id0002518,1,2016-03-02 16:29:00,2016-03-02 16:54:30,1,-73.97971300458342,40.78298580334258,-74.02844719337763,40.74118202060359,N,1530
id0002519,2,2016-02-08 17:34:00,2016-02-08 17:44:28,1,-73.96276816751896,40.68098370781213,-73.99021773377211,40.67547902530256,N,628
id0002520,2,2016-04-26 13:17:00,2016-04-26 13:46:55,3,-74.01464354295535,40.748313999454076,-74.11288913964329,40.82374906539421,N,1795
id0002521,2,2016-01-25 14:02:00,2016-01-25 14:19:51,1,-74.03548580928008,40.838203220671716,-73.98945473858892,40.80223353854234,N,1071
id0002522,1,2016-04-17 09:47:00,2016-04-17 09:55:15,6,-73.98540238729822,40.74837914121675,-73.96963716721496,40.74273628757711,N,495
id0002523,2,2016-01-12 01:47:00,2016-01-12 01:53:38,5,-74.00928679744413,40.676978458871965,-73.99532804296184,40.68008367335208,N,398
id0002524,2,2016-02-18 00:07:00,2016-02-18 00:11:00,1,-73.89969107274393,40.84318719984402,-73.8860355939554,40.83938472375244,N,240
id0002525,2,2016-05-12 04:05:00,2016-05-12 04:24:06,2,-74.00283249874589,40.788707662941576,-74.09553979567731,40.772670317343895,N,1146
id0002526,1,2016-03-08 16:02:00,2016-03-08 16:26:13,1,-73.98792518334444,40.75484942135343,-74.0322576528228,40.79527722038038,N,1453
id0002527,1,2016-06-12 21:31:00,2016-06-12 21:40:04,1,-73.84885200232212,40.74128620187631,-73.8691797222922,40.75719225367933,N,544
id0002528,1,2016-03-05 17:49:00,2016-03-05 18:09:57,3,-73.99571181247019,40.80670583684063,-74.02940523717133,40.83630902317171,N,1257
id0002529,1,2016-05-05 15:38:00,2016-05-05 15:44:55,1,-73.95441137241404,40.733610746989825,-73.96662939214812,40.75423904522815,N,415
id0002530,2,2016-01-06 10:43:00,2016-01-06 10:52:55,1,-73.94945298116374,40.80967153910322,-73.9383739945432,40.84095973036643,N,595
id0002531,2,2016-06-26 17:08:00,2016-06-26 17:50:54,1,-73.9447729095955,40.782398787857595,-73.89948318536402,40.83785299201169,N,2574
id0002532,1,2016-04-22 01:57:00,2016-04-22 02:18:15,1,-73.96907820040238,40.769010686646936,-74.03568738161921,40.81559722548453,N,1275
id0002533,2,2016-05-08 21:01:00,2016-05-08 21:30:27,2,-73.97433875630742,40.764548166240104,-73.97473634871335,40.84591630482596,N,1767
id0002534,1,2016-02-29 04:39:00,2016-02-29 04:54:30,1,-73.97948161405895,40.75012643834786,-73.94746214850738,40.79273338319712,N,930
id0002535,1,2016-02-22 12:08:00,2016-02-22 12:18:01,1,-74.01667966462286,40.80505380540942,-74.05826340727158,40.78162316823096,N,601
id0002536,2,2016-03-20 11:22:00,2016-03-20 11:32:56,2,-73.96709646584384,40.71905957255542,-73.97577394066339,40.748715494018626,N,656
id0002537,1,2016-02-16 12:24:00,2016-02-16 12:31:14,1,-73.87342447894164,40.68501336929264,-73.85242963374472,40.709878600557104,N,434
id0002538,1,2016-01-04 18:42:00,2016-01-04 19:06:44,1,-73.918412495007,40.78564980553016,-73.91790809633042,40.85286012721329,N,1484
id0002539,2,2016-05-01 08:00:00,2016-05-01 08:14:09,1,-73.96828450877764,40.78640572476302,-73.93794560955217,40.75255517667935,N,849
id0002540,1,2016-05-10 10:13:00,2016-05-10 10:20:34,2,-73.93792936110417,40.77961085186303,-73.93366794448694,40.799139139711784,N,454
id0002541,1,2016-05-02 23:56:00,2016-05-03 00:04:11,1,-74.03280467498018,40.77634777663282,-74.04683848926507,40.752510314565974,N,491
id0002542,1,2016-04-10 19:18:00,2016-04-10 19:36:51,1,-73.99932816848099,40.743575682974814,-74.05210010744986,40.76151476161832,N,1131
id0002543,2,2016-04-05 08:00:00,2016-04-05 08:05:06,1,-73.93286825856988,40.793436721697354,-73.92174567353126,40.78592058843636,N,306
id0002544,1,2016-06-28 08:43:00,2016-06-28 08:53:51,1,-73.9032058043598,40.75594988429605,-73.89870702937264,40.772731292442735,N,651
id0002545,1,2016-04-05 21:27:00,2016-04-05 21:48:05,5,-74.02739763946525,40.73607988976332,-74.0720750807165,40.686718053250466,N,1265
id0002546,1,2016-05-08 11:14:00,2016-05-08 11:30:11,3,-74.01159735701827,40.74396489094851,-73.98540484490023,40.77172781780297,N,971
id0002547,1,2016-03-16 19:53:00,2016-03-16 20:06:45,1,-73.86502433133668,40.848928786444915,-73.80796777355138,40.85614086947643,N,825
id0002548,2,2016-01-07 00:24:00,2016-01-07 00:31:27,1,-73.9797056312627,40.67992607630796,-74.00940981932108,40.685252827169975,N,447
id0002549,2,2016-03-04 16:27:00,2016-03-04 17:12:20,1,-73.88471509150148,40.780490464693315,-73.91745853799398,40.84874845518797,N,2720
id0002550,2,2016-05-11 06:52:00,2016-05-11 06:59:58,1,-73.97362284754983,40.682440030756936,-74.0080095326113,40.66905311181756,N,478
id0002551,2,2016-04-25 09:32:00,2016-04-25 10:00:41,1,-73.9714600844721,40.75312949977547,-74.04699985432053,40.76510878964249,N,1721
id0002552,2,2016-05-06 05:48:00,2016-05-06 06:03:23,1,-74.00180199882129,40.73848676316806,-73.91160032291191,40.74199623763444,N,923
id0002553,2,2016-05-16 01:09:00,2016-05-16 01:17:34,1,-73.93315946721694,40.66417372664941,-73.95335930934014,40.671105097257836,N,514
id0002554,1,2016-02-09 17:38:00,2016-02-09 18:11:23,2,-73.91032223473329,40.775506691569525,-73.94895267271693,40.85326982823202,N,2003
id0002555,1,2016-05-28 00:57:00,2016-05-28 01:06:50,1,-74.04192512265774,40.740898287201354,-74.09262999977227,40.743131535435836,N,590
id0002556,1,2016-05-10 00:34:00,2016-05-10 00:41:59,1,-74.00438478037212,40.66353571458475,-74.02184331635985,40.64368092160266,N,479
id0002557,1,2016-02-26 00:37:00,2016-02-26 00:51:59,1,-73.93467068115942,40.79578056408484,-73.96595510265927,40.861262161925495,N,899
id0002558,2,2016-04-01 16:21:00,2016-04-01 16:45:02,1,-73.99212517507814,40.8225752780095,-73.92741188167392,40.81180617121914,N,1442
id0002559,1,2016-06-05 02:34:00,2016-06-05 02:50:51,1,-74.01213620076932,40.82505559540335,-74.0683294024922,40.76887436025103,N,1011
id0002560,1,2016-01-31 10:18:00,2016-01-31 10:31:03,1,-73.92947518153719,40.77415303982932,-73.99870922194516,40.74822351010431,N,783
id0002561,2,2016-02-25 02:22:00,2016-02-25 02:34:54,6,-73.92431007374081,40.76007261623597,-73.89947979003787,40.716442053944476,N,774
id0002562,1,2016-02-04 22:56:00,2016-02-04 23:19:07,1,-74.00973031498697,40.817767047940315,-74.01455460732089,40.75476825661931,N,1387
id0002563,1,2016-02-25 11:42:00,2016-02-25 11:46:58,1,-73.97331984096066,40.83370726134031,-73.98335235859322,40.821001736187426,N,298
id0002564,1,2016-02-07 05:53:00,2016-02-07 06:01:23,1,-74.05146611377474,40.80901059162941,-74.02628248269103,40.80655303284484,N,503
id0002565,2,2016-05-26 16:37:00,2016-05-26 16:58:02,1,-74.03425145007633,40.715630807899664,-74.02809942639807,40.75694928492918,N,1262
id0002566,1,2016-06-29 09:31:00,2016-06-29 09:39:33,3,-73.97817091223267,40.76706051839467,-73.98027770364138,40.78908957481684,N,513
id0002567,2,2016-06-25 10:13:00,2016-06-25 10:27:52,1,-73.9832726266831,40.77777822649312,-74.04652670126967,40.79821242727762,N,892
id0002568,2,2016-03-06 04:24:00,2016-03-06 04:41:25,3,-74.03817818504518,40.676567236398725,-74.11324246678042,40.645304886216806,N,1045
id0002569,1,2016-06-18 15:57:00,2016-06-18 16:11:04,1,-74.0243785658599,40.779121229682936,-74.05589784301797,40.81009389385168,N,844
id0002570,2,2016-01-15 21:07:00,2016-01-15 21:26:58,1,-74.04357744034756,40.860284632169076,-74.09237386268802,40.908977781443035,N,1198
id0002571,1,2016-01-21 05:11:00,2016-01-21 05:18:17,1,-73.95997170786977,40.786797127461035,-73.94785744693623,40.800607108665154,N,437
id0002572,2,2016-02-29 05:49:00,2016-02-29 06:03:14,1,-74.09322015581806,40.82430358866488,-74.15,40.83909170243531,N,854
id0002573,2,2016-02-22 12:03:00,2016-02-22 12:15:54,1,-74.04063674762581,40.766231162855796,-74.0607589518079,40.7219669323663,N,774
id0002574,1,2016-06-16 00:12:00,2016-06-16 00:21:18,1,-74.08746178513077,40.75470517542073,-74.0952501537557,40.791610428686916,N,558
id0002575,1,2016-05-18 07:13:00,2016-05-18 07:54:48,1,-73.96195386678781,40.775157212553644,-73.96373835436673,40.83748628176029,N,2508
id0002576,1,2016-05-17 02:27:00,2016-05-17 02:34:49,2,-74.08415034525301,40.721287800840706,-74.06619695343107,40.73259113480734,N,469
id0002577,2,2016-05-26 17:40:00,2016-05-26 17:53:46,1,-73.98325489408055,40.714630116574455,-73.99794920278764,40.693827611831594,N,826
id0002578,1,2016-05-11 23:49:00,2016-05-11 23:57:05,1,-73.89482617913389,40.81498370507263,-73.92486331931211,40.809313885113056,N,485
id0002579,1,2016-04-01 18:38:00,2016-04-01 19:05:09,3,-73.8929611310301,40.819755405429,-73.83695952425987,40.80504068040356,N,1629
id0002580,1,2016-01-11 16:38:00,2016-01-11 16:43:41,1,-74.08432491630484,40.71340021579857,-74.0987263872894,40.70078447793796,N,341
id0002581,1,2016-01-03 22:20:00,2016-01-03 22:38:07,1,-73.9685874719103,40.801559946204925,-73.90472660537036,40.824239353434216,N,1087
id0002582,1,2016-06-26 13:39:00,2016-06-26 13:45:58,1,-74.03939342130093,40.754086801097735,-74.05402414752592,40.7638680450062,N,418
id0002583,1,2016-04-01 08:04:00,2016-04-01 08:15:22,1,-74.05062248196407,40.77329138585207,-74.05135461681121,40.808429167061064,N,682
id0002584,2,2016-06-22 11:00:00,2016-06-22 11:06:03,1,-73.99124084749145,40.77870983877458,-73.99748447812904,40.79169142784182,N,363
id0002585,1,2016-01-06 16:02:00,2016-01-06 16:14:47,1,-73.91744398636868,40.802745771065595,-73.90703914898023,40.77250269197636,N,767
id0002586,2,2016-04-25 17:51:00,2016-04-25 18:02:48,2,-73.95201876191788,40.761722319083844,-73.9709119306882,40.744198098249115,N,708
id0002587,2,2016-02-21 05:08:00,2016-02-21 05:13:49,1,-74.02433275106655,40.82145728978859,-74.02000667724799,40.80175785224102,N,349
id0002588,2,2016-03-07 07:32:00,2016-03-07 07:53:30,2,-73.94622313014244,40.7719235777892,-73.87733649894564,40.765397125107555,N,1290
id0002589,2,2016-04-29 13:09:00,2016-04-29 13:27:55,1,-74.1,40.786088292261134,-74.05280166946238,40.84890327146064,N,1135
id0002590,1,2016-03-31 03:22:00,2016-03-31 03:41:42,1,-74.02641201891383,40.72050318338083,-73.97890379345095,40.788924669088495,N,1182
id0002591,1,2016-01-25 11:56:00,2016-01-25 12:18:09,1,-74.03031403495856,40.85513965548172,-74.0907009106908,40.884420697497355,N,1329
id0002592,1,2016-06-30 22:34:00,2016-06-30 22:50:44,1,-73.98069236195435,40.779142121544226,-74.03379775933091,40.783298854433404,N,1004
id0002593,2,2016-05-09 16:09:00,2016-05-09 16:36:09,1,-73.9961555380013,40.79008488414053,-73.98635674647724,40.74242705645788,N,1629
id0002594,1,2016-03-06 15:22:00,2016-03-06 15:32:25,1,-73.9927809101491,40.68563163849549,-73.95809770350358,40.69333192919604,N,625
id0002595,1,2016-04-23 02:12:00,2016-04-23 02:22:48,1,-73.99460957415583,40.72097840896144,-74.0179706740157,40.693328153586144,N,648
id0002596,1,2016-01-28 13:19:00,2016-01-28 13:38:48,1,-73.9837676017456,40.813704765956345,-74.01515892061462,40.87077303233615,N,1188
id0002597,2,2016-03-19 04:54:00,2016-03-19 05:15:28,1,-73.9552927968173,40.77091010032317,-73.89256986169703,40.714696401180504,N,1288
id0002598,2,2016-03-18 07:41:00,2016-03-18 07:53:33,1,-73.97678679356437,40.6718799119327,-73.94592234356045,40.685336863599254,N,753
id0002599,2,2016-03-08 17:34:00,2016-03-08 18:00:25,1,-74.00063934991326,40.80472304680428,-73.95302994928043,40.774124668586516,N,1585
id0002600,2,2016-03-29 01:09:00,2016-03-29 01:13:54,1,-73.96290384461074,40.73352977380413,-73.98276909724024,40.73319674231221,N,294
id0002601,2,2016-06-15 11:15:00,2016-06-15 11:25:29,1,-73.93956320509909,40.82150926436446,-73.96296413152831,40.84482165102534,N,629
id0002602,1,2016-01-02 06:32:00,2016-01-02 06:46:12,1,-74.01558142398974,40.75404739446284,-73.9728813467799,40.78981629857021,N,852
id0002603,2,2016-04-10 16:14:00,2016-04-10 16:19:51,1,-73.988267150187,40.767211800870925,-74.00008981389851,40.76508764383832,N,351
id0002604,1,2016-06-20 04:48:00,2016-06-20 04:59:56,4,-73.92109513903243,40.811052956036626,-73.94858370535508,40.83769553529298,N,716
id0002605,1,2016-06-10 18:42:00,2016-06-10 18:57:38,2,-74.04565183724971,40.717612816311544,-74.08674567688705,40.69442636286012,N,938
id0002606,1,2016-06-12 08:31:00,2016-06-12 08:39:18,1,-73.88574137920592,40.713321893647475,-73.9087496604897,40.721915737114536,N,498
id0002607,1,2016-03-16 01:32:00,2016-03-16 01:44:09,1,-74.05865352361067,40.74915757108209,-74.01927476379504,40.784234830587415,N,729
id0002608,2,2016-04-13 05:29:00,2016-04-13 05:45:08,3,-74.00399505361626,40.79522277598296,-74.07192997216902,40.80684625771786,N,968
id0002609,1,2016-04-18 05:23:00,2016-04-18 05:32:38,1,-74.03726044982818,40.698110523632394,-74.0089530887527,40.679583494259326,N,578
id0002610,2,2016-06-01 10:58:00,2016-06-01 11:09:53,1,-73.86466401517218,40.68293844300499,-73.89653385931575,40.67317196014027,N,713
id0002611,2,2016-06-22 17:43:00,2016-06-22 17:57:23,1,-74.01268425158659,40.795067441716974,-74.022147769352,40.83061540390615,N,863
id0002612,1,2016-02-16 09:07:00,2016-02-16 09:25:33,1,-74.01254626360907,40.730865975934485,-74.01912731473685,40.692651414342,N,1113
id0002613,1,2016-01-23 14:00:00,2016-01-23 14:11:28,1,-74.00539118069669,40.74034982941859,-74.01532469992037,40.70729879972833,N,688
id0002614,2,2016-02-18 05:28:00,2016-02-18 05:34:44,1,-73.97974184556583,40.674443531912694,-73.99266258891203,40.69549913850611,N,404
id0002615,2,2016-02-17 19:49:00,2016-02-17 20:00:19,1,-74.00306429783974,40.72744593085417,-74.02306031486259,40.712075905045204,N,679
id0002616,1,2016-02-24 15:58:00,2016-02-24 16:17:53,1,-73.99230877425423,40.7576594716516,-74.01802290708159,40.70680243477936,N,1193
id0002617,1,2016-06-15 20:07:00,2016-06-15 20:29:25,1,-74.1,40.799867003593036,-74.04061019038654,40.8471456569395,N,1345
id0002618,1,2016-02-09 04:51:00,2016-02-09 04:59:10,1,-73.9818562090199,40.72329464251944,-73.98072898979675,40.68480863244365,N,490
id0002619,1,2016-03-17 19:18:00,2016-03-17 19:22:40,1,-73.98402063581824,40.832581925410466,-73.98968830901336,40.825601874944276,N,280
id0002620,1,2016-03-06 02:16:00,2016-03-06 02:26:16,1,-73.92787871614232,40.72719497891191,-73.95688808864816,40.70551175638286,N,616
id0002621,2,2016-02-19 12:15:00,2016-02-19 12:23:42,1,-73.91300164784464,40.72726086892867,-73.93135911979552,40.71684194693476,N,522
id0002622,2,2016-02-05 17:58:00,2016-02-05 18:12:17,5,-73.99532394337655,40.827181089835406,-74.02417664775281,40.796219408817606,N,857
id0002623,2,2016-06-30 12:22:00,2016-06-30 12:33:05,1,-73.94010740050793,40.76751570685638,-73.90566691277178,40.79251548017565,N,665
id0002624,1,2016-04-24 00:13:00,2016-04-24 00:20:54,1,-74.04558628292446,40.733158887194485,-74.07949824181566,40.73703771054522,N,474
id0002625,1,2016-01-19 14:27:00,2016-01-19 14:56:49,1,-73.94279617115171,40.75101900909688,-74.04387723537589,40.78544688492926,N,1789
id0002626,2,2016-04-29 04:52:00,2016-04-29 05:00:51,1,-74.0164861689524,40.818888310989394,-74.01386230726648,40.797567423585434,N,531
id0002627,2,2016-04-21 07:13:00,2016-04-21 07:59:28,1,-74.05015836074715,40.82397912688316,-74.0627309479878,40.89863488883138,N,2788
id0002628,1,2016-03-06 08:58:00,2016-03-06 09:20:37,1,-73.99520737730123,40.72124430693284,-74.02156784705755,40.6545815994402,N,1357
id0002629,2,2016-05-23 10:18:00,2016-05-23 10:35:23,6,-73.90797401540412,40.75609047854644,-73.86695399000648,40.70061075676916,N,1043
id0002630,2,2016-05-26 00:45:00,2016-05-26 01:16:27,1,-73.97504469547981,40.762057057245045,-74.09805307761698,40.82341502691512,N,1887
id0002631,1,2016-05-23 04:28:00,2016-05-23 04:42:33,1,-73.90269315187768,40.71361919502676,-73.83176216895404,40.73021065338738,N,873
id0002632,1,2016-04-26 07:51:00,2016-04-26 08:10:06,3,-74.02618029925986,40.755494172630755,-73.97871980003973,40.767442685537716,N,1146
id0002633,2,2016-03-21 09:57:00,2016-03-21 10:13:58,1,-73.92736818924986,40.75823952872033,-73.95563058609363,40.77333416447646,N,1018
id0002634,2,2016-02-07 15:59:00,2016-02-07 16:06:47,1,-74.02086880204803,40.809309426552154,-74.04115409427376,40.82930168100742,N,467
id0002635,1,2016-01-09 00:01:00,2016-01-09 00:07:12,1,-73.9726069230681,40.81233412627401,-73.94990951025228,40.8228259964892,N,372
id0002636,2,2016-06-16 03:06:00,2016-06-16 03:20:19,1,-73.97308244442374,40.743185577073845,-73.9491777248809,40.709378919866964,N,859
id0002637,2,2016-06-02 01:36:00,2016-06-02 01:44:29,1,-73.94861795463417,40.74837210852627,-73.97714263822489,40.777008790203816,N,509
id0002638,1,2016-02-06 15:03:00,2016-02-06 15:21:34,2,-73.97120926590487,40.787893153592506,-74.04396421982877,40.81101689099634,N,1114
id0002639,1,2016-05-26 02:21:00,2016-05-26 02:42:10,1,-74.0256551495802,40.73166651979829,-73.93053897712612,40.78166160993418,N,1270
id0002640,1,2016-01-09 16:50:00,2016-01-09 17:14:58,1,-73.93658311763491,40.784488806828186,-73.89355753538781,40.84623724451973,N,1498
id0002641,2,2016-02-13 04:52:00,2016-02-13 04:57:07,1,-73.8897588873121,40.754044208068386,-73.88270050103885,40.7656108708559,N,307
id0002642,1,2016-01-28 08:10:00,2016-01-28 08:28:50,1,-74.01710918822408,40.714377064001766,-74.00919930200828,40.67141284838464,N,1130
id0002643,1,2016-03-02 23:25:00,2016-03-02 23:44:50,6,-74.08593776420447,40.71494234792042,-74.05797849792214,40.77698065051249,N,1190
id0002644,1,2016-02-28 04:17:00,2016-02-28 04:29:33,1,-73.95753742374055,40.8231176413214,-73.92418957586852,40.7874823935963,N,753
id0002645,1,2016-04-03 07:00:00,2016-04-03 07:39:33,1,-74.00321492167286,40.75096103343856,-74.09710142215982,40.76278978021709,N,2373
id0002646,1,2016-03-24 11:47:00,2016-03-24 11:53:21,1,-73.99221065707754,40.831815934225425,-74.00799989614897,40.82283024680069,N,381
id0002647,2,2016-01-21 18:34:00,2016-01-21 18:45:29,2,-73.95441022343479,40.73488636826783,-73.97487757146399,40.71981448101136,N,689
id0002648,1,2016-01-28 07:10:00,2016-01-28 07:22:28,1,-74.0101015836404,40.77110423405092,-74.017366143273,40.79785473830452,N,748
id0002649,1,2016-05-29 08:13:00,2016-05-29 08:22:39,1,-73.9997868584239,40.865670452535824,-73.96510113098252,40.8742265385102,N,579
id0002650,1,2016-04-09 18:20:00,2016-04-09 18:51:51,2,-73.99050657343152,40.71041759649015,-74.0710601823171,40.72838104868454,N,1911
id0002651,2,2016-06-16 19:43:00,2016-06-16 20:07:41,1,-73.90416353341082,40.67259834750451,-73.96487494076118,40.644049327348796,N,1481
id0002652,2,2016-01-24 18:40:00,2016-01-24 18:55:05,1,-73.98334617177375,40.815896555907926,-74.01402469841786,40.80980393211981,N,905
id0002653,2,2016-02-26 02:11:00,2016-02-26 02:20:30,1,-74.05296204694483,40.720793590257315,-74.04601651625383,40.69385986596289,N,570
id0002654,1,2016-01-29 17:22:00,2016-01-29 17:44:04,2,-74.05077331646277,40.75706821361522,-74.01332766386246,40.75010070803601,N,1324
id0002655,1,2016-06-17 04:09:00,2016-06-17 04:23:07,4,-73.97734235430872,40.73163368052968,-73.90393280042846,40.72747700265932,N,847
id0002656,1,2016-01-29 22:02:00,2016-01-29 22:25:11,5,-74.047118540038,40.77006732514299,-74.0600044790328,40.834617971205155,N,1391
id0002657,1,2016-05-25 18:11:00,2016-05-25 18:24:44,1,-74.07092669178083,40.71522587067665,-74.0335550508477,40.70614727267024,N,824
id0002658,2,2016-02-05 00:19:00,2016-02-05 00:37:38,2,-73.95004552049863,40.749902696045254,-73.91808820897667,40.67550675468668,N,1118
id0002659,2,2016-05-12 11:08:00,2016-05-12 11:30:32,1,-73.94735258784222,40.778241689695044,-73.92297747604407,40.827069893501275,N,1352
id0002660,1,2016-03-23 20:40:00,2016-03-23 20:46:39,1,-74.00524750936417,40.71262610011766,-74.00634015165689,40.72835017820857,N,399
id0002661,1,2016-06-25 09:15:00,2016-06-25 09:22:42,5,-73.96884873898665,40.726496218665936,-73.98682767621648,40.72191085345657,N,462
id0002662,1,2016-01-13 17:23:00,2016-01-13 17:42:38,3,-73.97465330956925,40.742367772488066,-74.02259627944636,40.72706523464793,N,1178
id0002663,1,2016-02-29 02:04:00,2016-02-29 02:19:36,2,-73.9518669337717,40.69370330545982,-74.00278861274718,40.66056090749783,N,936
id0002664,1,2016-05-11 14:32:00,2016-05-11 14:49:50,1,-73.95173875528332,40.73898475577406,-73.93612007322591,40.80681643917209,N,1070
id0002665,1,2016-06-15 15:31:00,2016-06-15 15:33:11,1,-74.1,40.763345844295635,-74.10244901296268,40.76516041539874,N,131
id0002666,2,2016-04-08 02:38:00,2016-04-08 02:50:23,4,-73.99822744271653,40.740020297628526,-74.01692527471934,40.67919900760668,N,743
id0002667,1,2016-01-18 21:49:00,2016-01-18 21:57:30,6,-73.9565152696502,40.745788057818075,-73.92659888146684,40.75725895898306,N,510
id0002668,2,2016-04-24 12:48:00,2016-04-24 13:00:45,1,-74.00757511250714,40.75710442480921,-74.01659712502614,40.79932043438043,N,765
id0002669,2,2016-03-27 23:57:00,2016-03-28 00:05:48,1,-73.9830088548407,40.72849154419055,-74.02410191676104,40.73396675758292,N,528
id0002670,1,2016-05-21 00:43:00,2016-05-21 00:50:32,1,-73.94371150100771,40.78909781546401,-73.95570391411407,40.75754204393718,N,452
id0002671,2,2016-04-10 11:11:00,2016-04-10 11:24:28,1,-73.98054911217113,40.822619015616084,-73.94362076904677,40.78793141560522,N,808
id0002672,1,2016-06-12 10:02:00,2016-06-12 10:15:45,1,-73.90206443205209,40.73710288235121,-73.9481225284,40.70499671988104,N,825
id0002673,2,2016-01-23 08:26:00,2016-01-23 08:51:42,5,-73.92301575612454,40.7798339204165,-73.91359829933535,40.83309195031315,N,1542
id0002674,2,2016-04-23 13:15:00,2016-04-23 13:20:58,1,-73.99152102841343,40.74721722800545,-73.99401518691116,40.744708986072155,N,358
id0002675,2,2016-05-14 04:45:00,2016-05-14 05:01:19,2,-73.99589253938986,40.774446930526736,-74.03012898450149,40.715691576012986,N,979
id0002676,2,2016-03-14 21:02:00,2016-03-14 21:08:31,1,-74.1,40.82846007890415,-74.11320084841677,40.84190476630871,N,391
id0002677,1,2016-03-27 11:34:00,2016-03-27 11:49:31,1,-74.00295762082898,40.780889679435816,-74.07368335622402,40.785825966930894,N,931
id0002678,1,2016-05-06 13:12:00,2016-05-06 13:18:56,1,-74.05942978909908,40.67819634575357,-74.054495980362,40.66248500441265,N,416
id0002679,2,2016-03-23 21:48:00,2016-03-23 22:06:31,1,-73.97283237518997,40.778429803415115,-74.03424535944285,40.74271556695201,N,1111
id0002680,2,2016-03-12 10:52:00,2016-03-12 11:08:29,2,-73.9765921108884,40.81347886844891,-73.92833243611338,40.77624254695686,N,989
id0002681,2,2016-04-15 19:43:00,2016-04-15 20:09:26,1,-73.94672793341853,40.74802817235009,-73.95086669245507,40.78606035589141,N,1586
id0002682,1,2016-05-26 06:24:00,2016-05-26 06:31:35,5,-73.90818312404285,40.80280356627531,-73.93391473858847,40.811466516228485,N,455
id0002683,1,2016-01-25 12:25:00,2016-01-25 12:45:37,1,-73.98644481863195,40.72694480064816,-73.93421964886942,40.743697328911324,N,1237
id0002684,2,2016-06-08 01:36:00,2016-06-08 01:46:29,5,-73.85957710284423,40.6911507378215,-73.90601030083434,40.699717296156805,N,629
id0002685,2,2016-02-06 09:42:00,2016-02-06 09:54:39,1,-73.97221517051291,40.76435260584747,-74.0058609012755,40.77582171051939,N,759
id0002686,1,2016-01-18 18:54:00,2016-01-18 19:24:52,1,-74.05706190165441,40.67895854756642,-74.13937800144583,40.662564734346425,N,1852
id0002687,1,2016-02-02 21:13:00,2016-02-02 21:28:52,1,-74.01591395313106,40.74721030441979,-73.95698616943609,40.74000627701296,N,952
id0002688,1,2016-01-14 22:39:00,2016-01-14 23:01:49,1,-74.00550106851693,40.81590790181905,-73.92122211217024,40.85667981500893,N,1369
id0002689,1,2016-06-22 06:02:00,2016-06-22 06:21:23,1,-73.95243300668656,40.67206066924142,-74.0277447357052,40.721571325115086,N,1163
id0002690,1,2016-02-23 02:49:00,2016-02-23 03:02:13,5,-74.0370987445126,40.700422644183874,-74.07380850434035,40.65764942461228,N,793
id0002691,1,2016-05-20 17:17:00,2016-05-20 17:22:08,2,-74.00138867355452,40.71155854896773,-73.99824706238665,40.70426948980896,N,308
id0002692,2,2016-02-03 04:50:00,2016-02-03 05:00:19,1,-73.99385721544378,40.75515060631301,-74.01706345160918,40.78452559387779,Y,619
id0002693,1,2016-04-06 07:31:00,2016-04-06 07:53:24,1,-74.00964664442105,40.741542744645926,-74.01105581969749,40.80741553527348,N,1344
id0002694,2,2016-03-18 12:38:00,2016-03-18 12:52:50,1,-73.94037215400762,40.820961137176326,-73.94566406138458,40.8833297225229,N,890
id0002695,1,2016-04-30 00:30:00,2016-04-30 00:41:16,3,-73.9497273236344,40.80094567480913,-73.93138748992638,40.773094151286,N,676
id0002696,2,2016-06-28 21:27:00,2016-06-28 21:42:32,2,-73.92083880756928,40.78028728257309,-73.9640822547972,40.82491389671029,N,932
id0002697,1,2016-04-28 07:06:00,2016-04-28 07:11:36,1,-74.00320638496112,40.76455336414548,-73.99453670070012,40.76660563471922,N,336
id0002698,2,2016-05-07 18:16:00,2016-05-07 18:41:02,1,-73.91886098377937,40.77569533996432,-73.96908671781028,40.81224992232497,N,1502
id0002699,1,2016-02-17 17:55:00,2016-02-17 18:09:51,1,-74.06001983972874,40.7192107940109,-74.07855344595016,40.74680054783964,N,891
id0002700,2,2016-01-23 04:43:00,2016-01-23 05:00:46,1,-74.06136113655444,40.79657446591005,-74.1395149462924,40.752335724420284,N,1066
id0002701,1,2016-01-16 18:18:00,2016-01-16 18:29:27,1,-74.05175909273501,40.70795800855384,-74.06996376135034,40.72720709703579,N,687
id0002702,1,2016-02-24 15:10:00,2016-02-24 15:22:17,1,-73.98449335690523,40.7955919647256,-74.01026654813609,40.83079134541653,N,737
id0002703,1,2016-04-10 23:58:00,2016-04-11 00:07:37,2,-73.91886920358823,40.81137641259535,-73.87640813253499,40.81067097866938,N,577
id0002704,2,2016-01-11 23:58:00,2016-01-12 00:07:07,1,-74.01811781443519,40.76748890709397,-74.02078451768956,40.758867832138236,N,547
id0002705,1,2016-02-17 20:58:00,2016-02-17 21:14:12,6,-74.01121813727305,40.750070412346716,-74.00570549178337,40.69506217543466,N,972
id0002706,1,2016-04-24 21:25:00,2016-04-24 21:33:39,2,-73.99688098754201,40.776013945873935,-73.99789132882438,40.79994055895322,N,519
id0002707,2,2016-06-07 23:19:00,2016-06-07 23:37:13,1,-73.95349445321368,40.62923167334547,-74.04930435121194,40.63653786621896,N,1093
id0002708,1,2016-06-29 02:22:00,2016-06-29 02:38:15,1,-74.01126939168451,40.77160161983185,-74.10113197339223,40.739325182817,N,975
id0002709,2,2016-02-12 23:04:00,2016-02-12 23:09:54,1,-74.01433793268541,40.752899070097214,-74.02867842618754,40.74149467020654,N,354
id0002710,1,2016-01-19 13:58:00,2016-01-19 14:05:18,2,-74.05899673948467,40.75572173491244,-74.04646154001685,40.76112934863191,N,438
id0002711,1,2016-04-14 06:15:00,2016-04-14 06:22:50,1,-74.01644466111475,40.789793963080406,-74.02701359478715,40.770241710463566,N,470
id0002712,2,2016-06-19 17:50:00,2016-06-19 18:02:56,4,-73.92023960358856,40.75463539852959,-73.95912225746056,40.75472909799243,N,776
id0002713,1,2016-03-17 10:57:00,2016-03-17 11:18:22,2,-73.97999906953369,40.7066906914507,-73.99081315990514,40.64544304879858,N,1282
id0002714,2,2016-06-13 13:29:00,2016-06-13 13:49:29,1,-74.02569199806364,40.751636879812864,-74.04041084709563,40.798866639202686,N,1229
id0002715,1,2016-05-15 04:59:00,2016-05-15 05:06:36,1,-73.9170120814999,40.76103999678364,-73.8819569353002,40.76159682175746,N,456
id0002716,2,2016-06-12 13:48:00,2016-06-12 14:01:24,1,-74.0171867426133,40.763172026021145,-73.98465084342935,40.72469465329399,N,804
id0002717,1,2016-06-22 00:51:00,2016-06-22 01:09:40,1,-73.90690244312846,40.76528637152783,-73.93180609687242,40.67919656183426,N,1120
id0002718,2,2016-01-20 12:57:00,2016-01-20 13:06:49,1,-73.9078016162155,40.80477160702134,-73.91004820763871,40.840791329957504,N,589
id0002719,1,2016-03-15 21:44:00,2016-03-15 21:52:52,2,-73.9819193605494,40.709128445113464,-73.96949039267074,40.72866164945879,N,532
id0002720,2,2016-01-10 02:06:00,2016-01-10 02:11:22,1,-74.06742022400545,40.76590652052742,-74.04831122621061,40.77328052049884,N,322
id0002721,1,2016-01-09 01:44:00,2016-01-09 02:04:33,1,-73.85907746615598,40.81604683643782,-73.78471055207041,40.84627451648208,N,1233
id0002722,2,2016-03-27 11:34:00,2016-03-27 11:44:18,2,-73.96369981690545,40.67994248263783,-73.96496646031582,40.710073926508215,N,618
id0002723,1,2016-04-30 09:07:00,2016-04-30 09:21:03,1,-74.00281378635964,40.766084100635105,-73.95022027017035,40.77288943308698,N,843
id0002724,1,2016-06-10 06:12:00,2016-06-10 06:26:01,1,-73.93241296468737,40.731657967411216,-73.98461670318133,40.72276046980719,N,841
id0002725,2,2016-01-24 12:16:00,2016-01-24 12:26:44,1,-73.94637334671383,40.741318032698715,-73.97506866881861,40.72671807674718,N,644
id0002726,2,2016-01-07 01:15:00,2016-01-07 01:36:13,1,-73.91289839075624,40.71728366235536,-74.00901048952176,40.73201663319204,N,1273
id0002727,1,2016-01-20 00:27:00,2016-01-20 00:40:13,1,-74.02142912837739,40.75037021779348,-74.01462033407695,40.79926631591426,N,793
id0002728,1,2016-06-17 16:08:00,2016-06-17 16:22:35,1,-73.96748396229741,40.84085650264921,-73.93834538432876,40.83725489165315,N,875
id0002729,1,2016-04-30 09:41:00,2016-04-30 10:15:06,1,-74.05022286266347,40.701100633747025,-74.15,40.75277734295411,N,2046
id0002730,2,2016-03-28 14:22:00,2016-03-28 14:29:28,1,-73.94835160823423,40.70536754988846,-73.93987872169265,40.71842788645929,N,448
id0002731,1,2016-01-19 17:05:00,2016-01-19 17:13:44,1,-73.9862619953295,40.69941294434265,-73.95907252970407,40.71273712824073,N,524
id0002732,2,2016-03-08 11:46:00,2016-03-08 12:04:08,1,-73.96954449094822,40.83573382289827,-73.944918799113,40.91991265425461,N,1088
id0002733,2,2016-01-24 10:29:00,2016-01-24 10:46:17,1,-73.99304923481122,40.73719471325155,-74.04686298521278,40.79503845081919,N,1037
id0002734,2,2016-01-06 11:27:00,2016-01-06 11:51:30,1,-73.99880438513236,40.756846242284354,-73.9640139863432,40.81559756583794,N,1470
id0002735,2,2016-03-20 21:54:00,2016-03-20 22:01:12,5,-74.0327527145708,40.73987476765022,-74.03233401218846,40.71195828960738,N,432
id0002736,1,2016-04-01 11:33:00,2016-04-01 12:01:39,1,-73.94152633819236,40.715500970471865,-73.91492964534112,40.792227358047334,N,1719
id0002737,2,2016-03-23 07:45:00,2016-03-23 07:49:01,2,-73.90306627797922,40.747418220902354,-73.90872988306734,40.74454063310816,N,241
id0002738,1,2016-06-07 14:44:00,2016-06-07 14:50:04,6,-74.01561675974006,40.86862096225815,-73.99847007822255,40.86065877096678,N,364
id0002739,2,2016-06-15 07:06:00,2016-06-15 07:38:15,1,-73.95455527222659,40.82064319144384,-73.90463966122475,40.74506949697438,N,1935
id0002740,1,2016-01-23 03:18:00,2016-01-23 03:22:44,1,-73.96122990064369,40.71961779819935,-73.9704108930783,40.73103797705873,N,284
id0002741,2,2016-02-20 06:09:00,2016-02-20 06:19:45,1,-73.98455462037582,40.78714083463778,-73.97176990397547,40.74922344610419,N,645
id0002742,1,2016-04-01 04:18:00,2016-04-01 04:38:10,1,-74.06896276533506,40.72058147523001,-74.0127231740485,40.734870359229156,N,1210
id0002743,1,2016-03-13 23:17:00,2016-03-13 23:30:19,6,-74.05658785431108,40.67806345625192,-74.06258321172751,40.6374086765886,N,799
id0002744,1,2016-03-20 07:50:00,2016-03-20 08:18:24,6,-74.02795400731334,40.80387799129491,-74.07859683475715,40.86679748561773,N,1704
id0002745,2,2016-05-08 18:27:00,2016-05-08 18:41:16,1,-74.1,40.810204178098964,-74.06957805941298,40.82950926679965,N,856
id0002746,2,2016-02-02 18:03:00,2016-02-02 18:40:42,2,-73.90755830985519,40.805072351297156,-73.84298881737777,40.88486785644839,N,2262
id0002747,1,2016-05-30 12:25:00,2016-05-30 12:46:59,2,-73.96477632239511,40.73685606378512,-73.90678106431832,40.70105022268288,N,1319
id0002748,1,2016-02-18 04:35:00,2016-02-18 04:50:50,1,-73.98664785766195,40.75049509196991,-73.95447340817715,40.80471636553469,N,950
id0002749,2,2016-03-04 12:57:00,2016-03-04 13:17:19,2,-74.1,40.791739449914616,-74.15,40.728644515318464,N,1219
id0002750,2,2016-02-10 08:26:00,2016-02-10 08:36:33,1,-74.08531289702613,40.77561732168067,-74.11392536974097,40.78289996335727,N,633
id0002751,1,2016-04-24 20:32:00,2016-04-24 20:41:01,6,-73.98512877635028,40.740286313791636,-74.01143579829493,40.718179504593664,N,541
id0002752,1,2016-05-06 14:22:00,2016-05-06 14:30:15,3,-73.87662305189838,40.68514176809469,-73.87460397426611,40.66946328936093,N,495
id0002753,1,2016-04-23 14:26:00,2016-04-23 14:41:05,1,-74.02342543077302,40.76312438373639,-73.94745351322318,40.745047009109584,N,905
id0002754,1,2016-03-30 19:58:00,2016-03-30 20:14:44,1,-73.93749110920731,40.80655543376563,-73.9861154827174,40.774540367278334,N,1004
id0002755,1,2016-02-25 04:24:00,2016-02-25 04:49:24,5,-74.01139463242212,40.704108526993465,-73.91049553843528,40.66001943626069,N,1524
id0002756,2,2016-05-05 03:57:00,2016-05-05 04:04:01,1,-73.98196184073912,40.786744172175425,-73.99916659908646,40.771259233932824,N,421
id0002757,1,2016-01-22 14:08:00,2016-01-22 14:18:47,1,-73.91819238831089,40.77291937628102,-73.9527029474172,40.77698037018606,N,647
id0002758,1,2016-02-26 18:25:00,2016-02-26 18:45:32,1,-74.00402733965916,40.791756671845455,-73.96599312760513,40.83248597432737,N,1232
id0002759,2,2016-05-04 05:14:00,2016-05-04 05:22:46,1,-74.02295576994287,40.79723889748736,-73.98136207793578,40.8075761613691,N,526
id0002760,2,2016-05-05 23:33:00,2016-05-05 23:43:41,1,-73.90700611952313,40.72674906411336,-73.87775850852707,40.767577971158666,N,641
id0002761,1,2016-02-18 18:55:00,2016-02-18 19:10:48,1,-73.98249431983875,40.68523682699258,-74.01711981584502,40.63350063647408,N,948
id0002762,2,2016-03-03 02:31:00,2016-03-03 02:37:33,6,-73.92498372001776,40.73399162134427,-73.9023924542695,40.71883769214447,N,393
id0002763,1,2016-02-27 22:15:00,2016-02-27 22:29:48,2,-74.02268868913616,40.79801072928872,-74.0691987876117,40.822895901458494,N,888
id0002764,2,2016-06-10 09:31:00,2016-06-10 09:41:54,2,-73.90763291850715,40.733609824341336,-73.94350898238626,40.74562150079403,N,654
id0002765,1,2016-04-14 04:02:00,2016-04-14 04:14:34,1,-73.96995049990059,40.72676805042641,-73.97421965728529,40.69662692141333,N,754
id0002766,1,2016-01-22 14:11:00,2016-01-22 14:22:32,1,-73.9610866805582,40.67603923461339,-73.99798504255375,40.7087316458392,N,692
id0002767,2,2016-01-30 06:24:00,2016-01-30 06:33:50,1,-73.9777603878714,40.83686913995479,-73.93038671671687,40.818274578586454,N,590
id0002768,1,2016-01-13 14:07:00,2016-01-13 14:17:38,1,-74.01280112400981,40.79515711386414,-74.03881866294574,40.76794938921536,N,638
id0002769,2,2016-02-13 22:51:00,2016-02-13 22:59:16,3,-73.98509255457722,40.792645319157366,-73.99501308439987,40.809688490774754,N,496
id0002770,1,2016-02-10 11:08:00,2016-02-10 11:15:53,1,-74.00934246308941,40.801547642405076,-74.04895138576474,40.801763570191774,N,473
id0002771,2,2016-03-22 04:28:00,2016-03-22 04:40:57,5,-73.93222496655454,40.783951876269455,-73.88553252504057,40.765649944543455,N,777
id0002772,2,2016-05-16 00:16:00,2016-05-16 00:25:11,4,-73.99616814418877,40.74700520151693,-74.0261438580345,40.72751480313328,N,551
id0002773,1,2016-06-08 21:12:00,2016-06-08 21:27:26,1,-74.06730789752866,40.750630615314506,-74.01591739790516,40.71318772732127,N,926
id0002774,2,2016-04-11 15:40:00,2016-04-11 15:51:41,6,-74.07736830542441,40.73875960359336,-74.02928384408672,40.7249084149813,N,701
id0002775,1,2016-05-20 13:12:00,2016-05-20 13:25:24,3,-74.07996949837762,40.87656333394868,-74.10003684117015,40.91506366419074,N,804
id0002776,2,2016-04-29 05:01:00,2016-04-29 05:06:25,1,-73.95101160833454,40.78301604140848,-73.9496765569628,40.791575307613066,N,325
id0002777,1,2016-02-27 19:15:00,2016-02-27 19:36:14,1,-74.04833273712553,40.73712898013919,-74.0696496410711,40.770679772966396,N,1274
id0002778,1,2016-04-21 09:08:00,2016-04-21 09:21:33,2,-73.96849528232887,40.778947354837484,-73.94393779254231,40.7970097536561,N,813
id0002779,1,2016-02-24 23:26:00,2016-02-24 23:34:36,2,-73.97748840153797,40.71251089869647,-73.98623961054777,40.69108228145246,N,516
id0002780,1,2016-02-26 04:50:00,2016-02-26 05:07:05,1,-73.98855897272004,40.825702802336515,-74.00734560258982,40.76798285771907,N,1025
id0002781,1,2016-06-28 16:43:00,2016-06-28 16:58:49,1,-73.96088771381397,40.72825189068868,-73.95880965146817,40.69581198792405,N,949
id0002782,1,2016-06-14 17:49:00,2016-06-14 18:22:33,1,-73.97629330546002,40.780548844468015,-74.04749301481868,40.7570555910796,N,2013
id0002783,2,2016-04-28 21:58:00,2016-04-28 22:09:56,1,-74.1,40.805968993338446,-74.10341317101623,40.77976859287824,N,716
id0002784,1,2016-04-17 22:26:00,2016-04-17 22:40:47,1,-74.00279938824667,40.77531458448923,-73.9735668495904,40.80965028192932,N,887
id0002785,1,2016-05-04 18:24:00,2016-05-04 18:47:31,1,-73.96161932762651,40.76225114963189,-73.95540688051476,40.79622174597163,N,1411
id0002786,2,2016-05-17 01:02:00,2016-05-17 01:24:57,2,-73.89478444540848,40.758486093818526,-73.85195989995086,40.83590188122821,N,1377
id0002787,1,2016-01-11 00:46:00,2016-01-11 00:53:34,1,-73.89224483108796,40.75546015064008,-73.9092232450417,40.72872990964835,N,454
id0002788,2,2016-03-06 05:53:00,2016-03-06 06:10:23,1,-74.05997327824718,40.73204856799826,-74.08064136030187,40.787959258710515,N,1043
id0002789,2,2016-01-20 02:31:00,2016-01-20 02:46:03,1,-74.0042348914622,40.737773245660364,-74.05451424664113,40.79346759785861,N,903
id0002790,1,2016-04-06 07:24:00,2016-04-06 07:32:10,5,-74.07113631475394,40.824581566814295,-74.08939483541364,40.81645233528293,N,490
id0002791,1,2016-02-23 14:10:00,2016-02-23 14:26:12,6,-73.90140632086894,40.753115851529174,-73.81294115274555,40.76969029042208,N,972
id0002792,2,2016-03-01 01:57:00,2016-03-01 02:09:35,5,-73.92929290855183,40.72263916787778,-73.91689345711843,40.766064831597724,N,755
id0002793,1,2016-06-02 05:54:00,2016-06-02 06:00:13,1,-73.96571766622253,40.734766608141236,-73.99206679593345,40.73270424634806,N,373
id0002794,1,2016-02-07 03:23:00,2016-02-07 03:35:33,1,-73.9758647826307,40.80751668063138,-74.02114116984372,40.802742968428866,Y,753
id0002795,2,2016-06-14 17:48:00,2016-06-14 18:10:19,1,-73.90906528948078,40.78840229849241,-73.98099917214024,40.7664454887533,N,1339
id0002796,1,2016-03-17 14:20:00,2016-03-17 14:45:28,1,-73.91837711428819,40.78321481302046,-73.95574482491152,40.70061346486725,N,1528
id0002797,2,2016-02-04 18:24:00,2016-02-04 18:32:56,1,-73.92130754168392,40.74641154604906,-73.88714383379968,40.748878052626154,N,536
id0002798,1,2016-01-27 01:49:00,2016-01-27 01:59:46,1,-73.95988260771198,40.78380131115779,-73.97909903750786,40.75895588469692,N,646
id0002799,2,2016-05-09 23:36:00,2016-05-09 23:47:20,1,-74.00420755647328,40.72903974937722,-74.04732528513969,40.69140254755063,N,680
id0002800,2,2016-06-13 06:40:00,2016-06-13 06:51:52,1,-73.94280813423903,40.746317368589445,-73.98097640452058,40.7610940763445,N,712
id0002801,2,2016-06-08 02:13:00,2016-06-08 02:25:06,1,-73.94011769521097,40.80164120193263,-73.91089105921368,40.75084527350389,N,726
id0002802,1,2016-01-31 23:49:00,2016-01-31 23:57:59,5,-73.99548506082756,40.79734249555136,-73.99914189921974,40.825555291746184,N,539
id0002803,1,2016-06-08 23:02:00,2016-06-08 23:10:14,1,-74.00431869053588,40.713814056932215,-74.03254288917533,40.73074003296633,N,494
id0002804,1,2016-02-11 01:02:00,2016-02-11 01:08:03,1,-73.9226677701743,40.71950130961912,-73.93654524680426,40.70549454720972,N,363
id0002805,2,2016-03-24 12:04:00,2016-03-24 12:23:47,1,-73.89347361401767,40.76289159687661,-73.79420887336804,40.760675738027054,N,1187
id0002806,1,2016-01-02 00:15:00,2016-01-02 00:30:43,1,-74.02621676795032,40.83567595686013,-73.97133372961106,40.79401821856473,N,943
id0002807,2,2016-02-17 02:20:00,2016-02-17 02:31:13,4,-73.99948571714964,40.671799567598896,-73.9333975773145,40.698061418716684,N,673
id0002808,1,2016-02-28 05:23:00,2016-02-28 05:43:03,1,-73.96569868079499,40.770524982280676,-74.04454335834832,40.777082730717474,N,1203
id0002809,1,2016-06-23 01:02:00,2016-06-23 01:06:16,1,-73.95823705512383,40.69607805007921,-73.9650366576265,40.70524279848984,N,256
id0002810,2,2016-02-20 15:41:00,2016-02-20 15:49:45,2,-74.01373014975827,40.72945510529135,-74.04274565922006,40.74702126857991,N,525
id0002811,2,2016-02-20 08:06:00,2016-02-20 08:19:34,1,-73.88140636533107,40.74160072118711,-73.85693355651856,40.719116181700905,N,814
id0002812,1,2016-02-19 18:04:00,2016-02-19 18:32:51,1,-73.96178476039502,40.73907712454534,-73.91409345086467,40.68591008492311,N,1731
id0002813,2,2016-02-15 23:46:00,2016-02-15 23:55:08,1,-73.95577391253411,40.73397918271534,-73.94108473295272,40.76748532583728,N,548
id0002814,1,2016-04-08 06:33:00,2016-04-08 06:43:45,1,-73.88826137551685,40.75832431771694,-73.92752252743652,40.78242946219338,N,645
id0002815,2,2016-02-07 10:25:00,2016-02-07 10:33:06,1,-74.00969838938845,40.733913499501625,-74.03944398959833,40.715175941387145,N,486
id0002816,1,2016-02-22 21:01:00,2016-02-22 21:11:14,2,-73.98986375320432,40.69218941768157,-73.96193806422833,40.70650827465112,N,614
id0002817,1,2016-04-06 22:06:00,2016-04-06 22:20:48,1,-74.05393272259619,40.793094132563525,-74.02152942980176,40.837123202918654,N,888
id0002818,2,2016-05-17 16:00:00,2016-05-17 16:14:38,1,-73.99447927597394,40.7918792475217,-73.98813641921426,40.83173377562964,N,878
id0002819,1,2016-01-20 12:10:00,2016-01-20 12:18:41,1,-74.06689101381644,40.795942843951025,-74.06105042244391,40.7761832846759,N,521
id0002820,1,2016-03-04 10:25:00,2016-03-04 10:47:54,1,-73.94386828551937,40.68866694766812,-73.9416127714098,40.63656031107792,N,1374
id0002821,2,2016-04-13 20:45:00,2016-04-13 20:56:15,1,-73.96190017874615,40.77145131686629,-73.94979083364753,40.725348786980405,N,675
id0002822,1,2016-06-15 20:26:00,2016-06-15 20:33:36,5,-74.00023881188712,40.788419048511315,-73.96802056800438,40.77750863805789,N,456
id0002823,2,2016-06-20 18:02:00,2016-06-20 18:23:42,1,-73.99052330392998,40.71159590692022,-73.96216584710433,40.762777006585274,N,1302
id0002824,1,2016-06-07 17:43:00,2016-06-07 17:54:26,5,-73.94311934716461,40.7584127961682,-73.94205800263985,40.73291720674325,N,686
id0002825,1,2016-04-01 21:42:00,2016-04-01 21:49:12,1,-74.04746878477894,40.752768000961034,-74.04967600855868,40.73189652610571,N,432
id0002826,1,2016-01-18 20:46:00,2016-01-18 20:52:14,1,-73.9737707672901,40.84089677963557,-73.97769919119824,40.81930489120143,N,374
id0002827,1,2016-06-24 16:38:00,2016-06-24 16:57:43,1,-73.94652696064477,40.84460232166557,-73.98164183963377,40.82599174379546,N,1183
id0002828,2,2016-04-23 03:09:00,2016-04-23 03:17:23,1,-74.08302507425739,40.683103962300144,-74.11871134097733,40.68271102275711,N,503
id0002829,1,2016-06-13 20:06:00,2016-06-13 20:21:29,1,-73.94732840968639,40.870226715257765,-73.92285037732026,40.82542495914846,N,929
id0002830,2,2016-06-16 13:25:00,2016-06-16 13:43:59,1,-74.07707343547939,40.716814842548104,-74.10915253536714,40.754767441019546,N,1139
id0002831,1,2016-05-24 04:46:00,2016-05-24 04:53:36,3,-73.99146769661183,40.802130298244734,-73.95484067255575,40.79706156051439,N,456
id0002832,2,2016-03-17 11:33:00,2016-03-17 11:57:11,3,-74.04898651072524,40.801672409138874,-74.05129693272184,40.88844211925426,N,1451
id0002833,2,2016-04-20 15:59:00,2016-04-20 16:14:41,1,-73.90628143813905,40.71319393979212,-73.86939965150947,40.67211895484287,N,941
id0002834,2,2016-05-05 18:39:00,2016-05-05 19:06:02,1,-74.04864165797838,40.78019705072276,-74.01997851181841,40.835842366736635,N,1622
id0002835,2,2016-06-09 06:48:00,2016-06-09 07:02:09,1,-74.07576044405809,40.75316098150803,-74.03782859744335,40.80185807043756,N,849
id0002836,1,2016-02-11 03:55:00,2016-02-11 04:04:16,1,-73.97766563221221,40.78294485020846,-73.9991020912548,40.76853590989886,N,556
id0002837,2,2016-04-11 00:10:00,2016-04-11 00:17:12,1,-74.00775366390114,40.768380253607134,-73.98935318862958,40.75455313213422,N,432
id0002838,1,2016-04-18 10:45:00,2016-04-18 10:55:16,2,-74.06775328757652,40.81183527684166,-74.03454832804685,40.779589853277116,N,616
id0002839,2,2016-02-07 17:03:00,2016-02-07 17:31:12,1,-73.95608016404648,40.761392979441574,-74.02588986551946,40.72954922955819,N,1692
id0002840,1,2016-03-14 03:32:00,2016-03-14 03:41:17,2,-74.09453244843473,40.75044566687582,-74.01795624329503,40.7504244586337,N,557
id0002841,2,2016-06-17 09:11:00,2016-06-17 09:50:06,3,-74.04199325349207,40.807322890487576,-73.94002536641693,40.8080472499362,N,2346
id0002842,2,2016-01-03 22:15:00,2016-01-03 22:32:07,1,-74.01663700487315,40.78411781841864,-73.97400903162074,40.7280353840757,N,1027
id0002843,2,2016-04-01 09:33:00,2016-04-01 10:06:32,3,-73.94087776843146,40.79093160274444,-73.90461313413562,40.87120428906085,N,2012
id0002844,2,2016-04-20 21:27:00,2016-04-20 21:35:40,4,-73.91374923981428,40.72809359974836,-73.8872551029286,40.719010509747655,N,520
id0002845,1,2016-06-14 05:02:00,2016-06-14 05:07:29,1,-73.92434697639699,40.71096317483707,-73.9389014767729,40.71325960453967,N,329
id0002846,2,2016-02-21 13:56:00,2016-02-21 14:04:04,1,-73.99343005847543,40.73245250355363,-73.99838771798251,40.71053419338416,N,484
id0002847,1,2016-03-12 13:15:00,2016-03-12 13:26:53,1,-74.1,40.73006303764438,-74.05660177970877,40.72071770377617,N,713
id0002848,1,2016-01-15 15:13:00,2016-01-15 15:25:04,1,-73.96350308383298,40.79337896708938,-74.00729785760197,40.780853233195835,N,724
id0002849,2,2016-03-02 02:26:00,2016-03-02 02:36:25,5,-73.90411844434264,40.801919282263235,-73.95185070543346,40.80181671735935,N,625
id0002850,1,2016-06-30 12:11:00,2016-06-30 12:17:48,1,-73.91714152757025,40.751019136971045,-73.93502134106366,40.750508490106064,N,408
id0002851,1,2016-05-19 09:51:00,2016-05-19 10:05:05,2,-73.95953780446409,40.822391355847095,-73.9300064115938,40.850561678046034,N,845
id0002852,1,2016-03-18 23:10:00,2016-03-18 23:21:47,1,-74.05042265203862,40.819581122719434,-74.08938977916095,40.82753382051789,N,707
id0002853,1,2016-04-25 11:15:00,2016-04-25 11:24:24,1,-74.01389188519956,40.76895295123803,-74.02403560821084,40.79360285695201,N,564
id0002854,1,2016-06-24 13:06:00,2016-06-24 13:08:25,1,-73.87864020806899,40.72101487028056,-73.88344061025133,40.72067149151737,N,145
id0002855,1,2016-03-21 00:43:00,2016-03-21 00:52:00,3,-74.06292012440653,40.828891949224605,-74.10845424014508,40.83698578865331,N,540
id0002856,2,2016-02-23 15:01:00,2016-02-23 15:21:51,1,-74.04813126754827,40.75525421920372,-74.15,40.746808520309806,N,1251
id0002857,2,2016-06-08 21:40:00,2016-06-08 21:51:10,1,-73.9331596646859,40.7636774338394,-73.97935272895975,40.79878634454121,N,670
id0002858,2,2016-06-03 18:57:00,2016-06-03 19:07:32,5,-74.00871375846431,40.74271777384771,-73.99697386518505,40.75400955888077,N,632
id0002859,1,2016-04-04 00:24:00,2016-04-04 00:32:31,1,-74.04999653172125,40.71795943531663,-74.02812007564876,40.712426815408676,N,511
id0002860,1,2016-01-03 03:33:00,2016-01-03 03:38:24,3,-73.90096158517024,40.69191122563581,-73.87871525089648,40.68533437092652,N,324
id0002861,2,2016-01-03 07:52:00,2016-01-03 07:59:51,1,-73.95964192120202,40.78647907456008,-73.93221116343408,40.782655697616434,N,471
id0002862,1,2016-01-22 09:33:00,2016-01-22 09:41:28,2,-74.00599906404075,40.72274695257465,-74.03418683456493,40.72381248990335,N,508
id0002863,1,2016-05-06 03:54:00,2016-05-06 04:01:19,1,-74.04801761597447,40.89567890530486,-74.0858450265989,40.8937062667622,N,439
id0002864,1,2016-02-01 22:45:00,2016-02-01 22:54:54,1,-73.8723926389877,40.70912668878244,-73.85551502876942,40.689567230850045,N,594
id0002865,2,2016-01-12 11:52:00,2016-01-12 12:01:15,1,-73.98634485003106,40.70141778862584,-73.99587360319173,40.72818930806023,N,555
id0002866,2,2016-05-04 02:16:00,2016-05-04 02:32:27,1,-73.90814695656418,40.780956242202606,-73.8673284185496,40.80993890194179,N,987
id0002867,2,2016-03-28 13:27:00,2016-03-28 13:44:08,1,-73.93585015504648,40.82681910655353,-73.91868834465129,40.889254095880055,N,1028
id0002868,2,2016-04-06 13:22:00,2016-04-06 13:38:25,1,-74.01364958589147,40.760906534562444,-73.95587766056398,40.73977949468988,N,985
id0002869,2,2016-02-04 23:00:00,2016-02-04 23:08:08,1,-74.01321176132444,40.78375090890843,-74.0341608950191,40.80707626428875,N,488
id0002870,2,2016-02-09 01:55:00,2016-02-09 02:16:23,1,-73.90545268061364,40.67504036621436,-73.85741363935878,40.60822056014447,N,1283
id0002871,2,2016-02-14 00:59:00,2016-02-14 01:13:54,5,-73.9045615467059,40.72751198044387,-73.81300113133469,40.756528487719635,N,894
id0002872,1,2016-04-27 05:11:00,2016-04-27 05:22:57,1,-74.08823037868665,40.70968729218881,-74.0858119634143,40.65870691816356,N,717
id0002873,2,2016-06-27 07:49:00,2016-06-27 08:04:47,1,-73.95476208564598,40.67272293675235,-73.93229328518365,40.63827134812732,N,947
id0002874,1,2016-06-15 16:10:00,2016-06-15 16:22:29,4,-73.9916668142598,40.763264110531075,-74.03354058725124,40.77489199704663,N,749
id0002875,1,2016-01-21 15:40:00,2016-01-21 15:48:30,1,-74.04183277396162,40.657072757027535,-74.00160023029692,40.63532029078775,N,510
id0002876,1,2016-05-03 16:30:00,2016-05-03 16:50:23,5,-73.97060396479056,40.69850118152607,-73.91979634716196,40.67195880867597,N,1223
id0002877,1,2016-05-17 21:39:00,2016-05-17 21:46:37,1,-74.05922782350424,40.7338262792694,-74.08147821678725,40.71685771848196,N,457
id0002878,2,2016-01-08 09:15:00,2016-01-08 09:29:20,1,-74.01065504450554,40.720592137382205,-73.98427786380718,40.74612904709935,N,860
id0002879,2,2016-04-26 00:21:00,2016-04-26 00:30:37,2,-74.02891605530235,40.77583838259932,-74.01629478205435,40.7431872187247,N,577
id0002880,1,2016-03-21 21:31:00,2016-03-21 21:36:00,1,-74.01248851952857,40.77175110863561,-73.99490318146616,40.76985568838782,N,300
id0002881,2,2016-02-05 11:56:00,2016-02-05 12:07:01,1,-73.98893131715141,40.798220943567095,-73.95239042881697,40.78496797360822,N,661
id0002882,2,2016-05-23 17:09:00,2016-05-23 17:30:28,1,-74.04085616640481,40.79185726797207,-74.01750568849982,40.82055344496859,N,1288
id0002883,2,2016-06-19 05:33:00,2016-06-19 05:43:37,1,-73.89847515341197,40.809336575521264,-73.90472960558974,40.83901383691416,N,637
id0002884,1,2016-04-18 21:18:00,2016-04-18 21:37:19,1,-73.95786942216333,40.757913671999596,-73.92037108616897,40.693678809089334,N,1159
id0002885,2,2016-02-06 15:47:00,2016-02-06 16:00:12,2,-73.88629903343899,40.77165601053675,-73.83626550941038,40.808234840193506,N,792
id0002886,1,2016-03-19 01:27:00,2016-03-19 01:35:57,1,-73.99380439829929,40.78101811658637,-74.0187431478302,40.75964165986031,N,537
id0002887,2,2016-04-03 20:04:00,2016-04-03 20:08:11,1,-74.01518344792635,40.7643745513826,-74.01526440864345,40.772644778333486,N,251
id0002888,1,2016-06-13 05:12:00,2016-06-13 05:29:57,1,-73.88828714120288,40.740126256053735,-73.96787831743782,40.70726445014032,N,1077
id0002889,2,2016-05-23 20:59:00,2016-05-23 21:06:14,1,-74.01679328569307,40.74304008595471,-73.99053137355416,40.75602979704955,N,434
id0002890,2,2016-05-02 01:32:00,2016-05-02 02:04:15,1,-73.9948060612094,40.72120987207516,-73.9397657702775,40.810507085451896,N,1935
id0002891,2,2016-05-18 23:16:00,2016-05-18 23:20:24,1,-73.94539739242265,40.776972757345945,-73.95697567765967,40.78142355199092,N,264
id0002892,1,2016-05-06 07:49:00,2016-05-06 08:00:12,1,-74.05307491945635,40.75376931716617,-74.0470702923538,40.73767464704854,N,672
id0002893,1,2016-02-28 04:29:00,2016-02-28 04:33:03,1,-73.94587879233634,40.72815718122135,-73.95578760040883,40.7200315380077,N,243
id0002894,2,2016-01-25 06:55:00,2016-01-25 07:11:44,5,-73.95291591136095,40.7281989831304,-73.97019124143536,40.67678293462707,N,1004
id0002895,2,2016-06-01 17:56:00,2016-06-01 18:11:35,3,-73.91518710750792,40.703532057249774,-73.90473939959982,40.75424577226553,N,935
id0002896,1,2016-04-10 19:16:00,2016-04-10 19:31:19,1,-73.93604755233444,40.80204786035568,-73.9713384665907,40.812998769121556,N,919
id0002897,2,2016-06-24 02:26:00,2016-06-24 02:38:36,1,-73.91350119059173,40.76153779512893,-73.92408865273168,40.72482636840851,N,756
id0002898,2,2016-05-03 22:44:00,2016-05-03 23:00:07,1,-73.99107320452796,40.71917399911921,-74.03177799629273,40.6836028589647,N,967
id0002899,2,2016-03-27 06:31:00,2016-03-27 06:41:23,1,-74.03244686752889,40.79438464873209,-74.00593842116565,40.7949195320023,N,623
id0002900,2,2016-04-27 17:03:00,2016-04-27 17:15:32,2,-73.86895080222541,40.732779803559254,-73.85818508681336,40.7653996423261,N,752
id0002901,1,2016-04-28 17:18:00,2016-04-28 17:36:44,1,-74.0689682588537,40.694707471784454,-74.08837396513603,40.65442282497866,N,1124
id0002902,1,2016-06-27 15:15:00,2016-06-27 15:28:13,1,-74.06345821933806,40.80395500301486,-74.06178967578505,40.842924329980214,N,793
id0002903,2,2016-03-07 08:11:00,2016-03-07 08:16:36,3,-73.95391795777202,40.73383063546953,-73.96385059428195,40.73062346115104,N,336
id0002904,2,2016-03-10 04:59:00,2016-03-10 05:10:21,2,-73.89562576735024,40.73959954094061,-73.84415048467447,40.70704102246536,N,681
id0002905,2,2016-03-05 10:38:00,2016-03-05 10:46:34,1,-73.97457470347472,40.75985310091571,-73.99442025766517,40.74348393598566,N,514
id0002906,1,2016-01-20 15:15:00,2016-01-20 15:32:51,1,-73.93003829651637,40.80941651502556,-73.90146127307193,40.8706159007251,N,1071
id0002907,1,2016-03-26 11:43:00,2016-03-26 11:58:09,1,-74.09476915001096,40.75890167808899,-74.12650347784984,40.7103142113099,N,909
id0002908,2,2016-03-22 01:14:00,2016-03-22 01:26:23,1,-74.01247497291996,40.70403972932347,-73.97583424490287,40.67842347586535,N,743
id0002909,1,2016-02-05 21:04:00,2016-02-05 21:15:36,1,-74.08806712939288,40.782474465185054,-74.04138837739272,40.815814890647275,N,696
id0002910,1,2016-05-28 08:45:00,2016-05-28 09:01:29,1,-73.94207739729742,40.73617546240823,-73.89327461413068,40.743751458929104,N,989
id0002911,2,2016-05-05 11:18:00,2016-05-05 11:38:25,1,-74.0700977229624,40.84295657871883,-74.00390196286116,40.815263150079794,N,1225
id0002912,1,2016-02-13 22:59:00,2016-02-13 23:12:51,1,-74.0552800365318,40.757949612510096,-74.04212001152824,40.791717375782866,Y,831
id0002913,2,2016-01-31 03:13:00,2016-01-31 03:31:17,1,-73.95672861372712,40.65742340259456,-73.90102101215227,40.692853753255484,N,1097
id0002914,1,2016-04-22 11:38:00,2016-04-22 11:54:38,2,-73.92659966063903,40.774081423747006,-73.8535115627846,40.78568009714514,N,998
id0002915,2,2016-01-01 22:37:00,2016-01-01 22:52:45,1,-73.9937432459526,40.84550690065171,-74.0442356023274,40.82407302008629,N,945
id0002916,2,2016-01-28 11:48:00,2016-01-28 11:57:58,6,-73.95364051227403,40.82891641298455,-73.98078622865337,40.81287575129034,Y,598
id0002917,2,2016-03-20 23:37:00,2016-03-20 23:51:20,1,-73.95542165082198,40.84039294299405,-74.02272818275024,40.850356605279494,N,860
id0002918,1,2016-06-29 06:56:00,2016-06-29 07:17:15,5,-73.99684847726934,40.712110791657835,-73.94909699165673,40.666193274515365,N,1275
id0002919,1,2016-01-14 21:48:00,2016-01-14 22:07:16,1,-74.04520880155874,40.79904685781896,-74.11309275359122,40.84551932865862,N,1156
id0002920,2,2016-04-06 05:18:00,2016-04-06 05:40:03,1,-73.95393097262135,40.72551024571185,-74.03402387794299,40.78501756381551,N,1323
id0002921,1,2016-04-12 08:43:00,2016-04-12 08:58:49,1,-73.95127973700737,40.768093022973765,-74.00066240764765,40.75983460322936,N,949
id0002922,2,2016-02-15 20:01:00,2016-02-15 20:22:34,1,-73.93582865783003,40.700717140706715,-74.01405269830363,40.713180797941796,N,1294
id0002923,2,2016-04-04 16:58:00,2016-04-04 17:22:13,1,-73.96783634667565,40.72899949058028,-73.9555892353335,40.770502562080004,N,1453
id0002924,1,2016-04-25 10:11:00,2016-04-25 10:34:07,1,-74.04926749524137,40.72756889861864,-74.09807191428374,40.79601352796851,N,1387
id0002925,1,2016-01-25 23:34:00,2016-01-25 23:50:03,1,-73.94703129112469,40.79843498760642,-74.02309402216486,40.852929334348595,N,963
id0002926,1,2016-06-22 15:50:00,2016-06-22 16:10:07,1,-73.98507595941255,40.794032360475136,-73.98696025881729,40.73328854750758,N,1207
id0002927,1,2016-02-14 18:30:00,2016-02-14 18:37:11,1,-74.01155055943778,40.77045688781989,-74.01078051815766,40.759412508728424,N,431
id0002928,2,2016-03-08 02:37:00,2016-03-08 03:01:26,1,-74.00120497104565,40.69723103618751,-74.08534521043252,40.71475512498942,N,1466
id0002929,1,2016-01-05 10:48:00,2016-01-05 11:00:12,1,-74.02296414481147,40.74397622547227,-74.05508069761764,40.7266786200807,N,732
id0002930,1,2016-04-18 00:27:00,2016-04-18 00:38:09,1,-73.93611359216301,40.72442475826758,-73.9394723360018,40.78682159434399,N,669
id0002931,1,2016-04-18 02:23:00,2016-04-18 02:41:18,1,-74.0629963103469,40.79713540905126,-74.07905335765305,40.85416354009935,N,1098
id0002932,2,2016-01-22 03:20:00,2016-01-22 03:30:49,2,-74.03964172641436,40.811018318376775,-74.05446847163174,40.78246076343272,N,649
id0002933,1,2016-02-23 07:14:00,2016-02-23 07:31:14,2,-74.00308250865695,40.80553735137139,-73.95001459461382,40.79985335067469,N,1034
id0002934,1,2016-05-19 13:02:00,2016-05-19 13:30:16,1,-73.89624370334685,40.72401512612624,-73.7996491876923,40.6977807313596,N,1696
id0002935,2,2016-05-09 18:19:00,2016-05-09 18:24:27,1,-73.9270145697999,40.63472100949698,-73.94111300166908,40.627891513953266,N,327
id0002936,1,2016-02-25 22:16:00,2016-02-25 22:28:22,1,-74.0752462441786,40.67848671458415,-74.1347309131447,40.67059658235748,N,742
id0002937,1,2016-04-24 15:04:00,2016-04-24 15:14:29,1,-73.91067591011861,40.8219732140137,-73.92123214955623,40.85537224102984,N,629
id0002938,1,2016-05-15 23:02:00,2016-05-15 23:09:20,2,-73.9107818880659,40.73994352773061,-73.90203869841201,40.70884726449992,N,440
id0002939,2,2016-03-08 23:49:00,2016-03-09 00:09:42,2,-74.04957045793124,40.724217392178076,-74.05196799244588,40.63263115600463,N,1242
id0002940,2,2016-02-01 23:38:00,2016-02-01 23:57:08,1,-74.1,40.831919713204634,-74.07251889967989,40.77576070532641,N,1148
id0002941,1,2016-01-04 22:53:00,2016-01-04 23:12:54,1,-73.9889721892291,40.81493219754698,-73.88943627297027,40.77894164110224,N,1194
id0002942,2,2016-06-22 18:20:00,2016-06-22 18:50:23,1,-73.92326665748851,40.75910019248639,-74.00035709605713,40.73615098687149,N,1823
id0002943,2,2016-02-28 06:28:00,2016-02-28 06:36:50,2,-73.897480591661,40.74479686090213,-73.92029917667752,40.75134796492366,N,530
id0002944,2,2016-05-26 17:15:00,2016-05-26 17:45:02,1,-74.03289549953986,40.75205544542341,-73.96354405655859,40.7142626587299,N,1802
id0002945,1,2016-02-29 03:00:00,2016-02-29 03:09:58,2,-73.88864114924354,40.76822232592744,-73.9121331994555,40.725833805268344,N,598
id0002946,1,2016-05-09 15:00:00,2016-05-09 15:13:38,1,-74.1,40.830002127659384,-74.06447279224915,40.79747146804156,N,818
id0002947,1,2016-03-01 13:15:00,2016-03-01 13:28:43,1,-74.00524278376061,40.77701103409068,-73.97685225237996,40.737963144050084,N,823
id0002948,1,2016-04-20 12:58:00,2016-04-20 13:15:32,1,-74.00794658680687,40.790671306486765,-73.95228699325024,40.771264025436416,N,1052
id0002949,1,2016-06-22 12:38:00,2016-06-22 12:54:46,1,-73.92162146362917,40.81061715490816,-73.83552117514199,40.78971209605183,N,1006
id0002950,1,2016-05-17 04:18:00,2016-05-17 04:26:00,1,-73.91359336437331,40.7053645799539,-73.8986050925538,40.72948156854798,N,480
id0002951,2,2016-01-30 22:47:00,2016-01-30 23:10:12,1,-73.93251769895116,40.79196878516134,-74.01108003929505,40.7573352566839,N,1392
id0002952,2,2016-04-05 07:27:00,2016-04-05 07:40:24,1,-74.05928025268102,40.74474440604023,-74.09079857561291,40.73222852404869,N,804
id0002953,2,2016-02-19 03:37:00,2016-02-19 03:58:32,1,-73.93755595325106,40.64477571619023,-73.83918357425435,40.625699922393146,N,1292
id0002954,2,2016-02-09 22:10:00,2016-02-09 22:26:47,1,-73.95700269172735,40.66223237061064,-74.02064159314968,40.69054334477195,N,1007
id0002955,2,2016-05-31 11:55:00,2016-05-31 12:05:22,1,-74.07691789119038,40.71218470748166,-74.0545615955768,40.706784932821044,N,622
id0002956,2,2016-06-27 19:57:00,2016-06-27 20:21:55,1,-74.09868576058409,40.78190504528667,-74.15,40.81867943060564,N,1495
id0002957,1,2016-06-17 09:05:00,2016-06-17 09:27:12,1,-73.92791058904886,40.76312098044031,-73.98871581223389,40.72278802428014,N,1332
id0002958,1,2016-06-01 16:58:00,2016-06-01 17:12:44,2,-73.99490546155386,40.76629650182291,-73.95499328389086,40.76456867052769,N,884
id0002959,1,2016-03-26 05:28:00,2016-03-26 05:34:36,1,-74.05568501508502,40.8457924567209,-74.05406677367017,40.82563627112485,N,396
id0002960,1,2016-04-05 18:20:00,2016-04-05 18:37:51,1,-73.99644945607898,40.70089096733131,-74.01338933822144,40.65797935390532,N,1071
id0002961,2,2016-04-08 06:55:00,2016-04-08 07:06:15,1,-73.96497774053877,40.756765499061736,-74.00162376163475,40.75440261262726,N,675
id0002962,2,2016-05-13 23:50:00,2016-05-14 00:12:06,1,-73.98955681196671,40.771699598526624,-74.07940122625028,40.83235207006486,N,1326
id0002963,1,2016-01-10 14:53:00,2016-01-10 15:09:49,5,-74.07035923842193,40.72486770975578,-74.03915597354172,40.69501590165336,N,1009
id0002964,1,2016-05-30 11:31:00,2016-05-30 11:36:11,3,-73.88129437030398,40.75927470352873,-73.89403600193857,40.75481377916441,N,311
id0002965,2,2016-05-27 01:30:00,2016-05-27 01:47:41,1,-73.92976801170566,40.68600227996621,-73.99825194455877,40.640074173280475,N,1061
id0002966,2,2016-06-30 02:47:00,2016-06-30 03:02:45,1,-74.00344575984204,40.82144577977738,-74.00208724856408,40.77037280776074,N,945
id0002967,2,2016-04-18 05:02:00,2016-04-18 05:10:13,1,-74.00123020607462,40.72732734513613,-73.97507404538116,40.69977351360913,N,493
id0002968,1,2016-03-24 05:24:00,2016-03-24 05:30:21,2,-73.96522819329077,40.84941300741504,-73.97425850934641,40.833663602008016,N,381
id0002969,2,2016-03-28 04:18:00,2016-03-28 04:23:44,1,-74.04712917676572,40.75653865542372,-74.04190950601667,40.742343248991126,N,344
id0002970,1,2016-04-22 20:58:00,2016-04-22 21:02:33,1,-73.96725279599046,40.804262410442966,-73.96553708929352,40.796351534915196,N,273
id0002971,1,2016-02-25 01:39:00,2016-02-25 01:51:48,1,-74.05819028402735,40.7556013708954,-74.08999605041562,40.69790972847078,N,768
id0002972,1,2016-05-21 09:32:00,2016-05-21 09:44:34,1,-73.98887938192648,40.75661652754828,-73.986437699328,40.73470841014554,N,754
id0002973,1,2016-03-21 18:23:00,2016-03-21 18:36:15,5,-74.04927143249213,40.73171868000501,-74.01618667058256,40.749280226574136,N,795
id0002974,2,2016-02-21 06:44:00,2016-02-21 07:00:08,1,-74.04649461902797,40.76336057682148,-73.99993565372831,40.715821999270176,N,968
id0002975,1,2016-05-13 19:50:00,2016-05-13 20:01:33,5,-73.894485256251,40.772309941248636,-73.85890243601447,40.759879841929056,N,693
id0002976,2,2016-03-02 07:07:00,2016-03-02 07:18:21,1,-73.98174257581435,40.72270836709882,-74.01212198721997,40.732957898696654,N,681
id0002977,2,2016-01-15 16:49:00,2016-01-15 17:12:35,1,-73.97359264330294,40.75237300128631,-73.9449630784823,40.72499365901548,N,1415
id0002978,2,2016-04-05 00:25:00,2016-04-05 00:33:07,2,-74.09562589235948,40.73054555102743,-74.07467990312934,40.74249890489306,N,487
id0002979,2,2016-04-02 05:45:00,2016-04-02 06:02:27,1,-74.01783509671866,40.86148488313267,-74.0497719923787,40.80824546335419,N,1047
id0002980,1,2016-02-23 01:07:00,2016-02-23 01:18:41,4,-73.95963333347126,40.75396211535398,-73.98052740666053,40.7850578504066,N,701
id0002981,1,2016-01-07 07:17:00,2016-01-07 07:31:16,1,-73.97432250537288,40.827535446826346,-73.94373631575374,40.840338472484625,N,856
id0002982,1,2016-03-27 13:57:00,2016-03-27 14:11:40,1,-74.1,40.74919699511366,-74.0380391331237,40.751145284236486,N,880
id0002983,2,2016-05-20 13:12:00,2016-05-20 13:38:00,1,-73.97360741458385,40.769667943869074,-74.05513264999297,40.80903657478978,N,1560
id0002984,2,2016-05-25 20:53:00,2016-05-25 21:08:26,5,-73.96483926580477,40.69853861677596,-73.89103651007815,40.68701139970268,N,926
id0002985,1,2016-02-08 09:43:00,2016-02-08 10:07:13,1,-73.91439309009907,40.737881733365946,-73.8620059046832,40.716256769429776,N,1453
id0002986,2,2016-03-19 07:45:00,2016-03-19 08:12:10,1,-74.02103771154161,40.76747406018552,-74.01207737903414,40.815513110128926,N,1630
id0002987,1,2016-06-13 09:59:00,2016-06-13 10:24:17,2,-74.1,40.8293701723932,-74.11083224805111,40.89379697547142,N,1517
id0002988,2,2016-03-03 16:53:00,2016-03-03 17:09:27,1,-74.03982239134929,40.76798922499543,-74.02225288613442,40.74371890528131,N,987
id0002989,1,2016-03-27 15:34:00,2016-03-27 15:45:10,3,-74.04533857713777,40.820267416253685,-74.07416401836743,40.81628640295491,N,670
id0002990,2,2016-05-03 16:25:00,2016-05-03 16:43:11,1,-73.9444810117221,40.78683280995914,-73.9524772876197,40.82340929897329,N,1091
id0002991,2,2016-03-24 05:19:00,2016-03-24 05:28:43,2,-74.1,40.83123306027591,-74.15,40.828497985212536,N,583
id0002992,2,2016-06-02 02:58:00,2016-06-02 03:15:35,2,-74.009659605304,40.755343100221275,-74.08802813837207,40.7761536980271,N,1055
id0002993,1,2016-03-06 14:01:00,2016-03-06 14:20:00,1,-73.90658124895324,40.865560021979334,-73.80162745039148,40.892874147891426,N,1140
id0002994,1,2016-03-30 13:48:00,2016-03-30 13:58:33,2,-73.98460331454415,40.736157170868864,-73.98176492971577,40.716476510724384,N,633
id0002995,1,2016-04-03 23:27:00,2016-04-03 23:37:48,2,-73.9357025751103,40.72350921746111,-73.9265365691652,40.738183830680114,N,648
id0002996,2,2016-05-15 11:16:00,2016-05-15 11:18:01,1,-74.0752989083453,40.703547621763995,-74.0766818840353,40.703330877456146,N,121
id0002997,1,2016-03-02 12:30:00,2016-03-02 12:45:37,2,-74.07310942322634,40.86289611022011,-74.11035925410299,40.82030570945133,N,937
id0002998,1,2016-02-20 02:41:00,2016-02-20 02:53:00,1,-73.90595166481852,40.79487514076781,-73.91976945975786,40.76023729814281,N,720
id0002999,1,2016-03-06 12:09:00,2016-03-06 12:16:37,2,-73.97943315488335,40.74296456699789,-73.97532966365478,40.72012997464402,N,457
id0003000,1,2016-02-12 07:24:00,2016-02-12 07:39:28,2,-73.9793199100785,40.81420602135931,-73.98816863256835,40.846704216137404,N,928
id0003001,1,2016-02-05 14:26:00,2016-02-05 14:38:10,1,-74.04649840554589,40.788946148330304,-74.08034752829214,40.822593684011274,N,730
id0003002,1,2016-05-29 02:28:00,2016-05-29 02:39:09,1,-73.97945700490774,40.84647573621191,-73.95788000921266,40.872722688353164,N,669
id0003003,1,2016-03-03 19:53:00,2016-03-03 20:01:31,1,-74.0480265662587,40.688347522526705,-74.03955015512463,40.703751397141005,N,511
id0003004,1,2016-02-19 03:24:00,2016-02-19 03:31:15,2,-73.91972212531019,40.74605879512586,-73.90204127558172,40.76050771587634,N,435
id0003005,2,2016-05-27 17:34:00,2016-05-27 17:46:53,3,-73.83496931095725,40.73718653772258,-73.80324229441635,40.746901153456996,N,773
id0003006,1,2016-05-23 12:08:00,2016-05-23 12:16:25,2,-73.95838324204841,40.66918427956161,-73.96605681810183,40.68345017650137,N,505
id0003007,2,2016-02-14 17:10:00,2016-02-14 17:24:21,2,-74.01992205120038,40.805714724215086,-74.02752200851305,40.82235241464333,N,861
id0003008,1,2016-02-25 11:36:00,2016-02-25 11:53:51,1,-74.1,40.745832154988854,-74.03328963469865,40.696677379188394,N,1071
id0003009,1,2016-05-29 11:17:00,2016-05-29 11:31:16,1,-74.07764552629983,40.7912834042244,-74.12012621070075,40.76362475411635,N,856
id0003010,1,2016-02-20 13:52:00,2016-02-20 14:11:31,6,-73.8994825992935,40.86418973704483,-73.9837960279636,40.82817748018796,N,1171
id0003011,2,2016-06-05 18:12:00,2016-06-05 18:32:21,1,-74.0416055513799,40.74210403386776,-74.01660630978732,40.78085410913565,N,1221
id0003012,2,2016-04-22 10:02:00,2016-04-22 10:19:18,1,-74.00539591849275,40.73904811578043,-74.0337166727621,40.79694161940586,N,1038
id0003013,2,2016-05-01 06:32:00,2016-05-01 06:59:58,1,-73.94895707139814,40.763339887637585,-73.99743786447634,40.68742321042316,N,1678
id0003014,1,2016-04-07 04:21:00,2016-04-07 04:39:50,1,-73.9034740610351,40.80242613088426,-73.86363835026594,40.85719464229977,N,1130
id0003015,2,2016-01-06 14:01:00,2016-01-06 14:06:23,1,-73.99597728066401,40.732497913861046,-74.00249185793317,40.73553316193465,N,323
id0003016,2,2016-05-30 01:32:00,2016-05-30 01:47:21,1,-74.00725667783163,40.729606728129056,-74.06411706042506,40.76505192179961,N,921
id0003017,1,2016-04-12 02:35:00,2016-04-12 02:53:05,1,-73.9810608434319,40.805573517160866,-73.89398826807647,40.823299867571336,N,1085
id0003018,1,2016-02-01 11:02:00,2016-02-01 11:27:11,1,-74.01952007991515,40.77503876957272,-74.09200096181304,40.82545259644871,N,1511
id0003019,2,2016-05-31 15:11:00,2016-05-31 15:15:33,1,-74.0165600561811,40.66598722816479,-74.02046058383623,40.6733282133323,N,273
id0003020,2,2016-02-23 09:54:00,2016-02-23 10:40:32,1,-73.96234659353564,40.702857369023896,-74.04736404840376,40.655136462965444,N,2792
id0003021,2,2016-03-07 13:44:00,2016-03-07 13:49:39,4,-73.9748089665191,40.825555613872226,-73.96262934599575,40.82185699294016,N,339
id0003022,1,2016-04-26 07:41:00,2016-04-26 07:52:57,1,-73.86776170813928,40.77608677273855,-73.89661159964875,40.79413473435229,N,717
id0003023,1,2016-02-21 11:22:00,2016-02-21 11:32:27,2,-73.96086331508505,40.72370118310333,-73.92399594839523,40.716142544549626,N,627
id0003024,2,2016-01-02 04:13:00,2016-01-02 04:21:45,1,-73.92168699485484,40.75033156542443,-73.92246938223865,40.77335217569978,N,525
id0003025,2,2016-02-28 11:46:00,2016-02-28 12:01:21,1,-74.04392068471977,40.75859565027608,-73.98314333466446,40.75629624167366,N,921
id0003026,1,2016-05-04 08:00:00,2016-05-04 08:12:48,1,-73.95611634904833,40.79110800121261,-73.9754534753315,40.77026517504359,N,768
id0003027,1,2016-03-17 23:59:00,2016-03-18 00:16:54,1,-74.02476397406306,40.69687814723136,-74.09696847008964,40.65886890381545,N,1074
id0003028,2,2016-05-09 15:42:00,2016-05-09 15:51:35,1,-73.96325007051868,40.72015728875983,-73.95256184813248,40.706443750371164,N,575
id0003029,2,2016-01-13 18:29:00,2016-01-13 18:35:57,1,-73.94713169710369,40.77028300896885,-73.95849678372434,40.77744301670837,N,417
id0003030,1,2016-02-16 20:44:00,2016-02-16 21:08:26,2,-73.98225721357991,40.75350744387771,-74.0641239082419,40.68492873072875,N,1466
id0003031,2,2016-02-13 06:12:00,2016-02-13 06:24:47,4,-73.85259708531889,40.783733663218655,-73.90008919774274,40.756430988843626,N,767
id0003032,2,2016-01-12 15:53:00,2016-01-12 16:19:28,1,-73.90646111269903,40.70267216711882,-73.93963207274548,40.63278794555172,N,1588
id0003033,1,2016-04-27 17:48:00,2016-04-27 18:12:16,1,-73.9202515066944,40.77407079043221,-73.85025925412637,40.75247317054298,N,1456
id0003034,1,2016-02-08 06:31:00,2016-02-08 06:46:36,1,-73.94296425941965,40.80712126287199,-73.911129198439,40.84902727857204,N,936
id0003035,1,2016-03-26 23:48:00,2016-03-27 00:04:00,2,-73.88801515502485,40.77990683462172,-73.90366323735051,40.73839276126121,N,960
id0003036,1,2016-06-29 06:23:00,2016-06-29 06:33:28,5,-74.0640333113608,40.76426002828927,-74.04284417351656,40.788870619394416,N,628
id0003037,2,2016-02-15 00:23:00,2016-02-15 00:57:50,1,-73.90963442851051,40.75368523788453,-74.00141012310422,40.853394117340464,N,2090
id0003038,1,2016-02-05 10:33:00,2016-02-05 10:51:17,1,-74.03951843715997,40.72043169812528,-74.06493921216163,40.77130553271929,N,1097
id0003039,1,2016-06-18 10:04:00,2016-06-18 10:10:30,2,-74.01603865154867,40.754760063340214,-73.99799385949329,40.759433031653906,N,390
id0003040,2,2016-03-06 01:08:00,2016-03-06 01:14:30,1,-73.9541234155766,40.81468676337962,-73.9466814817888,40.84473196933249,N,390
id0003041,2,2016-02-23 18:55:00,2016-02-23 19:29:42,3,-73.91717289089691,40.752643717203,-73.94144391746256,40.704704819117715,N,2082
id0003042,1,2016-05-10 23:20:00,2016-05-10 23:39:21,1,-74.04844671474251,40.717958820479325,-74.0501705806884,40.66288930760996,N,1161
id0003043,2,2016-01-24 12:51:00,2016-01-24 12:56:34,5,-74.01318996827227,40.73584888100556,-73.99797508556023,40.736853314823335,N,334
id0003044,1,2016-03-09 20:01:00,2016-03-09 20:09:13,1,-73.97963573601243,40.76703826337742,-73.98005678572001,40.78098963309882,N,493
id0003045,1,2016-02-06 06:45:00,2016-02-06 06:59:56,2,-73.99525013025827,40.74119187012686,-73.95650495219671,40.779496020075584,N,896
id0003046,1,2016-06-11 07:17:00,2016-06-11 07:31:32,1,-73.93802823663206,40.77983864773785,-73.92368664168713,40.7599319727888,N,872
id0003047,2,2016-02-23 23:28:00,2016-02-23 23:37:11,1,-73.79602398112085,40.78152796923371,-73.77301815995152,40.78829681118636,N,551
id0003048,2,2016-04-13 03:59:00,2016-04-13 04:12:57,5,-73.96193736103108,40.798004243118214,-73.88482739556072,40.80357314759757,N,837
id0003049,2,2016-04-05 02:32:00,2016-04-05 02:41:52,1,-74.02543580409893,40.82206017625193,-73.9881980191155,40.81746138255676,N,592
id0003050,2,2016-03-30 16:14:00,2016-03-30 16:46:07,2,-74.05630795818514,40.80281364259676,-73.977964828098,40.80027702193207,N,1927
id0003051,2,2016-01-13 01:41:00,2016-01-13 01:50:45,1,-74.00288896524721,40.71595924211334,-74.03312511172712,40.68604458452096,N,585
id0003052,1,2016-02-17 19:25:00,2016-02-17 19:50:06,1,-74.03671374373158,40.71734094990407,-74.10837236800963,40.727130709197546,N,1506
id0003053,1,2016-06-04 14:23:00,2016-06-04 14:27:22,1,-73.95928476144135,40.75459028355931,-73.96559739702334,40.761417032866134,N,262
id0003054,1,2016-04-09 18:17:00,2016-04-09 18:25:37,1,-73.96013881003186,40.73769710892423,-73.97029064630735,40.722296697115766,N,517
id0003055,1,2016-06-08 16:49:00,2016-06-08 17:18:23,1,-74.01047425124887,40.70677529728676,-73.94480061439134,40.730077396597586,N,1763
id0003056,2,2016-04-11 19:42:00,2016-04-11 20:12:38,2,-73.87582747424189,40.73812386926222,-73.92667947371145,40.77409797485735,Y,1838
id0003057,1,2016-02-27 22:33:00,2016-02-27 22:41:26,1,-74.0254496025582,40.736646917987144,-74.02899915577889,40.76035508834629,N,506
id0003058,1,2016-03-03 20:40:00,2016-03-03 20:51:54,1,-73.9915687087344,40.72776685171075,-73.97333563726248,40.69128133550862,N,714
id0003059,2,2016-05-21 02:33:00,2016-05-21 02:36:20,1,-73.94984605337606,40.74378947312303,-73.94534144069677,40.7472770749632,N,200
id0003060,2,2016-02-13 06:28:00,2016-02-13 06:39:46,1,-73.93593698084265,40.81103028826433,-73.9436558149684,40.77913018356411,N,706
id0003061,1,2016-04-19 03:27:00,2016-04-19 03:31:30,1,-73.91473329131513,40.766965711856216,-73.89859771092084,40.77034512797671,N,270
id0003062,1,2016-06-19 07:00:00,2016-06-19 07:21:23,4,-73.96143269365537,40.8692314084225,-73.91287330026432,40.8374676240268,N,1283
id0003063,1,2016-06-02 20:53:00,2016-06-02 21:13:43,1,-73.92719980145667,40.765672868370885,-73.85809125525165,40.810373585178304,N,1243
id0003064,1,2016-03-11 11:58:00,2016-03-11 12:08:11,1,-74.02158094946154,40.744947040172825,-74.02010462512601,40.77236364158852,N,611
id0003065,1,2016-02-20 09:47:00,2016-02-20 10:04:18,3,-73.93450549218073,40.75818597971947,-73.97121855109249,40.79854060540645,N,1038
id0003066,1,2016-04-23 03:15:00,2016-04-23 03:29:43,1,-73.9352398967414,40.76954213902996,-73.8661858625072,40.806352412186804,N,883
id0003067,2,2016-04-21 01:30:00,2016-04-21 01:41:51,1,-73.90179123288856,40.7775864280727,-73.95028473799165,40.76811543816763,N,711
id0003068,1,2016-05-11 11:50:00,2016-05-11 12:08:57,1,-74.07676397957258,40.85145200966366,-73.99618793163239,40.8365556686402,N,1137
id0003069,1,2016-01-14 05:31:00,2016-01-14 05:50:10,4,-74.03489507135806,40.71996057907601,-73.97440897993673,40.780920913080514,N,1150
id0003070,1,2016-04-08 06:20:00,2016-04-08 06:36:32,2,-73.9397272466848,40.796657072618004,-73.8727043010705,40.79087788486197,N,992
id0003071,2,2016-01-02 17:17:00,2016-01-02 17:56:03,1,-74.1,40.76734877689264,-74.0691574114812,40.71993845440612,N,2343
id0003072,1,2016-06-29 08:38:00,2016-06-29 09:36:10,1,-73.95793966044164,40.687300601584326,-74.05300171224783,40.72256193726263,N,3490
id0003073,1,2016-06-08 04:40:00,2016-06-08 04:52:16,1,-73.92671075662878,40.79268144519427,-73.97347119402718,40.7977135935835,N,736
id0003074,1,2016-05-14 15:24:00,2016-05-14 15:44:46,1,-74.01670063861528,40.81504306023618,-74.00289066868409,40.86775110457544,N,1246
id0003075,2,2016-02-23 14:35:00,2016-02-23 14:45:04,1,-74.00866045000616,40.71942706183002,-74.03906456494096,40.727931000559344,N,604
id0003076,1,2016-05-15 20:08:00,2016-05-15 20:13:23,1,-74.0440775540982,40.75759797594486,-74.0582651486234,40.75689792388773,N,323
id0003077,2,2016-03-22 01:33:00,2016-03-22 01:45:12,2,-74.01368509158523,40.68035905820965,-73.98610872344807,40.733773286516765,N,732
id0003078,1,2016-04-28 02:33:00,2016-04-28 02:46:12,1,-74.0120912676079,40.701353709314205,-74.01974011043418,40.64750738723791,N,792
id0003079,2,2016-02-12 04:24:00,2016-02-12 04:34:05,1,-74.0225562700956,40.80516133099278,-74.0774121972902,40.784673650331676,N,605
id0003080,2,2016-03-27 09:18:00,2016-03-27 09:36:12,3,-74.02557229977815,40.73701125722967,-73.9857176576869,40.705953553214734,N,1092
id0003081,2,2016-06-08 13:53:00,2016-06-08 14:16:52,1,-73.99990526316886,40.70810386612779,-73.97673463828694,40.63127607387773,N,1432
id0003082,2,2016-02-04 13:05:00,2016-02-04 13:15:09,1,-74.00057073736109,40.76832571640063,-74.01177555479516,40.798886891381215,N,609
id0003083,1,2016-03-10 23:38:00,2016-03-10 23:45:37,2,-73.88192274550764,40.73449144058561,-73.84991576722292,40.714981796096204,N,457
id0003084,2,2016-02-23 01:41:00,2016-02-23 01:48:11,2,-74.00668018287143,40.7368130254001,-74.00240306503204,40.76850090685773,N,431
id0003085,1,2016-02-02 14:23:00,2016-02-02 14:40:47,1,-73.96607173810945,40.791269671155376,-73.90616048445077,40.80488769834859,N,1067
id0003086,2,2016-03-13 06:59:00,2016-03-13 07:08:51,5,-74.01672856315619,40.705721998847956,-74.0099242083061,40.72697198517992,N,591
id0003087,1,2016-04-20 15:42:00,2016-04-20 16:00:11,1,-74.01742776767128,40.71725856542932,-73.95785102267514,40.7013195835999,N,1091
id0003088,1,2016-01-10 23:14:00,2016-01-10 23:29:19,1,-74.0787403795753,40.7649335996467,-74.15,40.738184914607224,N,919
id0003089,1,2016-02-07 09:27:00,2016-02-07 09:34:44,1,-74.07142514362961,40.80162344058367,-74.05076028758508,40.80476507121636,N,464
id0003090,2,2016-05-28 17:24:00,2016-05-28 17:41:01,1,-74.05138490538091,40.813717213567045,-74.06928868623154,40.84588809998283,N,1021
id0003091,2,2016-02-17 10:41:00,2016-02-17 10:52:30,1,-73.9748966740882,40.72807222258373,-74.01355396856366,40.726308852391796,N,690
id0003092,2,2016-03-02 02:31:00,2016-03-02 02:46:22,1,-73.92581044895935,40.800181963511385,-73.87367792288612,40.77561419221925,N,922
id0003093,1,2016-05-02 10:46:00,2016-05-02 11:01:46,1,-74.08326654897925,40.72271359679383,-74.04325761454481,40.68074796359489,N,946
id0003094,1,2016-05-15 20:19:00,2016-05-15 20:40:43,1,-74.01519922407418,40.84017942061081,-74.10549067508335,40.84732512614714,N,1303
id0003095,2,2016-06-23 13:52:00,2016-06-23 14:02:04,2,-74.06017898901428,40.70698030385611,-74.02798168542503,40.68758794013362,Y,604
id0003096,2,2016-01-29 21:44:00,2016-01-29 21:50:12,1,-73.99953524017735,40.817781546485634,-73.97279857808908,40.81527062592699,N,372
id0003097,1,2016-05-17 09:00:00,2016-05-17 09:13:18,1,-73.9258326778461,40.72845812519316,-73.9583708956457,40.72010086781445,N,798
id0003098,2,2016-05-11 17:22:00,2016-05-11 17:38:21,1,-74.00957853208844,40.84859609046576,-74.04716720970178,40.833041006351806,N,981
id0003099,2,2016-01-23 14:15:00,2016-01-23 14:32:38,1,-73.98761343347098,40.78460943279836,-74.0591893185779,40.794892557424944,N,1058
id0003100,2,2016-06-08 12:58:00,2016-06-08 13:05:43,1,-73.90496243819842,40.712279256176636,-73.92015137357409,40.73168689912168,N,463
id0003101,2,2016-02-26 21:14:00,2016-02-26 21:38:18,1,-73.95981544882207,40.73449926842059,-73.96780238804587,40.80328403148337,N,1458
id0003102,2,2016-03-18 00:02:00,2016-03-18 00:16:11,1,-74.02680505206992,40.79315315423507,-73.99094019695379,40.819682024249026,N,851
id0003103,2,2016-05-24 22:31:00,2016-05-24 22:44:07,1,-73.97625965927904,40.8053689987927,-73.96413754287651,40.861147880324296,N,787
id0003104,2,2016-04-05 08:47:00,2016-04-05 09:00:55,1,-74.03051519562713,40.7548177983724,-74.07821106081583,40.72616678537334,N,835
id0003105,1,2016-02-20 01:50:00,2016-02-20 02:07:59,1,-73.96187348929952,40.76000962264336,-73.951124144677,40.703976555667914,N,1079
id0003106,2,2016-02-28 14:14:00,2016-02-28 14:17:29,3,-73.956656291526,40.79212588646899,-73.96808833539917,40.791620827518784,N,209
id0003107,2,2016-05-14 16:37:00,2016-05-14 16:57:39,1,-74.06019378352741,40.76393092921549,-74.10226096314231,40.79396188276071,N,1239
id0003108,2,2016-02-03 08:29:00,2016-02-03 08:53:05,5,-73.97536678204378,40.69979228132978,-74.04689460801353,40.724332941465356,N,1445
id0003109,2,2016-03-26 20:47:00,2016-03-26 21:00:53,1,-73.99146652918978,40.721416168891196,-73.96335037911363,40.763814523922626,N,833
id0003110,1,2016-05-16 00:52:00,2016-05-16 01:18:55,1,-73.95504274315553,40.76858039744183,-73.93495487142896,40.67980130987735,N,1615
id0003111,1,2016-06-09 23:05:00,2016-06-09 23:20:05,5,-73.93927591219395,40.8126967087424,-73.9142213059213,40.85655090006335,N,905
id0003112,2,2016-05-30 08:13:00,2016-05-30 08:24:20,1,-73.95874027177315,40.83071920908729,-73.99151127128029,40.84246040101233,N,680
id0003113,2,2016-03-06 08:45:00,2016-03-06 09:10:02,2,-74.00167563443588,40.79307882393472,-73.9939770406413,40.739038356855346,N,1502
id0003114,2,2016-02-06 03:52:00,2016-02-06 04:03:57,1,-73.93366684885248,40.77092808424664,-73.99555823547051,40.79625159388215,N,717
id0003115,2,2016-06-19 02:12:00,2016-06-19 02:22:16,3,-74.03301845269706,40.79169662486922,-74.0774146792304,40.79762851505837,N,616
id0003116,2,2016-04-18 17:30:00,2016-04-18 17:38:31,1,-74.05762870963532,40.727996211740695,-74.05611076064665,40.74133923719093,N,511
id0003117,1,2016-03-15 03:40:00,2016-03-15 03:48:54,1,-74.1,40.75110460678838,-74.0881941136355,40.786073427049416,N,534
id0003118,2,2016-06-13 03:45:00,2016-06-13 04:01:06,1,-73.98885775234554,40.72091411753973,-74.06215455766281,40.735973755434806,N,966
id0003119,1,2016-05-12 04:11:00,2016-05-12 04:26:08,1,-74.03018505417214,40.70180658251815,-74.07777456631575,40.65025770407171,N,908
id0003120,2,2016-03-27 17:20:00,2016-03-27 17:27:07,1,-73.96312350381585,40.773009705523634,-73.9795661814396,40.76800378608123,N,427
id0003121,1,2016-02-05 12:36:00,2016-02-05 13:02:16,2,-74.09341750667244,40.766348098796314,-74.05028416369147,40.70973051781653,N,1576
id0003122,1,2016-01-15 20:41:00,2016-01-15 20:54:02,2,-74.02059482029948,40.788944361802905,-74.05718444417846,40.81166152762247,N,782
id0003123,1,2016-04-06 14:29:00,2016-04-06 14:42:03,2,-73.95913515517745,40.78257503239016,-73.95280926745167,40.831503990845604,N,783
id0003124,1,2016-01-21 19:42:00,2016-01-21 20:06:32,2,-74.0416409880492,40.76891899220958,-74.03059831922066,40.72546817352025,N,1472
id0003125,2,2016-02-26 10:40:00,2016-02-26 10:48:02,1,-73.96249087882629,40.78304774995549,-73.97372701098385,40.75954651833686,N,482
id0003126,1,2016-05-04 00:10:00,2016-05-04 00:19:39,1,-74.01563624272875,40.756079260669765,-74.00357534101157,40.725196334430485,N,579
id0003127,2,2016-01-03 07:35:00,2016-01-03 07:52:27,2,-73.9868044570379,40.77658011278501,-74.04732571324327,40.76069342826717,N,1047
id0003128,1,2016-06-29 01:42:00,2016-06-29 01:54:18,1,-73.95226630964707,40.72532350187912,-73.98177673358236,40.73975831241608,N,738
id0003129,1,2016-03-20 14:00:00,2016-03-20 14:16:39,1,-73.93259616372866,40.774636766653764,-73.86804997014256,40.759129347380224,N,999
id0003130,1,2016-06-07 08:54:00,2016-06-07 09:25:01,1,-73.97991291737736,40.788078795837876,-73.91219849678747,40.810917351882345,N,1861
id0003131,2,2016-02-01 09:27:00,2016-02-01 09:41:43,1,-74.02977056621833,40.727864335736754,-73.99183913268087,40.76515262768941,N,883
id0003132,2,2016-03-24 20:29:00,2016-03-24 20:43:18,2,-74.01019213743088,40.76033244445468,-73.96067448888296,40.79889401860121,N,858
id0003133,2,2016-06-23 11:06:00,2016-06-23 11:26:34,1,-73.94996745503022,40.72993788706668,-74.03213344355201,40.69080154872874,N,1234
id0003134,1,2016-04-25 02:00:00,2016-04-25 02:18:10,1,-74.04116894709155,40.73430719865678,-74.08386026192976,40.78281471171332,N,1090
id0003135,1,2016-05-27 03:54:00,2016-05-27 04:08:13,2,-73.99479366281521,40.7073781790204,-74.00879323345073,40.75869070899107,N,853
id0003136,2,2016-05-04 16:18:00,2016-05-04 17:26:41,6,-74.00622362540987,40.814959871632496,-73.89751973872124,40.86930366922579,N,4121
id0003137,2,2016-05-14 14:14:00,2016-05-14 14:21:38,1,-73.99068489808255,40.8059558328624,-74.00477367693534,40.800432314172284,N,458
id0003138,1,2016-03-07 07:34:00,2016-03-07 07:47:02,3,-74.04051053910871,40.782184523440236,-74.00698984562567,40.75587003687438,N,782
id0003139,2,2016-03-23 12:09:00,2016-03-23 12:24:08,1,-74.08685693937167,40.84674881783747,-74.0698301981002,40.81230037613567,N,908
id0003140,2,2016-01-10 00:08:00,2016-01-10 00:21:20,1,-73.95635915612222,40.749483943654425,-73.94033360038931,40.7109216476243,N,800
id0003141,1,2016-02-17 03:46:00,2016-02-17 03:50:41,1,-73.93197277170812,40.89442930867998,-73.93303164976729,40.89483847291325,N,281
id0003142,2,2016-01-12 17:46:00,2016-01-12 18:13:10,1,-74.0835696226624,40.74776117630866,-74.13757110002257,40.77743599128582,N,1630
id0003143,1,2016-02-29 00:49:00,2016-02-29 01:28:07,1,-73.96470906114905,40.76948370082902,-74.0862614372559,40.815213246263575,N,2347
id0003144,1,2016-05-12 02:29:00,2016-05-12 02:48:13,1,-73.92542493968351,40.74009999387269,-73.8677420279919,40.72310549480001,N,1153
id0003145,2,2016-02-07 04:39:00,2016-02-07 04:46:01,1,-73.95222489242808,40.774754650202716,-73.97996729280966,40.77340056085491,N,421
id0003146,1,2016-03-28 02:11:00,2016-03-28 02:26:39,2,-74.00791685982718,40.795602671754885,-74.09193695360088,40.791956107385836,N,939
id0003147,1,2016-04-10 10:38:00,2016-04-10 10:47:15,1,-74.03689230033629,40.75287376231261,-74.01718405439117,40.73063895356733,N,555
id0003148,1,2016-01-30 19:30:00,2016-01-30 19:45:01,1,-73.98054620563575,40.8379523931203,-73.96170068222764,40.863703626661916,N,901
id0003149,1,2016-05-27 15:39:00,2016-05-27 15:46:42,1,-73.97137182176343,40.76876171780851,-73.93681666774677,40.78146140644032,N,462
id0003150,2,2016-05-20 08:39:00,2016-05-20 09:04:21,3,-73.97973058688642,40.770171842374964,-73.9295233803055,40.77513565350415,N,1521
id0003151,2,2016-02-04 02:36:00,2016-02-04 02:43:32,5,-73.99490740465646,40.717095103746885,-74.03626179127404,40.72963579411874,N,452
id0003152,2,2016-01-07 14:02:00,2016-01-07 14:15:22,4,-74.04454584482676,40.77683245835477,-74.08392002162684,40.79837325203328,N,802
id0003153,2,2016-01-01 19:51:00,2016-01-01 20:03:40,3,-73.96175214397802,40.75196877506358,-73.9760937910559,40.77315907073314,N,760
id0003154,2,2016-02-23 07:31:00,2016-02-23 07:52:17,1,-73.95910300280725,40.73062921217983,-73.92212919452477,40.70128206371556,N,1277
id0003155,2,2016-01-23 20:38:00,2016-01-23 21:00:29,1,-73.97395478309961,40.72305865163332,-74.06857353782117,40.754430150839326,N,1349
id0003156,2,2016-01-04 04:08:00,2016-01-04 04:13:06,1,-73.97889534952108,40.87822935208905,-73.97312606439698,40.88716716620787,N,306
id0003157,1,2016-03-24 21:21:00,2016-03-24 21:35:52,5,-73.89264127817397,40.74614352374195,-73.85069579607234,40.73093195691764,N,892
id0003158,2,2016-04-05 13:12:00,2016-04-05 13:22:23,1,-74.01934083315153,40.692435656064845,-73.97925229303571,40.70063369526546,N,623
id0003159,2,2016-01-04 09:13:00,2016-01-04 09:28:07,1,-73.91452106963989,40.726580034312036,-73.88263579832221,40.73863674599741,N,907
id0003160,1,2016-04-18 22:55:00,2016-04-18 23:12:45,1,-74.0253713458072,40.75567944722357,-73.97753632239615,40.79354187557431,N,1065
id0003161,2,2016-03-14 09:28:00,2016-03-14 10:04:49,3,-73.9240077184874,40.78260001646775,-74.04763094028061,40.745984569470764,N,2209
id0003162,2,2016-02-06 11:04:00,2016-02-06 11:26:33,1,-73.91716478474557,40.78296584347764,-73.84455869371482,40.82934029585554,N,1353
id0003163,1,2016-01-21 05:32:00,2016-01-21 05:38:18,3,-74.0011178161871,40.788447654829945,-73.9862495932763,40.78925847730079,N,378
id0003164,2,2016-05-18 03:59:00,2016-05-18 04:13:14,5,-73.89364703202665,40.728981286201325,-73.83358772480113,40.71126592242513,N,854
id0003165,1,2016-01-20 14:43:00,2016-01-20 14:55:37,1,-73.95920302622896,40.77331981995757,-74.01206157769006,40.75453328646257,N,757
id0003166,1,2016-02-06 11:45:00,2016-02-06 12:09:09,2,-74.03324998426272,40.718577324115024,-74.11217219226921,40.68352945257303,N,1449
id0003167,1,2016-05-09 16:41:00,2016-05-09 17:12:22,1,-74.00557861269141,40.73011606576437,-73.92519161686616,40.66918404483288,N,1882
id0003168,2,2016-04-24 14:18:00,2016-04-24 14:33:03,1,-73.92269807316413,40.71670309614749,-73.964391555722,40.74041209196006,N,903
id0003169,2,2016-06-30 21:48:00,2016-06-30 22:14:48,1,-73.93423144139679,40.70452250154308,-73.94821964210527,40.77385352555785,N,1608
id0003170,2,2016-01-08 08:36:00,2016-01-08 09:08:59,1,-74.04319222207586,40.80588942699861,-74.01945676325505,40.74927288978936,N,1979
id0003171,2,2016-02-05 09:29:00,2016-02-05 09:49:05,1,-73.99265915217048,40.788987526544055,-73.95787925245749,40.75572254948649,N,1205
id0003172,1,2016-04-30 09:54:00,2016-04-30 10:09:02,2,-73.9738062359473,40.80194994164902,-73.9252775026784,40.82825535326911,N,902
id0003173,2,2016-02-11 18:50:00,2016-02-11 18:54:48,2,-74.01291825239916,40.759769087971094,-74.00286587486657,40.758171796167595,N,288
id0003174,1,2016-03-10 08:02:00,2016-03-10 08:23:45,1,-73.85532101521439,40.79295634644893,-73.90276493025205,40.822161019928565,N,1305
id0003175,1,2016-02-23 22:45:00,2016-02-23 22:53:23,1,-73.9721484941127,40.67874197679109,-73.94035002565,40.675181758480875,N,503
id0003176,1,2016-05-27 02:56:00,2016-05-27 03:03:48,1,-73.98839967049966,40.79683893831204,-73.95588464796165,40.77651697583772,N,468
id0003177,1,2016-05-22 21:21:00,2016-05-22 21:39:29,1,-73.9195031925658,40.765970392350226,-74.00117976266918,40.75806591847667,N,1109
id0003178,2,2016-05-26 15:43:00,2016-05-26 16:07:10,5,-74.00508674441613,40.786219932006716,-73.94124592654173,40.70284680222776,N,1450
id0003179,2,2016-04-02 01:44:00,2016-04-02 02:19:18,1,-73.92959148141604,40.77510104845719,-74.04150988398125,40.73507909635949,N,2118
id0003180,1,2016-03-29 18:26:00,2016-03-29 18:42:08,2,-74.07672528175706,40.71358251804584,-74.03017657811034,40.7467722961435,N,968
id0003181,1,2016-04-13 20:43:00,2016-04-13 21:00:39,5,-74.0099509725435,40.69058821010741,-74.03848592110612,40.732304704653664,N,1059
id0003182,1,2016-01-13 06:01:00,2016-01-13 06:18:55,1,-73.92730112698925,40.72595756252177,-73.89555320033149,40.77517337445,N,1075
id0003183,1,2016-04-09 11:08:00,2016-04-09 11:16:10,1,-73.89863912536757,40.78342127765728,-73.8756803861291,40.79885170478296,N,490
id0003184,2,2016-02-20 08:10:00,2016-02-20 08:49:01,3,-74.02753126421533,40.789054113682894,-74.02920177891609,40.710091703082874,N,2341
id0003185,2,2016-06-19 14:26:00,2016-06-19 14:34:50,1,-74.03394018999202,40.696442597517816,-74.01364129121991,40.67421736899627,N,530
id0003186,2,2016-02-03 12:31:00,2016-02-03 12:44:26,1,-73.95379044632962,40.71385052846394,-73.95768063582325,40.76021347714314,N,806
id0003187,2,2016-01-07 08:14:00,2016-01-07 08:46:28,2,-74.01926686422047,40.72545439413266,-73.9871390770248,40.78226129248659,N,1948
id0003188,2,2016-06-24 08:13:00,2016-06-24 08:38:00,4,-73.99977178547654,40.741921272287996,-73.90143455618134,40.78961394329325,N,1500
id0003189,2,2016-01-29 17:46:00,2016-01-29 18:03:28,2,-73.93679772363946,40.696707712611634,-73.99715347821802,40.68843887634469,N,1048
id0003190,1,2016-04-04 04:25:00,2016-04-04 04:53:07,2,-74.01492561998877,40.694007670523696,-74.15,40.648277515193584,N,1687
id0003191,1,2016-03-10 13:04:00,2016-03-10 13:09:11,2,-74.09309841633446,40.72101741166166,-74.11180375834702,40.71959530601312,N,311
id0003192,2,2016-02-19 00:20:00,2016-02-19 00:26:44,1,-74.05655964395832,40.761881422630125,-74.07834080945446,40.76239966826819,N,404
id0003193,2,2016-03-29 19:43:00,2016-03-29 20:05:47,1,-73.98445244278538,40.704873254711096,-74.00144301067829,40.7596680234143,N,1367
id0003194,1,2016-05-13 07:14:00,2016-05-13 07:36:45,4,-74.087488273166,40.752788842051274,-74.12917802609275,40.76076153755555,N,1365
id0003195,2,2016-01-21 17:40:00,2016-01-21 17:58:42,1,-74.00134382295136,40.80563487672639,-73.96208428533728,40.806218717987214,N,1122
id0003196,2,2016-04-30 09:38:00,2016-04-30 09:56:06,2,-74.06156530839341,40.69941991181639,-74.12372513390808,40.70199224200141,N,1086
id0003197,2,2016-06-11 13:21:00,2016-06-11 13:26:19,1,-73.8948033546224,40.74870994087153,-73.87451847486493,40.762704999913225,N,319
id0003198,1,2016-02-22 19:49:00,2016-02-22 20:05:28,1,-73.86591715728788,40.804114053018786,-73.83718620448431,40.82603945603094,N,988
id0003199,1,2016-05-03 08:53:00,2016-05-03 09:06:01,2,-74.04320084062881,40.73917792243363,-74.02895987481199,40.713819112243,N,781
id0003200,1,2016-06-16 12:00:00,2016-06-16 12:20:05,2,-73.97087827259791,40.73218486391137,-73.94895682518575,40.69516815009948,N,1205
id0003201,1,2016-06-18 16:02:00,2016-06-18 16:30:39,1,-74.03782220525983,40.81035731164379,-73.9951051787521,40.858326859892955,N,1719
id0003202,2,2016-04-27 22:07:00,2016-04-27 22:28:17,1,-74.00201235811299,40.74422090644628,-73.99960192041144,40.68678446114103,N,1277
id0003203,1,2016-06-20 05:25:00,2016-06-20 05:39:53,1,-73.88580918696243,40.80770227613425,-73.90140153458009,40.86502343720642,N,893
id0003204,2,2016-05-21 11:04:00,2016-05-21 11:22:32,1,-74.01066787012496,40.777303442600726,-73.98878120038684,40.71042968819685,N,1112
id0003205,2,2016-04-03 06:44:00,2016-04-03 06:54:09,1,-74.00073206042305,40.74257199061906,-73.97371557973051,40.72211305096997,N,609
id0003206,2,2016-01-23 21:35:00,2016-01-23 21:51:16,6,-74.03683910969752,40.77958607387689,-73.99680346374268,40.81360096284731,N,976
id0003207,2,2016-06-04 05:56:00,2016-06-04 06:13:44,6,-73.92195958422843,40.772420228123075,-73.9990172584235,40.772432194240814,N,1064
id0003208,1,2016-02-22 03:54:00,2016-02-22 04:04:38,1,-74.1,40.80393972694512,-74.1082589184308,40.757863038813454,N,638
id0003209,2,2016-05-14 02:08:00,2016-05-14 02:19:10,2,-74.00935385268424,40.733324450796076,-74.05729542561832,40.748249436190484,Y,670
id0003210,1,2016-04-27 08:48:00,2016-04-27 08:59:24,1,-73.98752373517745,40.759854273005175,-73.9622803179799,40.762199424968195,N,684
id0003211,2,2016-03-06 14:41:00,2016-03-06 14:51:22,1,-74.0213592531418,40.755231794417796,-73.9886573404316,40.747670104322324,N,622
id0003212,2,2016-05-20 23:48:00,2016-05-20 23:54:24,2,-73.93750499707478,40.78968666637379,-73.94985356772685,40.76784938619639,N,384
id0003213,1,2016-04-29 15:18:00,2016-04-29 15:29:30,2,-73.91888849938162,40.71186693625001,-73.95170555856976,40.71065572626644,N,690
id0003214,1,2016-05-15 16:16:00,2016-05-15 16:27:29,2,-74.06266217320837,40.8037639671707,-74.0357988141367,40.78339671075237,N,689
id0003215,1,2016-06-22 09:36:00,2016-06-22 10:13:34,1,-73.86985823404261,40.77898479474767,-73.87585413830729,40.86419343815739,N,2254
id0003216,1,2016-02-20 00:27:00,2016-02-20 00:39:22,1,-74.06327923533944,40.69873837168652,-73.9990882355439,40.69033777137293,N,742
id0003217,1,2016-05-19 01:11:00,2016-05-19 01:28:47,1,-73.91412531250784,40.81237182714663,-73.83434242507111,40.79929033376296,N,1067
id0003218,2,2016-01-08 05:28:00,2016-01-08 05:43:58,2,-73.97675947658054,40.8585341886359,-73.93172747939197,40.83957692354383,N,958
id0003219,2,2016-05-09 02:42:00,2016-05-09 03:02:09,1,-74.01270356034127,40.80308252862972,-74.0022339770691,40.86527580812906,N,1209
id0003220,1,2016-01-29 07:11:00,2016-01-29 07:39:27,1,-74.00751518113218,40.82221431452519,-73.92536431125396,40.764846973798846,N,1707
id0003221,1,2016-02-10 09:08:00,2016-02-10 09:16:53,1,-73.98684320348632,40.76184171217212,-73.97601079041023,40.7744218469386,N,533
id0003222,1,2016-02-05 14:21:00,2016-02-05 14:27:26,1,-73.9735370175975,40.68323227861177,-73.9951007426662,40.67485712959609,N,386
id0003223,1,2016-05-31 06:22:00,2016-05-31 06:39:44,1,-74.03560848932543,40.67501457969746,-74.06599880896505,40.62519557603499,N,1064
id0003224,1,2016-03-09 01:00:00,2016-03-09 01:10:23,2,-73.99786669767231,40.76947869197405,-74.02952426798261,40.74081102049884,N,623
id0003225,2,2016-03-11 22:03:00,2016-03-11 22:08:38,1,-74.02738700526102,40.73136095365216,-74.02767364389109,40.74245434343886,N,338
id0003226,1,2016-03-06 18:26:00,2016-03-06 18:42:54,1,-74.05182772398906,40.71684406747527,-74.03098881726176,40.68659030478731,N,1014
id0003227,2,2016-04-23 13:58:00,2016-04-23 14:15:44,6,-74.02995214363519,40.75517639922141,-74.09363420591205,40.764261136709116,N,1064
id0003228,1,2016-06-15 17:02:00,2016-06-15 17:21:03,1,-74.04824860479825,40.78570133795376,-74.0684502715388,40.846221700957784,N,1143
id0003229,2,2016-05-03 08:18:00,2016-05-03 08:25:13,1,-74.00810852020128,40.692625910395705,-73.99853022457364,40.69859693409831,N,433
id0003230,1,2016-01-19 10:11:00,2016-01-19 10:22:43,1,-73.96121388019924,40.737800507087385,-73.932250698087,40.68692757033903,N,703
id0003231,1,2016-04-03 18:34:00,2016-04-03 18:49:12,1,-73.97836093052021,40.825944180740414,-73.9795274543638,40.796306311575776,N,912
id0003232,2,2016-01-20 13:52:00,2016-01-20 13:59:36,6,-73.87641103728366,40.70961202289004,-73.86540817126138,40.69962282203396,N,456
id0003233,2,2016-01-31 03:16:00,2016-01-31 03:27:48,1,-74.1,40.79713925342242,-74.15,40.78481102425761,N,708
id0003234,2,2016-02-05 19:06:00,2016-02-05 19:18:51,3,-73.95918624685822,40.736187115730296,-74.00021665005372,40.741507600309355,N,771
id0003235,1,2016-05-06 22:29:00,2016-05-06 22:34:20,1,-73.98464688688117,40.78256071919325,-73.98738566955895,40.793496222165984,N,320
id0003236,2,2016-06-08 08:11:00,2016-06-08 08:31:28,1,-73.94013813116955,40.807379737824135,-73.917163330986,40.867948216253296,N,1228
id0003237,2,2016-02-14 23:57:00,2016-02-15 00:00:46,1,-73.94559441376293,40.79135767951433,-73.93518576561475,40.79122749123625,N,226
id0003238,1,2016-06-20 11:35:00,2016-06-20 11:50:07,1,-73.99407454625744,40.79891218209963,-74.03227164365273,40.75858537645897,N,907
id0003239,2,2016-02-18 07:06:00,2016-02-18 07:27:19,1,-73.97550417933287,40.70617829099665,-73.98614946904254,40.74656150555535,N,1279
id0003240,1,2016-02-25 21:38:00,2016-02-25 21:53:22,1,-74.02592380671052,40.808114686803364,-73.95789108128106,40.8523205469907,N,922
id0003241,1,2016-01-24 01:49:00,2016-01-24 01:56:17,1,-73.9512476011355,40.71962880984144,-73.92675598066866,40.72776431813165,N,437
id0003242,1,2016-01-09 12:02:00,2016-01-09 12:06:41,1,-74.08833818286675,40.76967937945072,-74.09565216981778,40.76105557561841,N,281
id0003243,1,2016-04-22 19:54:00,2016-04-22 20:12:24,1,-73.94227454587428,40.76962107841488,-73.98843720015167,40.791410202504096,N,1104
id0003244,2,2016-03-15 03:49:00,2016-03-15 03:57:01,1,-73.98627453943298,40.779830515149136,-74.01837623970428,40.77244272167035,N,481
id0003245,1,2016-01-22 08:49:00,2016-01-22 09:20:40,1,-74.0117884120807,40.77316305042271,-74.01149184578017,40.701213237915496,N,1900
id0003246,1,2016-04-12 18:35:00,2016-04-12 18:47:06,2,-73.99778932596956,40.72002855096639,-73.98537170653256,40.73975015087043,N,726
id0003247,1,2016-03-03 19:54:00,2016-03-03 20:06:20,6,-73.99375579290236,40.6972559664467,-73.96830543787279,40.72848476814081,N,740
id0003248,2,2016-03-12 11:55:00,2016-03-12 12:12:39,1,-73.91364829317357,40.797255690598284,-73.89618894187606,40.84769374366156,N,1059
id0003249,2,2016-06-10 21:25:00,2016-06-10 21:37:53,6,-73.80715784852133,40.76636255598835,-73.82381848482342,40.74078601048501,N,773
id0003250,1,2016-03-14 10:27:00,2016-03-14 10:33:32,1,-73.91790710467173,40.8097219578431,-73.9409068251444,40.817637743898246,N,392
id0003251,1,2016-03-23 10:59:00,2016-03-23 11:17:31,4,-74.01609291822393,40.75598701796155,-73.9239784185209,40.76466000248641,N,1111
id0003252,2,2016-05-05 02:04:00,2016-05-05 02:09:12,1,-73.95036199966431,40.69476760376954,-73.97540302915107,40.69775599335917,N,312
id0003253,1,2016-06-11 19:11:00,2016-06-11 19:32:55,1,-73.94796689586684,40.801475835645185,-74.00609356215524,40.805495796985205,N,1315
id0003254,1,2016-05-14 08:27:00,2016-05-14 09:04:24,2,-74.0358838397346,40.741333322565254,-74.10962612624695,40.74263308310345,N,2244
id0003255,2,2016-03-30 16:11:00,2016-03-30 16:18:11,1,-74.05434396134714,40.77339015558395,-74.07023746126798,40.78080138463935,N,431
id0003256,2,2016-02-25 15:01:00,2016-02-25 15:14:40,4,-73.98848045109042,40.728864325718426,-73.94618117916042,40.754788161908266,N,820
id0003257,2,2016-02-02 13:08:00,2016-02-02 13:20:48,4,-73.94057608185142,40.83199357696052,-73.96649372787178,40.87470364032097,N,768
id0003258,1,2016-01-23 12:01:00,2016-01-23 12:19:48,1,-74.07364945471808,40.71855458291176,-74.00716130033064,40.69208294818748,N,1128
id0003259,2,2016-05-18 02:56:00,2016-05-18 02:59:52,1,-74.024649382721,40.74281566106522,-74.02497705225223,40.736785113647635,N,232
id0003260,1,2016-05-14 02:51:00,2016-05-14 03:00:56,1,-73.95350415600552,40.762835191621384,-73.90357404300192,40.74804390742532,N,596
id0003261,2,2016-03-05 07:51:00,2016-03-05 08:03:05,1,-73.98270520127012,40.70885179528109,-74.01680265223386,40.68905326277909,N,725
id0003262,1,2016-06-19 20:22:00,2016-06-19 20:40:43,1,-73.90710495086705,40.77287337878644,-73.94050470362345,40.71631227925073,N,1123
id0003263,1,2016-06-24 21:16:00,2016-06-24 21:20:10,1,-74.0626252099742,40.83053597148604,-74.05852815332435,40.831383757440896,N,250
id0003264,2,2016-04-22 23:27:00,2016-04-22 23:33:56,1,-73.85563092866028,40.73592920276879,-73.83391596867476,40.75270541570287,N,416
id0003265,1,2016-02-17 16:58:00,2016-02-17 17:03:27,5,-74.06958958439633,40.77578142685643,-74.0776426603118,40.770352935539975,N,327
id0003266,2,2016-04-02 04:38:00,2016-04-02 04:43:39,1,-74.09660400453555,40.634275407628266,-74.08344305925492,40.633961881254365,N,339
id0003267,2,2016-05-29 15:08:00,2016-05-29 15:19:06,1,-73.98824020287235,40.75624818597819,-73.96175833496709,40.77089347845501,N,666
id0003268,1,2016-04-02 06:14:00,2016-04-02 06:30:30,1,-74.04739524105354,40.74391309713332,-74.11131799664334,40.79330228646405,N,990
id0003269,2,2016-03-30 21:10:00,2016-03-30 21:16:18,1,-73.98713156152247,40.72116760789154,-74.00247374673599,40.706475849358235,N,378
id0003270,1,2016-04-06 22:37:00,2016-04-06 22:52:28,1,-73.98905497834251,40.806665271133284,-74.01239569215019,40.7656588471316,N,928
id0003271,1,2016-06-02 06:26:00,2016-06-02 06:32:12,1,-73.9957675816659,40.74331903432693,-74.01692307875884,40.74015362918215,N,372
id0003272,1,2016-03-15 17:52:00,2016-03-15 18:25:41,1,-74.03133260677082,40.750013513080795,-74.0130231089875,40.815938157298746,N,2021
id0003273,2,2016-02-03 07:30:00,2016-02-03 07:50:55,1,-73.96120391160812,40.7410263206345,-73.98391943620932,40.7003948010895,N,1255
id0003274,2,2016-04-03 12:08:00,2016-04-03 12:28:20,1,-74.00245354131219,40.671743285770575,-74.09268203494173,40.694498035115885,N,1220
id0003275,2,2016-04-25 07:51:00,2016-04-25 08:08:28,6,-73.92429843210849,40.70706061019654,-73.93494177144103,40.74758757322152,N,1048
id0003276,2,2016-06-19 02:48:00,2016-06-19 03:18:56,1,-73.99492047388905,40.80124920687541,-74.04281874529568,40.71845550919661,N,1856
id0003277,1,2016-01-21 14:23:00,2016-01-21 14:30:06,1,-74.03805560825766,40.66305222089041,-74.01572066910445,40.6774100092167,N,426
id0003278,2,2016-06-20 13:32:00,2016-06-20 13:41:59,1,-74.07782408035139,40.7235158092673,-74.04156771571797,40.74463518156485,N,599
id0003279,2,2016-05-26 14:29:00,2016-05-26 14:54:57,1,-73.99446601872965,40.740012597466965,-74.0923333174307,40.73065586541867,N,1557
id0003280,1,2016-05-09 07:19:00,2016-05-09 07:35:23,1,-74.05480625142495,40.836462984028124,-74.08964669457676,40.813837634389984,N,983
id0003281,1,2016-02-12 21:20:00,2016-02-12 21:27:55,1,-74.05924790197027,40.79258716944734,-74.0433461159164,40.771913987108995,N,475
id0003282,1,2016-02-07 13:25:00,2016-02-07 13:39:20,1,-73.95598984799692,40.73292732628261,-74.01938922908099,40.721427428926965,N,860
id0003283,2,2016-03-18 19:38:00,2016-03-18 19:51:13,1,-74.08277185336398,40.8167031163702,-74.04755211389087,40.806129755261125,N,793
id0003284,2,2016-02-03 05:23:00,2016-02-03 05:32:42,1,-73.9073293641917,40.72467678807745,-73.8601101201229,40.70749959158096,N,582
id0003285,1,2016-04-29 09:18:00,2016-04-29 09:25:12,6,-73.97621559885825,40.80340949116803,-73.98350630238345,40.79135285732415,N,432
id0003286,1,2016-05-16 22:00:00,2016-05-16 22:22:18,1,-73.98741134470637,40.69685052393347,-74.0222373666847,40.7385282377681,N,1338
id0003287,2,2016-03-28 00:50:00,2016-03-28 01:10:43,1,-74.04191212673028,40.806296602430514,-74.14588766987667,40.763791595168485,N,1243
id0003288,2,2016-05-05 21:32:00,2016-05-05 21:50:23,1,-73.94295952370113,40.73972398595381,-73.90632838543688,40.678506941139304,N,1103
id0003289,2,2016-05-21 18:13:00,2016-05-21 18:38:49,2,-73.98515977134785,40.71171730915765,-73.89504560730742,40.75395478791085,N,1549
id0003290,2,2016-06-15 03:23:00,2016-06-15 03:43:23,1,-74.02273531535074,40.74822853741157,-73.94193101142567,40.74150791583465,N,1223
id0003291,1,2016-05-05 05:55:00,2016-05-05 05:59:18,1,-73.97400964168416,40.770480488087415,-73.98278344997124,40.756892357850525,N,258
id0003292,2,2016-02-12 12:54:00,2016-02-12 13:09:26,1,-74.07755320004917,40.735736320626344,-74.12672361184647,40.731843721295704,N,926
id0003293,2,2016-01-24 17:36:00,2016-01-24 17:53:28,1,-74.07494299223521,40.78292790776979,-74.03724990205045,40.79025259229706,N,1048
id0003294,1,2016-06-20 03:30:00,2016-06-20 03:36:15,1,-74.04661023469156,40.73176527523512,-74.0523193296184,40.713423482285975,N,375
id0003295,1,2016-05-20 18:29:00,2016-05-20 18:42:47,1,-73.96577600028147,40.785916757726916,-73.94426007271751,40.80362434719457,N,827
id0003296,2,2016-06-03 14:03:00,2016-06-03 14:14:32,1,-73.98517920769933,40.77789999279165,-73.97155538105098,40.74422080270834,N,692
id0003297,1,2016-03-18 01:46:00,2016-03-18 01:51:45,1,-73.92730614039444,40.755258462538144,-73.92312098450634,40.744694546313426,N,345
id0003298,2,2016-01-29 15:58:00,2016-01-29 16:14:35,6,-74.03559944186927,40.73813779594354,-73.98931632071255,40.660623427008574,N,995
id0003299,1,2016-04-18 19:00:00,2016-04-18 19:19:13,1,-73.95339326877352,40.76481933580944,-73.90543820566715,40.80584763552967,N,1153
id0003300,1,2016-04-26 10:18:00,2016-04-26 10:25:25,1,-73.99126288038174,40.78276141843652,-74.01478382619376,40.77659834905693,N,445
id0003301,2,2016-02-09 09:59:00,2016-02-09 10:12:30,1,-74.03686748571074,40.85078096187293,-74.07840754692313,40.87423460508373,N,810
id0003302,2,2016-03-26 12:30:00,2016-03-26 12:59:24,2,-73.96380807811079,40.80027391898092,-74.07626829089054,40.81695402943024,N,1764
id0003303,2,2016-03-18 00:03:00,2016-03-18 00:10:24,2,-73.98863065220348,40.80191954774172,-74.00420791340797,40.82116303005471,N,444
id0003304,1,2016-02-17 06:00:00,2016-02-17 06:11:24,1,-74.019601555678,40.89698304876872,-74.068801187811,40.89671090526861,N,684
id0003305,1,2016-05-28 17:21:00,2016-05-28 17:30:57,1,-73.98269005020707,40.78121813145456,-73.9638261888522,40.79480609020043,N,597
id0003306,2,2016-03-29 09:41:00,2016-03-29 09:53:50,1,-73.99212417122655,40.77980895800903,-74.00723818329459,40.74616400356761,N,770
id0003307,2,2016-06-17 13:54:00,2016-06-17 14:04:03,1,-73.99345284376847,40.789680678344475,-74.00368713303185,40.74868942887643,N,603
id0003308,2,2016-01-01 05:57:00,2016-01-01 06:05:00,1,-74.00769262324509,40.71259653100853,-73.97115414893625,40.70905782333585,N,480
id0003309,2,2016-06-19 20:13:00,2016-06-19 20:21:33,1,-74.05677216963915,40.73802442636116,-74.03889570903763,40.71423225304731,N,513
id0003310,1,2016-04-30 10:07:00,2016-04-30 10:23:24,2,-73.98088790212579,40.73522238299885,-73.98613895482293,40.78511362906258,N,984
id0003311,1,2016-05-07 09:59:00,2016-05-07 10:24:45,1,-74.02914929055467,40.787142628974884,-73.95326013513758,40.80027268400063,N,1545
id0003312,1,2016-02-22 09:06:00,2016-02-22 09:19:52,1,-74.04111808772042,40.75016214470005,-74.00790138648543,40.72508529604583,N,832
id0003313,2,2016-01-15 08:40:00,2016-01-15 08:47:58,1,-73.99823849142564,40.76422005414635,-74.01695222984412,40.754716138798656,N,478
id0003314,2,2016-02-12 02:53:00,2016-02-12 02:58:56,1,-73.94462854007052,40.80693545790668,-73.96133493703837,40.81159068827627,N,356
id0003315,1,2016-03-21 13:25:00,2016-03-21 13:34:44,1,-73.974791257077,40.79684178324169,-73.93931417086932,40.794461679776475,N,584
id0003316,2,2016-03-02 12:08:00,2016-03-02 12:14:13,1,-74.01421282145967,40.750722554863145,-74.00508476503259,40.76023366601584,N,373
id0003317,2,2016-02-05 03:20:00,2016-02-05 03:31:25,1,-74.01642403318273,40.727850220640484,-74.06687622014776,40.73025312969666,N,685
id0003318,1,2016-01-03 07:19:00,2016-01-03 07:45:39,1,-73.95003027057962,40.809087362924394,-73.9097681927896,40.760414376727944,N,1599
id0003319,2,2016-05-06 23:10:00,2016-05-06 23:28:58,1,-74.1,40.79282510314095,-74.04342455099113,40.71754344327831,N,1138
id0003320,2,2016-05-01 09:12:00,2016-05-01 09:26:59,5,-73.94114492559403,40.68571844317671,-73.88798242653377,40.67264212660549,N,899
id0003321,2,2016-01-30 08:52:00,2016-01-30 09:15:13,3,-74.08807086762117,40.74390807274913,-74.01864716255302,40.76352531742757,N,1393
id0003322,2,2016-05-22 12:51:00,2016-05-22 13:10:53,1,-74.06284743495776,40.76544819579075,-73.9697335191277,40.75276527958103,N,1193
id0003323,1,2016-06-26 22:03:00,2016-06-26 22:21:07,1,-74.01328462071947,40.79304733727045,-73.93543646412995,40.83632708123963,N,1087
id0003324,2,2016-06-30 23:13:00,2016-06-30 23:17:40,1,-73.8656431721388,40.79895456727229,-73.85031339195962,40.79731353279683,N,280
id0003325,1,2016-02-05 09:43:00,2016-02-05 10:24:05,1,-73.89274193519921,40.7707757700529,-73.9021211895873,40.81827763230172,N,2465
id0003326,2,2016-03-18 17:59:00,2016-03-18 18:41:16,1,-73.94614317343115,40.78433613891115,-74.02847524979624,40.8246527592854,N,2536
id0003327,2,2016-01-10 14:15:00,2016-01-10 14:26:34,2,-73.96539016919375,40.76088615610702,-73.96490111614895,40.797681196388126,N,694
id0003328,2,2016-01-03 05:48:00,2016-01-03 06:02:37,5,-74.08742523324068,40.727676674031876,-74.06406411058964,40.68555376683463,N,877
id0003329,2,2016-06-02 12:36:00,2016-06-02 12:39:45,1,-73.97637830104156,40.74624310240315,-73.97441842029733,40.74684302578221,N,225
id0003330,2,2016-06-25 04:27:00,2016-06-25 04:45:04,2,-74.0152071835208,40.75885460339881,-74.10017712846106,40.80165167546069,N,1084
id0003331,2,2016-02-06 19:31:00,2016-02-06 19:39:27,1,-74.02991681334925,40.756439433749165,-74.04281477404287,40.76597149911569,N,507
id0003332,1,2016-03-25 09:30:00,2016-03-25 09:52:08,5,-73.97648583005139,40.67314921930004,-73.94744588785284,40.69255181597501,N,1328
id0003333,2,2016-01-05 08:53:00,2016-01-05 09:16:05,1,-74.01091105051957,40.74011324992818,-74.05707722709295,40.69153719424913,N,1385
id0003334,1,2016-05-28 11:11:00,2016-05-28 11:23:19,5,-73.93718852497172,40.76052925438901,-73.92973241893604,40.8276869019603,N,739
id0003335,2,2016-04-09 18:00:00,2016-04-09 18:17:24,1,-74.0914775122187,40.74533835036424,-74.07205429717914,40.717640246274456,N,1044
id0003336,1,2016-02-23 04:04:00,2016-02-23 04:25:49,1,-73.98087437177097,40.746892929201984,-73.93056582792481,40.67708804924073,N,1309
id0003337,1,2016-06-25 09:36:00,2016-06-25 10:09:19,1,-74.03335034729326,40.77995961168621,-73.95628310461754,40.767670210862335,N,1999
id0003338,1,2016-01-25 18:04:00,2016-01-25 18:40:06,1,-74.00752997059037,40.709446926582814,-74.02453214340785,40.62378499177958,N,2166
id0003339,1,2016-02-18 16:25:00,2016-02-18 16:43:25,1,-73.96824554692864,40.6847381003722,-73.95997646474807,40.64675872030451,N,1105
id0003340,2,2016-05-16 02:04:00,2016-05-16 02:26:22,1,-74.04645193244356,40.74233235941235,-74.03677381967847,40.83188027357101,N,1342
id0003341,1,2016-03-15 09:18:00,2016-03-15 09:27:54,2,-73.97596723233781,40.79238514824758,-73.94674536366533,40.77908372103497,N,594
id0003342,1,2016-05-07 11:58:00,2016-05-07 12:14:41,1,-73.9966786012865,40.8339398867769,-73.97249546243265,40.783967335897614,N,1001
id0003343,1,2016-02-13 03:56:00,2016-02-13 04:10:23,1,-74.02133227758473,40.79319577075927,-73.95720702737124,40.79408119678908,N,863
id0003344,2,2016-04-29 19:44:00,2016-04-29 20:15:11,1,-74.0108814867306,40.691928130805906,-74.11578983959053,40.66050499972979,N,1871
id0003345,2,2016-04-11 13:16:00,2016-04-11 13:24:02,1,-73.99350035401528,40.747543474228046,-73.97468940549524,40.77780164621663,N,482
id0003346,1,2016-01-09 13:26:00,2016-01-09 13:35:12,1,-74.02723100819098,40.76954854714867,-74.00529751278489,40.738414479870166,N,552
id0003347,1,2016-02-28 17:56:00,2016-02-28 18:01:33,1,-73.9846098038571,40.765991600261565,-73.99519511932094,40.775467280116295,N,333
id0003348,2,2016-02-24 03:13:00,2016-02-24 03:40:01,3,-74.00029971419163,40.78226870488243,-74.10218015260392,40.7421216385919,N,1621
id0003349,1,2016-04-17 15:04:00,2016-04-17 15:37:45,1,-74.01862053953869,40.71673279740927,-74.0213653645235,40.80769878247694,N,2025
id0003350,2,2016-03-20 18:28:00,2016-03-20 18:39:56,1,-73.89755867713534,40.76092243893979,-73.92953391145639,40.77854926914074,N,716
id0003351,1,2016-03-27 23:59:00,2016-03-28 00:14:52,1,-73.96216180425911,40.776914527339926,-73.88665381081255,40.77182182442804,N,952
id0003352,1,2016-01-31 20:28:00,2016-01-31 20:33:54,2,-74.00604917279426,40.79515519289867,-73.989161061152,40.78490165412657,N,354
id0003353,2,2016-06-18 01:30:00,2016-06-18 01:42:47,2,-73.97697767630464,40.72174268250243,-74.01277449354188,40.702366683088705,N,767
id0003354,1,2016-05-16 10:46:00,2016-05-16 11:07:43,1,-74.04147510752254,40.74246794097407,-74.13384413273833,40.71583596918081,N,1303
id0003355,1,2016-05-01 22:38:00,2016-05-01 22:50:21,1,-74.00902243837282,40.636328204396705,-73.982444642673,40.60873431898036,N,741
id0003356,2,2016-02-20 04:04:00,2016-02-20 04:19:45,3,-74.0026042597741,40.730034211459,-73.97127754605563,40.788775721225164,N,945
id0003357,1,2016-05-04 05:34:00,2016-05-04 05:40:54,1,-74.05357366504504,40.73440132981631,-74.06328362334695,40.71505984129607,N,414
id0003358,1,2016-02-12 18:05:00,2016-02-12 18:35:09,1,-73.9636955273603,40.71211869713247,-73.9365301306633,40.637589035400126,N,1809
id0003359,2,2016-03-29 12:53:00,2016-03-29 13:07:27,1,-74.01280869864371,40.76545254676047,-74.02848087242455,40.72464367652967,N,867
id0003360,2,2016-02-18 19:42:00,2016-02-18 20:02:03,1,-74.0045506667096,40.75548245555797,-73.95652597932704,40.78795281725794,N,1203
id0003361,1,2016-02-25 04:08:00,2016-02-25 04:22:16,1,-74.01627959225178,40.65633537550901,-73.9716087746421,40.647504033528314,N,856
id0003362,1,2016-04-28 04:33:00,2016-04-28 04:53:31,1,-73.82225001751463,40.76769785861858,-73.89600165922776,40.76300500261381,N,1231
id0003363,2,2016-02-27 03:23:00,2016-02-27 03:37:22,1,-74.02144383325957,40.7162254141145,-74.08422746623691,40.757168919914164,N,862
id0003364,1,2016-05-12 21:13:00,2016-05-12 21:32:37,1,-74.09877723246372,40.77985600316357,-74.00736955492675,40.75265517254254,N,1177
id0003365,1,2016-04-01 17:26:00,2016-04-01 17:40:40,2,-74.07299625840274,40.700316693852216,-74.03104742265153,40.7224513141268,N,880
id0003366,2,2016-06-27 13:22:00,2016-06-27 13:37:09,1,-73.94323835575175,40.7593502942339,-74.00004550097803,40.73597438399133,N,909
id0003367,2,2016-02-04 22:16:00,2016-02-04 22:31:49,2,-73.91149510195743,40.74525765020011,-73.98216220368646,40.76541333248644,N,949
id0003368,1,2016-06-20 23:07:00,2016-06-20 23:13:49,1,-74.0224988455255,40.771639584822765,-74.01314910257305,40.75794985104583,N,409
id0003369,1,2016-01-25 02:26:00,2016-01-25 02:37:04,1,-73.91465776817004,40.763611377494314,-73.96606196080434,40.755157156374366,N,664
id0003370,1,2016-04-10 01:01:00,2016-04-10 01:10:18,1,-73.94421255000866,40.74651761212404,-73.95846438246528,40.77522229013693,N,558
id0003371,1,2016-03-08 18:29:00,2016-03-08 18:38:54,2,-73.99542140720423,40.68886774586801,-73.99754897073626,40.7150486141369,N,594
id0003372,1,2016-05-16 22:02:00,2016-05-16 22:05:06,1,-73.99932454560738,40.691525641644255,-74.0033942731063,40.685735662155096,N,186
id0003373,1,2016-01-24 17:55:00,2016-01-24 18:24:03,1,-73.97505213754714,40.731725087740855,-73.92435791486693,40.715218259291035,N,1743
id0003374,1,2016-02-16 08:47:00,2016-02-16 09:11:53,6,-73.93673992978155,40.75762740522317,-73.8541758990209,40.813597570680024,N,1493
id0003375,2,2016-02-11 23:57:00,2016-02-12 00:06:19,1,-73.96314879889228,40.73062884237604,-73.98470010226973,40.75125542077847,N,559
id0003376,1,2016-06-16 13:49:00,2016-06-16 14:04:07,1,-74.02222445659893,40.78613453687608,-74.07310411897008,40.772444573573054,N,907
id0003377,2,2016-04-07 08:59:00,2016-04-07 09:17:13,2,-73.99458138758645,40.74543505863548,-73.97708331061219,40.72257710592034,N,1093
id0003378,1,2016-01-30 21:20:00,2016-01-30 21:40:17,1,-73.87603050999029,40.714574427384925,-73.80261390484037,40.7504458401279,N,1217
id0003379,1,2016-05-23 19:08:00,2016-05-23 19:17:11,1,-73.97118324114871,40.74548566681555,-73.98932792318399,40.74952466982741,N,551
id0003380,2,2016-02-21 23:22:00,2016-02-21 23:31:35,6,-73.93718710152146,40.768163692634246,-73.89892095138082,40.762439337804835,N,575
id0003381,2,2016-02-10 21:48:00,2016-02-10 21:56:22,1,-73.95530632570129,40.77261981234711,-73.99297742736532,40.7766439434918,N,502
id0003382,1,2016-03-30 23:15:00,2016-03-30 23:20:29,1,-73.96996532408012,40.842527060939695,-73.96900811251561,40.85434995155199,N,329
id0003383,1,2016-05-24 01:59:00,2016-05-24 02:06:42,1,-73.97902156049918,40.727899079699846,-74.03130896320269,40.72591495953977,N,462
id0003384,1,2016-06-01 19:08:00,2016-06-01 19:25:01,3,-73.93564351560713,40.75469346022844,-73.93515607288556,40.79682250056794,N,1021
id0003385,2,2016-01-03 19:53:00,2016-01-03 20:13:12,1,-73.94547467705792,40.777175577606876,-73.95071515110011,40.8212524242743,N,1212
id0003386,2,2016-06-12 10:48:00,2016-06-12 11:02:02,1,-73.97048585870937,40.756945966835964,-73.94312032824708,40.77556205100803,N,842
id0003387,2,2016-06-30 10:59:00,2016-06-30 11:19:24,4,-74.02315693890513,40.73547218343052,-73.9431441665141,40.78358734809786,N,1224
id0003388,1,2016-02-28 09:39:00,2016-02-28 09:44:43,2,-73.96379426569483,40.68828342706451,-73.98129455963576,40.68858081394935,N,343
id0003389,1,2016-04-04 01:59:00,2016-04-04 02:18:25,1,-73.98868543650575,40.73501244484262,-74.0786732481363,40.75917403001778,N,1165
id0003390,1,2016-03-09 12:04:00,2016-03-09 12:15:41,2,-74.00195407512398,40.7096833914277,-74.01104875013705,40.74483936258822,N,701
id0003391,1,2016-03-27 14:40:00,2016-03-27 14:56:54,1,-73.83766732137687,40.68030269934943,-73.82419802831988,40.71596903915001,N,1014
id0003392,1,2016-04-28 17:22:00,2016-04-28 17:40:05,4,-74.06964782192394,40.722194452124825,-74.06056231795239,40.754254422295666,N,1085
id0003393,2,2016-04-28 09:37:00,2016-04-28 09:48:51,1,-73.93228179275184,40.71088087256551,-73.93936581921467,40.73297249435837,N,711
id0003394,1,2016-03-27 09:25:00,2016-03-27 10:05:09,1,-74.03244690193397,40.78427039453818,-73.96549972959814,40.85276987858552,N,2409
id0003395,2,2016-03-27 11:34:00,2016-03-27 11:40:15,1,-73.97778424808611,40.785049132683646,-73.97165459379205,40.76615978019935,N,375
id0003396,2,2016-03-29 22:04:00,2016-03-29 22:08:29,1,-73.84372768645004,40.71732543196887,-73.8484435183804,40.71189270440426,N,269
id0003397,2,2016-03-15 06:14:00,2016-03-15 06:21:54,1,-74.03793029471532,40.74628971162466,-74.07292707042272,40.738781844941904,N,474
id0003398,2,2016-01-23 10:09:00,2016-01-23 10:29:48,2,-74.0248129960155,40.674379080204936,-74.10341497694586,40.661496730138204,N,1248
id0003399,1,2016-03-08 12:27:00,2016-03-08 12:44:32,1,-73.98596325554334,40.735754702241785,-73.97114781840904,40.66614768072226,N,1052
id0003400,1,2016-05-10 05:26:00,2016-05-10 05:40:05,3,-74.03159693266973,40.77595418553161,-74.0205531271757,40.8240744537314,N,845
id0003401,2,2016-06-26 23:10:00,2016-06-26 23:22:13,1,-73.93637690069828,40.79512220503264,-73.98404677477005,40.75921078896602,N,733
id0003402,2,2016-05-27 21:48:00,2016-05-27 21:51:40,1,-74.01439911898348,40.72591288132389,-74.01639587516331,40.73185640313001,N,220
id0003403,1,2016-06-05 19:01:00,2016-06-05 19:19:07,1,-73.94902946979178,40.80533346872374,-73.9555027843005,40.75556832750512,N,1087
id0003404,2,2016-05-22 12:35:00,2016-05-22 12:44:35,1,-74.058105402249,40.6897938635319,-74.0862079258474,40.71151891410709,N,575
id0003405,2,2016-04-01 10:31:00,2016-04-01 10:44:23,1,-74.08437573261848,40.701856749038534,-74.1200747147102,40.674367887780626,N,803
id0003406,1,2016-05-04 03:02:00,2016-05-04 03:13:37,1,-73.99759417384242,40.789934783953704,-73.9793654986427,40.750176116609886,N,697
id0003407,2,2016-06-01 05:37:00,2016-06-01 05:43:38,1,-74.07126793109207,40.83320045528535,-74.08142945766183,40.84000247654221,N,398
id0003408,1,2016-02-10 13:38:00,2016-02-10 13:45:14,1,-73.9014952097979,40.78020443946827,-73.92808992141215,40.75567872915138,N,434
id0003409,2,2016-01-28 03:13:00,2016-01-28 03:22:15,4,-74.06913919197723,40.75618459260597,-74.10791443313539,40.73608902424294,N,555
id0003410,2,2016-02-18 11:28:00,2016-02-18 11:32:02,2,-74.04207276782189,40.6592167314065,-74.0479220957812,40.66522936793849,N,242
id0003411,2,2016-04-06 08:36:00,2016-04-06 08:51:34,2,-73.96225090629889,40.66698988247805,-73.92064914569976,40.69498951335525,N,934
id0003412,1,2016-05-23 02:07:00,2016-05-23 02:13:23,1,-74.0172500172534,40.76382342916032,-74.0079512139138,40.73517941208481,N,383
id0003413,2,2016-03-22 22:20:00,2016-03-22 22:28:40,2,-74.06851133834272,40.7418871798693,-74.07918182933157,40.7071954432796,N,520
id0003414,2,2016-06-27 21:10:00,2016-06-27 21:14:10,2,-73.87280197119604,40.70823741680316,-73.85891990209046,40.709059345137035,N,250
id0003415,1,2016-02-29 03:05:00,2016-02-29 03:20:03,1,-74.04008985917378,40.760948966137356,-73.97869253351374,40.77982280644639,N,903
id0003416,2,2016-03-25 01:51:00,2016-03-25 02:13:26,1,-73.99579417941231,40.76318091153785,-73.9737255478292,40.81437734325297,N,1346
id0003417,2,2016-06-16 03:44:00,2016-06-16 03:55:07,3,-73.99650558860583,40.80049871408431,-73.98479654443506,40.763002178144035,N,667
id0003418,1,2016-02-01 01:40:00,2016-02-01 01:49:46,3,-73.94593299664184,40.76414710273558,-73.91719916895015,40.75301825419111,N,586
id0003419,1,2016-05-31 12:19:00,2016-05-31 12:33:16,2,-73.9595706146631,40.81327774657505,-73.9666812328066,40.854430257452684,N,856
id0003420,2,2016-01-28 11:36:00,2016-01-28 12:04:10,1,-74.03047405707521,40.7583597313297,-74.02219100514058,40.82741804009455,N,1690
id0003421,1,2016-06-14 02:09:00,2016-06-14 02:19:44,2,-74.00292049695938,40.75280992523367,-74.02492349103395,40.71805174025786,N,644
id0003422,2,2016-02-28 19:49:00,2016-02-28 20:15:54,1,-73.9974807338448,40.80589404838113,-74.0672556333049,40.78003563118789,N,1614
id0003423,1,2016-04-25 14:37:00,2016-04-25 14:48:19,1,-73.94380722759908,40.71397016039814,-73.92837961424165,40.727308663709486,N,679
id0003424,1,2016-05-09 12:43:00,2016-05-09 12:51:31,1,-74.04925770531722,40.88465013539698,-74.03365710151762,40.86442912542022,N,511
id0003425,1,2016-03-09 11:20:00,2016-03-09 11:33:16,1,-73.87400391937844,40.7748865865175,-73.8869510025006,40.748313475109654,N,796
id0003426,2,2016-04-10 03:40:00,2016-04-10 03:53:54,1,-74.02675508631027,40.775137316377695,-73.9801431382232,40.783693787600605,N,834
id0003427,1,2016-05-17 17:45:00,2016-05-17 18:07:41,1,-73.98548121682161,40.78162931882877,-74.01795336626039,40.835859017209664,N,1361
id0003428,1,2016-06-08 09:48:00,2016-06-08 10:20:45,2,-74.04879941918313,40.84247114138993,-74.12851171771703,40.79663926106145,N,1965
id0003429,2,2016-01-20 18:13:00,2016-01-20 18:39:31,1,-74.05639874564024,40.79366283352527,-74.08776895870372,40.84610452729755,N,1591
id0003430,2,2016-03-31 04:08:00,2016-03-31 04:26:32,1,-74.03309356249927,40.68577248094483,-74.10243583111411,40.665655558294425,N,1112
id0003431,1,2016-06-04 06:15:00,2016-06-04 06:21:56,1,-74.03837877697153,40.82115616731454,-74.02316714097445,40.833258884558575,N,416
id0003432,1,2016-04-11 04:07:00,2016-04-11 04:23:24,5,-74.00778413632851,40.742659653924974,-74.04162764046526,40.79833942916354,N,984
id0003433,1,2016-01-06 05:42:00,2016-01-06 05:52:23,3,-74.03884307658201,40.76282197827777,-73.9945320629197,40.77420830400835,N,623
id0003434,2,2016-01-23 20:12:00,2016-01-23 20:21:23,1,-73.94674461682882,40.70043357125211,-73.90337367071365,40.69002138456514,N,563
id0003435,1,2016-05-28 21:57:00,2016-05-28 22:10:36,1,-74.02806411424251,40.78167909081558,-74.06968794843823,40.8068152376099,N,816
id0003436,2,2016-03-18 01:12:00,2016-03-18 01:20:02,2,-74.03415985213985,40.728688156946966,-74.07052466098634,40.72262733986533,N,482
id0003437,2,2016-05-08 02:48:00,2016-05-08 02:56:32,1,-74.00661328752645,40.76250763370971,-73.98256350315569,40.780754920445524,N,512
id0003438,2,2016-06-11 10:59:00,2016-06-11 11:07:38,1,-73.9303938616717,40.745215544758764,-73.88630107150654,40.738051709815544,N,518
id0003439,2,2016-01-17 02:23:00,2016-01-17 02:38:53,1,-73.97318181045142,40.844625576078116,-74.06374973797446,40.87476592747273,N,953
id0003440,1,2016-03-23 19:55:00,2016-03-23 20:22:43,1,-73.9904829241438,40.84720171350656,-73.97780773499248,40.7984036042673,N,1663
id0003441,2,2016-01-27 18:05:00,2016-01-27 18:33:42,1,-74.06381746234828,40.760093092659666,-74.15,40.72461983581639,N,1722
id0003442,1,2016-06-02 06:45:00,2016-06-02 07:04:42,1,-74.0478489652925,40.7608789970116,-74.07253219023795,40.711566502141224,N,1182
id0003443,2,2016-03-23 08:02:00,2016-03-23 08:18:32,1,-74.05531254670218,40.74119506651427,-74.00609799034686,40.7392200364924,N,992
id0003444,1,2016-06-08 13:13:00,2016-06-08 13:48:10,1,-73.91312318269802,40.80777028311763,-73.77768352669415,40.754236445459284,N,2110
id0003445,2,2016-02-24 13:51:00,2016-02-24 13:59:38,1,-73.95581902822776,40.743198605835,-73.96656610076447,40.718984500707656,N,518
id0003446,2,2016-01-27 10:46:00,2016-01-27 11:03:44,1,-74.03238912799083,40.73903982264095,-74.08850934251748,40.70027702148104,N,1064
id0003447,1,2016-06-06 20:20:00,2016-06-06 20:38:53,1,-74.0160404404104,40.80203667886492,-74.03914758825908,40.85382534689878,N,1133
id0003448,1,2016-04-21 14:26:00,2016-04-21 14:38:51,1,-74.03039095969305,40.73377654071076,-74.02741782373124,40.6991027283846,N,771
id0003449,2,2016-02-05 02:17:00,2016-02-05 02:30:03,1,-74.03372236690093,40.75630102344982,-74.06388322268018,40.711271923847505,N,783
id0003450,2,2016-05-06 08:36:00,2016-05-06 08:51:59,1,-73.95968344328311,40.686841014832005,-74.0013005087022,40.695532863513805,N,959
id0003451,1,2016-03-16 21:48:00,2016-03-16 22:08:50,6,-74.00081449214314,40.78968856553055,-74.02002274243439,40.8487273059402,N,1250
id0003452,1,2016-01-09 11:41:00,2016-01-09 11:45:51,1,-73.87053577406364,40.84533901226319,-73.8527347970835,40.84127666448959,N,291
id0003453,1,2016-02-17 09:44:00,2016-02-17 09:46:58,1,-73.91623020965156,40.79045514177599,-73.9238536119091,40.7890999660493,N,178
id0003454,2,2016-05-16 12:22:00,2016-05-16 12:38:51,1,-73.91297858127433,40.82378096253963,-73.95265070727852,40.868957473677376,N,1011
id0003455,2,2016-01-24 03:31:00,2016-01-24 03:42:51,1,-73.94807536637785,40.719925403872026,-73.97822817886372,40.7506634307096,N,711
id0003456,1,2016-03-02 10:51:00,2016-03-02 11:01:08,3,-74.0082462488779,40.76863459269127,-74.02686988361306,40.78352411715269,N,608
id0003457,1,2016-02-17 06:33:00,2016-02-17 06:44:28,1,-73.95212150135087,40.71555780340338,-73.99709568924216,40.69517587790937,N,688
id0003458,1,2016-05-13 09:28:00,2016-05-13 09:48:04,1,-74.00418579819907,40.74775055044884,-74.03600732303653,40.763709077168876,N,1204
id0003459,2,2016-06-05 12:25:00,2016-06-05 12:44:57,1,-73.89533481720994,40.79274951648087,-73.86637119718277,40.74512207314352,N,1197
id0003460,2,2016-05-23 08:09:00,2016-05-23 08:18:19,1,-73.96276463393225,40.76258192758965,-73.9731290771874,40.74075328336091,N,559
id0003461,1,2016-05-10 05:18:00,2016-05-10 05:37:57,1,-73.97057018027684,40.69443115398295,-74.04947709343561,40.744532346766384,N,1197
id0003462,1,2016-01-17 07:09:00,2016-01-17 07:33:24,1,-73.97801100356638,40.698823690250805,-73.93188831210846,40.74439343421675,N,1464
id0003463,2,2016-06-15 09:24:00,2016-06-15 09:40:15,5,-73.88928534649516,40.69584762308292,-73.87053295460483,40.711159587559656,N,975
id0003464,2,2016-01-30 10:51:00,2016-01-30 11:13:09,1,-74.06385626836102,40.780115366547285,-74.12609725172965,40.712587986299106,N,1329
id0003465,1,2016-03-14 18:15:00,2016-03-14 18:38:11,1,-73.88389416947822,40.85087525410455,-73.90033622475335,40.808587500625144,N,1391
id0003466,2,2016-05-30 15:46:00,2016-05-30 16:00:45,1,-73.99523845940998,40.81931062098001,-74.03088290671758,40.79552908597852,N,885
id0003467,2,2016-02-13 18:07:00,2016-02-13 18:23:24,1,-74.06233819366986,40.67268066603843,-74.03187743676128,40.666671199941575,N,984
id0003468,2,2016-02-09 11:02:00,2016-02-09 11:20:07,1,-74.02637153524037,40.82194841721314,-74.04309588541251,40.77818402694543,N,1087
id0003469,2,2016-01-05 18:57:00,2016-01-05 19:03:05,1,-74.07579439944979,40.800138018765665,-74.07906919947466,40.79151703844029,N,365
id0003470,1,2016-03-06 04:39:00,2016-03-06 04:52:17,5,-73.94904887899278,40.68846150245121,-73.95756262788568,40.75031683578665,N,797
id0003471,1,2016-03-31 02:50:00,2016-03-31 03:07:36,1,-74.04210611226905,40.74435592724803,-74.1087121661067,40.758385182938085,N,1056
id0003472,1,2016-03-26 01:35:00,2016-03-26 01:48:39,1,-73.97572327835874,40.80729850851731,-73.91248045080067,40.81495744053095,N,819
id0003473,1,2016-01-08 05:32:00,2016-01-08 05:42:01,1,-73.92261806334088,40.782769507992064,-73.89281321076761,40.747155068326414,N,601
id0003474,2,2016-02-07 07:17:00,2016-02-07 07:45:22,1,-74.02196093107113,40.699090722642545,-74.05559319311838,40.641726255107606,N,1702
id0003475,2,2016-01-01 18:40:00,2016-01-01 19:08:44,1,-73.99974570311635,40.78548339701083,-73.99111191667156,40.742496522116824,N,1724
id0003476,1,2016-02-10 22:41:00,2016-02-10 23:02:18,4,-74.05668516354538,40.661812473176376,-74.01284985737725,40.60303385299494,N,1278
id0003477,1,2016-04-20 01:21:00,2016-04-20 01:24:03,1,-74.00635964099232,40.74797300209093,-74.00385129541823,40.75059923626938,N,183
id0003478,2,2016-01-02 14:06:00,2016-01-02 14:25:10,1,-73.84342870060996,40.80920805462301,-73.7733747622099,40.82264405777726,N,1150
id0003479,1,2016-01-30 23:57:00,2016-01-31 00:18:18,2,-73.94221367597393,40.75882773970071,-73.81091038808763,40.725042591352036,N,1278
id0003480,1,2016-04-09 00:12:00,2016-04-09 00:15:39,1,-73.99956017303914,40.73554781025172,-74.00523565115516,40.74072498714854,N,219
id0003481,2,2016-04-11 21:06:00,2016-04-11 21:19:19,1,-74.01864284198999,40.798020581419756,-74.04485668042683,40.84943536498788,N,799
id0003482,2,2016-06-12 02:42:00,2016-06-12 03:06:03,1,-73.9873448367611,40.8018638316789,-74.03186825310203,40.870383238661056,N,1443
id0003483,2,2016-04-14 09:08:00,2016-04-14 09:49:24,1,-73.97784720862936,40.81695178617902,-74.07745806666864,40.84391614845524,N,2484
id0003484,1,2016-06-17 12:14:00,2016-06-17 12:31:32,1,-74.00804883389301,40.79734540928009,-73.95188230657779,40.79122599164155,N,1052
id0003485,1,2016-05-11 17:43:00,2016-05-11 17:55:27,5,-73.95584674423259,40.80666186572717,-73.97175396568544,40.83249551426284,N,747
id0003486,2,2016-04-10 04:29:00,2016-04-10 04:43:55,2,-74.03743961195332,40.79098088508469,-73.99804860331716,40.83829423451342,N,895
id0003487,1,2016-03-10 17:30:00,2016-03-10 18:08:19,1,-74.03771132212414,40.76994878921025,-73.98927097443415,40.69969580438758,N,2299
id0003488,2,2016-01-21 06:10:00,2016-01-21 06:25:26,4,-73.96463924986224,40.762027904989374,-74.01328291020914,40.813900321312246,N,926
id0003489,1,2016-05-08 08:07:00,2016-05-08 08:23:02,1,-74.04927529644604,40.74732331264062,-74.09116193520957,40.72826277391986,N,962
id0003490,2,2016-06-19 17:29:00,2016-06-19 18:01:48,2,-73.94490405109256,40.70344342681231,-73.86639314106729,40.6847197233895,N,1968
id0003491,2,2016-03-07 14:32:00,2016-03-07 14:38:08,1,-73.98578543368183,40.71501098210311,-73.98893836542254,40.7025885030626,N,368
id0003492,1,2016-03-05 16:50:00,2016-03-05 17:00:48,1,-74.08553500702945,40.745309348312915,-74.11524794619979,40.75651229317007,N,648
id0003493,1,2016-01-18 19:08:00,2016-01-18 19:37:55,1,-73.97897754809415,40.768865347182114,-74.02601034636484,40.729971448302656,N,1795
id0003494,1,2016-04-18 18:35:00,2016-04-18 18:42:20,1,-74.0776830643524,40.8228365669102,-74.08404857447044,40.81286807569602,N,440
id0003495,1,2016-02-26 10:02:00,2016-02-26 10:21:19,4,-73.94686508946894,40.7561191247456,-73.87900984052492,40.77450382697303,N,1159
id0003496,2,2016-01-02 20:23:00,2016-01-02 20:32:32,1,-73.99867928810878,40.8031564330895,-73.96783457892944,40.81080642681409,N,572
id0003497,1,2016-01-02 09:03:00,2016-01-02 09:13:56,5,-73.88319036809213,40.80656920453945,-73.87501106250815,40.8198977125421,N,656
id0003498,1,2016-03-02 01:50:00,2016-03-02 02:01:22,1,-73.9260777935595,40.74758489410401,-73.8545943510979,40.73624598917066,N,682
id0003499,2,2016-03-25 04:01:00,2016-03-25 04:22:22,1,-74.04333808784276,40.78476105951166,-73.98052820541908,40.80904090784785,N,1282
id0003500,1,2016-03-24 04:57:00,2016-03-24 05:05:21,1,-74.09614069251128,40.747041238122385,-74.08110519302878,40.78401580239249,N,501
id0003501,1,2016-05-14 17:40:00,2016-05-14 18:21:27,1,-74.02653056912352,40.81749611523353,-73.9016051845344,40.852371491159225,N,2487
id0003502,2,2016-04-06 02:33:00,2016-04-06 02:38:55,1,-74.05216922315567,40.78661295022197,-74.06330326515739,40.80157930837148,N,355
id0003503,2,2016-05-22 19:46:00,2016-05-22 20:16:42,1,-73.88458440522176,40.704428231039024,-73.8351731228496,40.73728947234435,N,1842
id0003504,1,2016-02-24 01:21:00,2016-02-24 01:28:38,2,-73.9855673062604,40.765268609346926,-74.0032521534873,40.79575572979094,N,458
id0003505,1,2016-02-12 05:47:00,2016-02-12 06:11:57,1,-73.93366196576993,40.832165047282075,-73.89303378613106,40.92584282401602,N,1497
id0003506,2,2016-04-08 04:47:00,2016-04-08 05:03:47,1,-74.00067670019028,40.7498446034454,-74.0118541234507,40.79247695089711,N,1007
id0003507,2,2016-01-20 05:26:00,2016-01-20 05:31:40,1,-73.99488171185544,40.77814717635428,-73.97412013763918,40.775041131572046,N,340
id0003508,1,2016-05-19 03:24:00,2016-05-19 03:43:19,1,-73.98679448623798,40.782564547698264,-73.87923837029327,40.750655772641124,N,1159
id0003509,1,2016-02-03 17:57:00,2016-02-03 18:09:40,4,-73.92414033747741,40.711351969537596,-73.88130700641526,40.70221206062103,N,760
id0003510,1,2016-06-15 13:09:00,2016-06-15 13:19:33,1,-73.9678606384379,40.78098185771461,-73.94640278836685,40.769369387768606,N,633
id0003511,2,2016-06-28 00:51:00,2016-06-28 01:01:34,1,-74.04315336139122,40.69527741815845,-74.07801498703925,40.71317720802885,N,634
id0003512,2,2016-04-07 19:46:00,2016-04-07 20:01:36,1,-73.89576172240524,40.72984691521194,-73.88729143070259,40.70533794663031,N,936
id0003513,2,2016-02-26 19:15:00,2016-02-26 19:39:08,1,-74.00110485244424,40.80640753353724,-74.04646496501509,40.848133734540454,N,1448
id0003514,2,2016-03-02 15:20:00,2016-03-02 15:40:44,1,-74.01005360681322,40.77405403306388,-73.97013967114255,40.725419327857544,N,1244
id0003515,1,2016-03-19 03:06:00,2016-03-19 03:25:20,1,-74.1,40.74429849865141,-74.06121550621395,40.687160118880335,N,1160
id0003516,1,2016-03-28 05:28:00,2016-03-28 05:33:52,2,-73.95010802248612,40.778090745956035,-73.95819161755223,40.77336168567865,N,352
id0003517,1,2016-01-14 18:20:00,2016-01-14 18:44:09,1,-73.9794443048186,40.75529584885102,-73.90458536540883,40.72580628212918,N,1449
id0003518,1,2016-02-05 22:51:00,2016-02-05 23:15:45,1,-73.9795040888869,40.758566032605835,-73.91097376576525,40.71452784771638,N,1485
id0003519,2,2016-05-23 15:47:00,2016-05-23 15:56:46,1,-74.0071553569111,40.78755683370241,-74.00042125998102,40.76525938527724,N,586
id0003520,2,2016-01-10 14:12:00,2016-01-10 14:21:26,1,-74.0166369812073,40.72526845167034,-73.99118898073284,40.698616447652576,N,566
id0003521,1,2016-03-22 15:00:00,2016-03-22 15:10:00,2,-74.00532692347568,40.75981513824996,-74.03180749828303,40.76016983984316,N,600
id0003522,2,2016-06-08 06:07:00,2016-06-08 06:16:20,4,-73.959526152088,40.7439479312427,-73.97177427581634,40.7222314536517,N,560
id0003523,2,2016-01-16 21:45:00,2016-01-16 22:00:49,1,-73.94984852248317,40.68664784814299,-73.99835886961152,40.66777814560424,N,949
id0003524,1,2016-06-17 10:45:00,2016-06-17 10:53:27,1,-73.9977067373606,40.71657949096878,-74.01923190189805,40.71640919083104,N,507
id0003525,2,2016-03-27 01:48:00,2016-03-27 01:59:17,2,-73.93280843781258,40.828569290117876,-73.9375059367041,40.864067745093614,N,677
id0003526,1,2016-03-18 01:23:00,2016-03-18 01:48:18,1,-73.98934357995596,40.77531254915634,-74.06406010605544,40.82678864044845,N,1518
id0003527,1,2016-05-09 19:35:00,2016-05-09 19:48:01,1,-74.0127324529968,40.69843852643694,-73.98677582412198,40.70361039112388,N,781
id0003528,1,2016-05-21 10:49:00,2016-05-21 11:00:56,1,-73.97408714338009,40.688684053086824,-73.9280913712064,40.696578062243795,N,716
id0003529,1,2016-03-27 02:13:00,2016-03-27 02:16:41,1,-74.05976625301716,40.75295262449502,-74.06012255108809,40.74654107888967,N,221
id0003530,1,2016-01-16 03:04:00,2016-01-16 03:27:52,1,-73.97220049300064,40.828253393992945,-74.09357638563037,40.84509709569501,N,1432
id0003531,1,2016-06-25 06:59:00,2016-06-25 07:07:21,1,-74.06982001580396,40.74959588393381,-74.08120469020264,40.76325356155425,N,501
id0003532,2,2016-01-02 14:36:00,2016-01-02 14:54:35,5,-74.0415249827991,40.816814979903185,-74.10422736235564,40.86321964881128,N,1115
id0003533,2,2016-06-07 15:25:00,2016-06-07 15:44:39,1,-74.09602802736941,40.773836884686844,-74.12346088383357,40.7077322226664,N,1179
id0003534,1,2016-03-19 23:55:00,2016-03-20 00:05:01,1,-73.99463143239693,40.77920627060307,-73.92929429886864,40.77099884957314,N,601
id0003535,1,2016-04-03 16:40:00,2016-04-03 17:11:56,1,-73.896470146373,40.6978925770813,-74.00602143510213,40.709764222500766,N,1916
id0003536,1,2016-05-19 05:39:00,2016-05-19 05:46:08,1,-73.99143921635948,40.80018853147874,-74.0281755299794,40.799268592964765,N,428
id0003537,2,2016-06-20 04:08:00,2016-06-20 04:21:41,5,-73.94960280413117,40.74292805832269,-73.9122721715977,40.71005700219933,N,821
id0003538,2,2016-01-28 09:01:00,2016-01-28 09:22:36,1,-73.85562273564781,40.796839160412496,-73.8872094110275,40.75136132663908,N,1296
id0003539,2,2016-05-27 16:08:00,2016-05-27 16:20:13,1,-73.96277692835339,40.72136235081063,-73.99780628632612,40.74958363572164,N,733
id0003540,2,2016-04-30 07:51:00,2016-04-30 08:14:11,2,-74.02708666245233,40.76596722063795,-73.935628384865,40.739474815874075,N,1391
id0003541,2,2016-03-08 00:36:00,2016-03-08 00:52:25,1,-74.01951627315047,40.7738401329272,-74.002488840447,40.7124186157245,N,985
id0003542,2,2016-03-18 11:36:00,2016-03-18 11:51:48,1,-73.98496379854774,40.75106850075409,-73.9429201900513,40.781048550854436,N,948
id0003543,1,2016-05-20 09:31:00,2016-05-20 09:43:10,1,-74.01980920548935,40.77620453368888,-73.99754906818501,40.7922689352045,N,730
id0003544,1,2016-01-26 11:38:00,2016-01-26 11:42:33,1,-74.01569478498973,40.74601213161634,-74.0084184023678,40.7419565382053,N,273
id0003545,1,2016-04-02 01:33:00,2016-04-02 01:47:22,1,-73.93081103499073,40.728792311113146,-73.87392991404198,40.69678300536651,N,862
id0003546,1,2016-05-11 10:30:00,2016-05-11 10:49:31,1,-73.92856140455753,40.83024675222573,-73.8428208073565,40.826276301707765,N,1171
id0003547,1,2016-04-08 02:50:00,2016-04-08 03:17:00,1,-74.07557908651268,40.805202878986265,-74.15,40.847748445004434,N,1620
id0003548,1,2016-03-22 12:14:00,2016-03-22 12:33:06,1,-74.02999932348452,40.723761086472834,-74.03158860451293,40.66724661146183,N,1146
id0003549,1,2016-04-04 18:04:00,2016-04-04 18:21:50,4,-74.01052024128023,40.78357999375176,-74.01246418495816,40.72884077716587,N,1070
id0003550,1,2016-04-03 02:21:00,2016-04-03 02:28:00,1,-73.95205010796091,40.72457945153845,-73.97136758354996,40.70260766523652,N,420
id0003551,1,2016-05-26 06:28:00,2016-05-26 06:39:53,1,-73.92213084263219,40.7046891910352,-73.87798311430588,40.70375666199744,N,713
id0003552,2,2016-05-29 09:53:00,2016-05-29 10:04:42,1,-73.83639176361494,40.804521424862955,-73.82483181790158,40.787151208437024,N,702
id0003553,2,2016-06-16 04:19:00,2016-06-16 04:38:32,1,-74.01061203129555,40.68131551684587,-73.92396575239563,40.703814096976714,N,1172
id0003554,1,2016-01-14 03:02:00,2016-01-14 03:16:35,1,-74.0078650792888,40.79970851611095,-73.95835309087047,40.83781770416664,N,875
id0003555,1,2016-02-28 03:39:00,2016-02-28 03:49:59,1,-73.95262864913992,40.74662749593421,-73.89121703943943,40.75638440304547,N,659
id0003556,2,2016-06-08 13:44:00,2016-06-08 14:01:06,1,-74.02252191954251,40.74848040286138,-74.0764843094419,40.76809553489284,N,1026
id0003557,1,2016-04-26 19:54:00,2016-04-26 20:05:07,1,-73.99275290238198,40.77643880488305,-74.02902676896275,40.78596228920388,N,667
id0003558,1,2016-03-09 13:55:00,2016-03-09 14:05:21,1,-74.00782709598309,40.784153946539746,-74.04039321145223,40.784486729721785,N,621
id0003559,2,2016-04-24 08:53:00,2016-04-24 09:20:44,1,-74.1,40.7208145570427,-74.04045965389872,40.675540002549184,N,1664
id0003560,1,2016-03-25 07:01:00,2016-03-25 07:22:38,1,-73.97822217234166,40.790297652393754,-74.02174510521759,40.754317942627665,N,1298
id0003561,2,2016-06-10 12:35:00,2016-06-10 12:50:10,2,-73.99502985276165,40.763101674211136,-74.03723689847614,40.71581952751712,N,910
id0003562,1,2016-04-11 13:50:00,2016-04-11 14:04:33,1,-73.91508229223587,40.701477534320944,-73.96554328601889,40.696279866497306,N,873
id0003563,1,2016-03-22 09:25:00,2016-03-22 09:57:09,1,-73.9846980275855,40.750355648238916,-73.86081180273595,40.75848537933282,N,1929
id0003564,1,2016-04-23 11:46:00,2016-04-23 12:01:00,1,-74.05401111130728,40.820157555700156,-74.06041154724225,40.76943337223281,N,900
id0003565,1,2016-02-04 14:37:00,2016-02-04 14:45:56,1,-73.99919543801387,40.83344676592106,-73.97535047726872,40.83598759256963,N,536
id0003566,1,2016-05-20 06:36:00,2016-05-20 06:55:33,1,-74.1,40.790280680592396,-74.15,40.75964810910329,N,1173
id0003567,1,2016-02-06 23:04:00,2016-02-06 23:19:43,1,-74.05160048093597,40.70443454303243,-74.00843385293958,40.66701256600864,N,943
id0003568,2,2016-01-05 07:36:00,2016-01-05 08:06:09,1,-73.95004717175158,40.780077310610515,-74.0298621698875,40.75819008103089,N,1809
id0003569,1,2016-01-10 07:58:00,2016-01-10 08:22:28,1,-73.99860372419745,40.79628874067367,-74.04265884773147,40.75707206323159,N,1468
id0003570,2,2016-01-13 00:52:00,2016-01-13 00:59:43,1,-73.93426204682761,40.790656859249346,-73.96717387230385,40.81188992837792,N,463
id0003571,1,2016-01-19 07:58:00,2016-01-19 08:04:01,2,-74.0931790737983,40.79332294299096,-74.08332985456542,40.78744278835925,N,361
id0003572,2,2016-01-10 05:21:00,2016-01-10 05:35:18,1,-73.99833537685281,40.77434683856614,-74.03402408098673,40.80287933056071,N,858
id0003573,1,2016-02-24 19:43:00,2016-02-24 20:13:14,1,-74.01115318741132,40.754741444752625,-73.94257327286202,40.7392190724289,N,1814
id0003574,2,2016-06-23 20:44:00,2016-06-23 20:49:52,1,-73.93242832795627,40.73062346268432,-73.90978328375708,40.71642445051839,N,352
id0003575,2,2016-01-19 15:59:00,2016-01-19 16:18:00,1,-73.94799804775083,40.672592901667436,-73.97903020192462,40.73816129409591,N,1140
id0003576,2,2016-05-03 01:12:00,2016-05-03 01:28:23,1,-73.94967613174515,40.7732838795021,-73.90478336327706,40.71647676299329,N,983
id0003577,2,2016-06-07 12:55:00,2016-06-07 13:09:28,1,-73.90022244790538,40.76637237796435,-73.91792025361266,40.811329221484044,N,868
id0003578,2,2016-05-27 06:40:00,2016-05-27 06:57:59,1,-74.00524479101077,40.78309091292712,-74.03181443968657,40.84099925424473,N,1079
id0003579,1,2016-03-06 21:17:00,2016-03-06 21:28:32,2,-73.91157055405846,40.69781053380182,-73.87125884992116,40.72461414617097,N,692
id0003580,1,2016-01-10 14:26:00,2016-01-10 14:47:27,1,-74.04243133829839,40.78702575101918,-74.15,40.77545928459119,N,1287
id0003581,1,2016-03-08 01:27:00,2016-03-08 01:42:07,2,-74.04444827623712,40.85045452925794,-74.01138150823432,40.90039610176883,N,907
id0003582,2,2016-04-19 11:40:00,2016-04-19 11:49:37,3,-73.94359893856759,40.761530255885006,-73.9756882043072,40.750268608288856,N,577
id0003583,2,2016-05-17 20:47:00,2016-05-17 20:57:04,1,-74.06776074061248,40.75522506063571,-74.09991806927684,40.730522565135836,N,604
id0003584,2,2016-01-26 19:24:00,2016-01-26 20:01:34,2,-73.95349789043696,40.77190510602386,-73.86538172836543,40.75831571397715,N,2254
id0003585,2,2016-02-24 20:14:00,2016-02-24 20:22:32,1,-73.97942777434533,40.849455166111966,-74.00333234907497,40.829498385242815,N,512
id0003586,1,2016-04-19 11:18:00,2016-04-19 11:32:29,1,-73.92604809992397,40.711935850723506,-73.88303194144967,40.67880404135132,N,869
id0003587,2,2016-05-10 03:54:00,2016-05-10 04:04:18,5,-73.98826941807252,40.76714431200273,-73.97570340526009,40.80599458619654,N,618
id0003588,1,2016-02-26 14:05:00,2016-02-26 14:15:51,1,-73.98191730795375,40.72201541599661,-73.96468271181303,40.69494472365485,N,651
id0003589,2,2016-05-29 16:20:00,2016-05-29 16:24:44,4,-73.95699042538914,40.73338478756198,-73.96826482699136,40.732347142949735,N,284
id0003590,2,2016-05-25 22:17:00,2016-05-25 22:31:13,2,-74.02144572525329,40.75576843614532,-74.03506792285872,40.70523642001636,N,853
id0003591,2,2016-03-06 13:15:00,2016-03-06 13:28:57,3,-74.02384134691196,40.81862954587261,-73.95508186935469,40.81970791973383,N,837
id0003592,2,2016-04-07 13:35:00,2016-04-07 13:52:26,1,-73.95890638080861,40.839044577031,-73.91703567766814,40.7985871654832,N,1046
id0003593,2,2016-03-27 23:04:00,2016-03-27 23:20:32,1,-73.98661082950218,40.778166396508205,-74.00909647263923,40.73684939270582,N,992
id0003594,1,2016-05-01 17:23:00,2016-05-01 17:39:23,1,-74.00740226545173,40.741053237463944,-74.05446669178275,40.737228160610584,N,983
id0003595,1,2016-02-28 15:29:00,2016-02-28 15:42:43,1,-73.98955312548337,40.87017324899874,-74.0158544434855,40.90716727828007,N,823
id0003596,1,2016-02-29 23:36:00,2016-02-29 23:49:03,3,-73.89729922706888,40.738760048340176,-73.8531319399166,40.75417452741107,N,783
id0003597,2,2016-03-18 00:22:00,2016-03-18 00:37:52,1,-74.00936601237069,40.732298883853815,-73.9563248825107,40.750118097368464,N,952
id0003598,1,2016-02-09 06:47:00,2016-02-09 06:54:11,1,-74.01096107873052,40.67812756299396,-73.9859886166398,40.67358046169469,N,431
id0003599,2,2016-04-15 16:42:00,2016-04-15 17:03:00,6,-74.07890943235644,40.82082412061602,-74.15,40.80907671133575,N,1260
id0003600,2,2016-06-23 08:49:00,2016-06-23 09:10:17,1,-73.98732941159864,40.80157105165671,-73.95340935297484,40.82926097400401,N,1277
id0003601,1,2016-03-04 15:13:00,2016-03-04 15:27:03,2,-73.94887140688178,40.866801249125245,-73.89021038771965,40.84709004844402,N,843
id0003602,2,2016-06-05 16:46:00,2016-06-05 16:58:35,1,-73.93900910363755,40.69547144915019,-73.93119905908203,40.724676644555856,N,755
id0003603,2,2016-03-25 11:19:00,2016-03-25 11:47:14,1,-73.97904803191032,40.82361768633656,-73.88995689440824,40.86687582919925,N,1694
id0003604,1,2016-01-31 04:08:00,2016-01-31 04:23:40,1,-73.93242915348056,40.76115609832648,-73.99187283299645,40.73170756092233,N,940
id0003605,1,2016-03-31 07:30:00,2016-03-31 07:43:07,1,-73.94478232789659,40.79427450975601,-73.91396598947648,40.769968917408846,N,787
id0003606,2,2016-03-31 21:27:00,2016-03-31 21:40:39,2,-73.92378773736692,40.683850028650305,-73.96969769849775,40.664750685925796,N,819
id0003607,2,2016-01-05 11:01:00,2016-01-05 11:20:59,1,-73.93086335394874,40.82406368201994,-73.88322896806787,40.77271999011857,N,1199
id0003608,2,2016-03-28 05:47:00,2016-03-28 05:54:55,1,-73.8986511992141,40.79339325380994,-73.87107246070575,40.77696415820275,N,475
id0003609,1,2016-01-30 18:49:00,2016-01-30 19:25:58,3,-73.99433312416114,40.756249048434626,-73.91327211240682,40.80179978923731,N,2218
id0003610,2,2016-05-24 14:02:00,2016-05-24 14:13:03,1,-74.05798819232989,40.78703007094475,-74.03550130574801,40.75043492696302,N,663
id0003611,2,2016-04-08 12:43:00,2016-04-08 13:00:11,1,-73.9484954690973,40.7235527114531,-73.96667573991002,40.76993457525599,N,1031
id0003612,1,2016-02-25 08:36:00,2016-02-25 08:49:29,1,-73.94206957458725,40.73192519614883,-73.9641677341462,40.71675464012047,N,809
id0003613,1,2016-01-01 11:34:00,2016-01-01 11:59:54,5,-73.89865025336404,40.73714499238686,-73.90990822920962,40.81113623968545,N,1554
id0003614,2,2016-04-13 22:07:00,2016-04-13 22:17:33,4,-73.91452903041066,40.67462724622394,-73.93751161226582,40.6507637889379,N,633
id0003615,2,2016-05-08 03:55:00,2016-05-08 04:06:23,1,-73.87799901492745,40.79677913223915,-73.81737911123932,40.79173976399537,N,683
id0003616,2,2016-03-18 04:23:00,2016-03-18 04:38:17,1,-73.95090803108204,40.81162171263822,-73.89350430862775,40.779765305356484,N,917
id0003617,2,2016-06-13 19:04:00,2016-06-13 19:25:05,6,-73.97241541744337,40.72643951326063,-74.03976095246578,40.702369986185126,N,1265
id0003618,1,2016-02-05 17:15:00,2016-02-05 17:36:08,4,-74.06117407167291,40.77366913571752,-74.05944786523419,40.820505406557565,N,1268
id0003619,1,2016-05-17 07:57:00,2016-05-17 08:05:41,1,-73.96805469060172,40.74605067864169,-73.96524257234572,40.76265946262155,N,521
id0003620,2,2016-03-31 05:08:00,2016-03-31 05:21:04,1,-74.01538768462792,40.77277232829365,-74.05054597230895,40.80878095056486,N,784
id0003621,1,2016-02-27 04:12:00,2016-02-27 04:28:29,1,-73.97336694926122,40.72975902414551,-73.9536456996179,40.683713398610855,N,989
id0003622,1,2016-02-22 10:48:00,2016-02-22 10:59:33,1,-73.98200177475297,40.71824586797606,-73.91626348705071,40.74116486383659,N,693
id0003623,1,2016-03-22 20:54:00,2016-03-22 21:05:28,1,-73.95905465261325,40.80534336987107,-73.91892324833535,40.77134285378585,N,688
id0003624,1,2016-01-15 15:56:00,2016-01-15 16:14:20,1,-73.99035318902462,40.7551258236694,-73.92973511152222,40.708319675713255,N,1100
id0003625,2,2016-04-28 10:19:00,2016-04-28 10:28:00,1,-73.9335738895097,40.84899490278841,-73.9659049426488,40.857351717648285,N,540
id0003626,2,2016-03-15 09:40:00,2016-03-15 09:47:49,2,-74.1,40.76008394841574,-74.0983571502255,40.76808279008514,N,469
id0003627,2,2016-05-03 20:08:00,2016-05-03 20:18:12,1,-73.97455035336631,40.71632648818423,-74.0090044989333,40.7181935907047,N,612
id0003628,2,2016-04-03 18:33:00,2016-04-03 18:44:09,3,-73.91886306214661,40.81321233943962,-73.90808870897048,40.83832688388159,N,669
id0003629,1,2016-06-26 21:42:00,2016-06-26 21:53:36,1,-73.8821473320349,40.786386007386575,-73.86732204112508,40.81696082850375,N,696
id0003630,2,2016-01-16 00:55:00,2016-01-16 01:11:04,5,-73.94474212638882,40.790709278866345,-73.90154941614577,40.842149805738124,N,964
id0003631,2,2016-03-30 17:20:00,2016-03-30 17:45:31,1,-73.89233143375796,40.81157703054906,-73.83322430033485,40.769915025608356,N,1531
id0003632,2,2016-04-07 14:28:00,2016-04-07 14:47:31,1,-73.97570852023327,40.72862416677694,-73.94470454785571,40.7811947353677,N,1171
id0003633,2,2016-02-15 09:58:00,2016-02-15 10:21:40,1,-73.984842558324,40.752273601095666,-74.02355020215184,40.818154503235014,N,1420
id0003634,1,2016-05-02 08:54:00,2016-05-02 09:17:27,1,-73.95588213962247,40.75028475758305,-74.01672991176706,40.73746670700723,N,1407
id0003635,2,2016-03-06 22:03:00,2016-03-06 22:25:00,1,-73.98517568555901,40.6999164058388,-73.96177478417728,40.641519196931235,N,1320
id0003636,2,2016-05-18 23:05:00,2016-05-18 23:25:43,2,-74.02802966074096,40.746138443242884,-73.9605062108422,40.69771598128546,N,1243
id0003637,1,2016-06-16 21:13:00,2016-06-16 21:19:24,1,-74.01333821342726,40.81813707560446,-74.01445384789533,40.80197227727178,N,384
id0003638,1,2016-06-04 08:41:00,2016-06-04 09:36:16,2,-74.0461684098342,40.768680214670724,-74.11490112013018,40.83917517033149,N,3316
id0003639,1,2016-04-25 03:40:00,2016-04-25 03:57:31,1,-73.95593925978241,40.69742724024698,-73.86212524173055,40.698025040254095,N,1051
id0003640,1,2016-05-10 16:00:00,2016-05-10 16:15:05,1,-73.98437345031248,40.68798722647508,-73.96235024555521,40.666385782388765,N,905
id0003641,2,2016-06-06 07:03:00,2016-06-06 07:21:11,1,-74.00481573642169,40.832914922643674,-73.99711436819948,40.808925843601166,N,1091
id0003642,1,2016-06-27 11:27:00,2016-06-27 11:45:51,1,-74.01616760662606,40.75393564453852,-74.06872630842135,40.70764036316332,N,1131
id0003643,1,2016-05-11 18:48:00,2016-05-11 19:08:32,1,-73.95722190095903,40.72886654074343,-73.95649217092873,40.75947670178225,N,1232
id0003644,2,2016-06-15 03:55:00,2016-06-15 04:02:37,1,-73.94207535006645,40.74567037057964,-73.91116556276765,40.74244796451447,N,457
id0003645,1,2016-06-24 16:59:00,2016-06-24 17:46:28,1,-74.04717826980779,40.691521151055724,-74.02454233738288,40.76501518389741,N,2848
id0003646,2,2016-02-02 00:19:00,2016-02-02 00:26:53,1,-74.05582265683766,40.822039281728024,-74.08641757760452,40.84402661060295,N,473
id0003647,2,2016-04-01 05:22:00,2016-04-01 05:29:28,1,-73.93250195244084,40.740312617808634,-73.93506989017393,40.76936038887064,N,448
id0003648,1,2016-03-06 01:09:00,2016-03-06 01:17:28,1,-74.06063232811687,40.81953306874823,-74.08835262970852,40.81105939967223,N,508
id0003649,1,2016-06-21 21:11:00,2016-06-21 21:33:49,1,-73.95488822413976,40.76032432715013,-73.88000095290943,40.72213826531406,N,1369
id0003650,1,2016-05-15 09:54:00,2016-05-15 10:17:34,1,-73.89606999406853,40.822328938855584,-73.8558006650299,40.79175360454406,N,1414
id0003651,2,2016-06-10 05:34:00,2016-06-10 05:49:05,4,-73.89594208581337,40.76955125245694,-73.91953715490035,40.72162760942082,Y,905
id0003652,2,2016-03-04 14:59:00,2016-03-04 15:11:39,1,-73.94441700751524,40.79639546982911,-73.99699814216372,40.82825928502274,N,759
id0003653,2,2016-06-02 10:38:00,2016-06-02 10:45:54,5,-73.94601547665728,40.790359187073975,-73.93351379795688,40.77688715552037,N,474
id0003654,2,2016-01-15 18:43:00,2016-01-15 18:58:08,1,-73.86114509023919,40.78604809798134,-73.88332187277646,40.819385616867066,N,908
id0003655,2,2016-06-19 21:57:00,2016-06-19 22:03:37,6,-74.1,40.77365705147322,-74.11882379986662,40.77841405555399,N,397
id0003656,2,2016-02-11 20:14:00,2016-02-11 20:27:10,1,-74.01053846218443,40.7475217177748,-74.06162309819464,40.73727307532284,N,790
id0003657,2,2016-04-05 15:32:00,2016-04-05 15:46:26,1,-73.93833294830078,40.84419456112078,-73.98384634090426,40.80325846189688,N,866
id0003658,1,2016-05-10 08:57:00,2016-05-10 09:02:47,1,-74.0035507854313,40.717187835670686,-73.99623062856608,40.72774498132438,N,347
id0003659,2,2016-05-15 04:40:00,2016-05-15 04:46:45,5,-73.91681219302662,40.758193843905445,-73.92882172317951,40.75054168832981,N,405
id0003660,2,2016-02-08 14:56:00,2016-02-08 15:16:16,1,-73.98716447331707,40.758669864384345,-73.87482132594613,40.79024630186279,N,1216
id0003661,2,2016-04-11 01:42:00,2016-04-11 01:51:18,2,-73.97775408768143,40.77610983390046,-73.95101268321137,40.75107046024482,N,558
id0003662,1,2016-04-06 13:17:00,2016-04-06 13:29:01,1,-74.00010710653352,40.73867373093475,-74.05193338969706,40.76023750300715,N,721
id0003663,2,2016-05-21 06:42:00,2016-05-21 07:07:06,1,-74.01373810273444,40.772163583751535,-74.08284173367021,40.82959327831932,N,1506
id0003664,1,2016-02-28 09:34:00,2016-02-28 09:40:21,2,-74.01509104797312,40.75040208366587,-73.9971733354835,40.75994154067896,N,381
id0003665,2,2016-05-19 00:04:00,2016-05-19 00:12:40,1,-73.97008585367398,40.6868121367153,-73.9879448729367,40.71429733756126,N,520
id0003666,1,2016-04-22 03:54:00,2016-04-22 04:04:27,1,-74.02760107312025,40.75842985288156,-73.96768470039254,40.77844601149778,N,627
id0003667,2,2016-05-18 00:42:00,2016-05-18 00:59:00,2,-73.93257373140798,40.70847456001365,-73.9198898586773,40.77490776197176,N,1020
id0003668,2,2016-06-08 06:54:00,2016-06-08 07:12:09,1,-73.94907257414684,40.679952640689805,-74.03828598808309,40.69295725544909,N,1089
id0003669,1,2016-03-18 23:27:00,2016-03-18 23:36:53,1,-73.92453209574666,40.76415929943102,-73.97040618917545,40.788657859241766,N,593
id0003670,1,2016-03-19 15:49:00,2016-03-19 15:55:50,1,-74.04709083957961,40.779954750390885,-74.07747853209993,40.77868508939283,Y,410
id0003671,1,2016-05-24 22:11:00,2016-05-24 22:19:50,2,-74.07847121007326,40.78170141189471,-74.05857954784669,40.754597813145814,N,530
id0003672,1,2016-05-22 07:11:00,2016-05-22 07:41:40,1,-73.98523021655974,40.78352268181589,-74.03260407590294,40.74123653281705,N,1840
id0003673,1,2016-06-08 12:30:00,2016-06-08 12:44:32,1,-73.82556596625423,40.671033494057674,-73.8186891745261,40.71537583635496,N,872
id0003674,2,2016-04-10 04:14:00,2016-04-10 04:30:13,1,-73.9153585172048,40.69675423824417,-73.97548525915936,40.66146166024718,N,973
id0003675,2,2016-04-25 19:09:00,2016-04-25 19:20:51,5,-74.01549454696787,40.84680846465662,-74.01521620311384,40.872913722149036,N,711
id0003676,2,2016-01-11 18:12:00,2016-01-11 18:23:04,1,-73.96165183260628,40.71087560579654,-73.9450006633061,40.72543618785997,N,664
id0003677,2,2016-03-23 17:55:00,2016-03-23 18:32:51,1,-73.9449827200906,40.78548784640115,-73.87921475580949,40.8176103334725,N,2271
id0003678,2,2016-02-14 19:45:00,2016-02-14 19:54:50,2,-74.0602613532403,40.727087807025036,-74.04921045917807,40.70907288623462,N,590
id0003679,2,2016-06-04 06:59:00,2016-06-04 07:12:03,2,-73.9096705772031,40.761585273267045,-73.9464236487944,40.73390972626013,N,783
id0003680,2,2016-01-23 06:47:00,2016-01-23 07:04:06,1,-73.99420832697515,40.72950356089769,-73.92702309806204,40.74274657523118,N,1026
id0003681,2,2016-05-21 16:16:00,2016-05-21 16:22:16,1,-73.98998744645343,40.783269351957884,-73.99823045808277,40.77303739339562,N,376
id0003682,2,2016-06-01 07:17:00,2016-06-01 07:36:57,1,-73.98369184373114,40.76415483527926,-73.94888133916658,40.72106884349804,N,1197
id0003683,2,2016-03-26 11:12:00,2016-03-26 11:30:41,1,-73.92205029233807,40.73782696018601,-73.94963060204073,40.805675354167924,N,1121
id0003684,1,2016-05-01 14:39:00,2016-05-01 14:47:05,1,-74.02653501870108,40.710742254614374,-74.02244999700592,40.68304296880569,N,485
id0003685,2,2016-04-15 12:52:00,2016-04-15 13:07:23,1,-74.07888335026314,40.77004983888717,-74.11494040731915,40.735272693967694,N,923
id0003686,2,2016-05-05 10:12:00,2016-05-05 10:16:55,1,-73.9672374588905,40.70342765404309,-73.95273576089978,40.694952902156814,N,295
id0003687,1,2016-05-04 19:41:00,2016-05-04 20:09:59,1,-74.09740119473952,40.77723664689544,-74.06122893045716,40.82108669681597,N,1739
id0003688,2,2016-02-16 01:21:00,2016-02-16 01:49:13,1,-74.00156069773246,40.87619182090666,-74.02382666513107,40.80035609439734,N,1693
id0003689,2,2016-05-05 06:35:00,2016-05-05 06:49:33,1,-73.91972191405776,40.81875765230679,-73.94451727043015,40.859703578816934,N,873
id0003690,1,2016-06-13 02:55:00,2016-06-13 03:03:03,1,-73.95314983530702,40.79032565491024,-73.93709301547614,40.75842408235927,N,483
id0003691,1,2016-02-26 14:36:00,2016-02-26 14:45:40,1,-73.92767041638511,40.75414767160165,-73.9647961350342,40.76340605500544,N,580
id0003692,2,2016-02-25 18:58:00,2016-02-25 19:19:36,1,-73.95088067491385,40.67075613178484,-74.01918814084394,40.64709588812451,N,1296
id0003693,2,2016-02-23 06:28:00,2016-02-23 06:50:47,2,-73.85243160311691,40.6984971121845,-73.83653776428886,40.76821420207457,N,1367
id0003694,2,2016-06-14 22:28:00,2016-06-14 22:33:58,1,-74.01735317952112,40.81572567852462,-74.02219955246902,40.8200873815571,N,358
id0003695,2,2016-06-10 11:55:00,2016-06-10 12:06:53,4,-73.96310275776455,40.72246097639439,-73.96890143037938,40.697677772132444,N,713
id0003696,1,2016-03-04 07:06:00,2016-03-04 07:15:15,6,-74.0090966259167,40.72653365558262,-73.98564845726054,40.7159954593183,N,555
id0003697,1,2016-06-19 12:51:00,2016-06-19 13:00:54,1,-73.93237593015468,40.75054572859422,-73.90264216429532,40.753683026215775,N,594
id0003698,2,2016-05-18 14:05:00,2016-05-18 14:09:09,2,-73.98838661818277,40.710207918351905,-73.9956317033042,40.71642659962358,N,249
id0003699,2,2016-03-14 04:13:00,2016-03-14 04:21:11,1,-73.89046353163057,40.70279540694518,-73.94098365486862,40.718152093868426,N,491
id0003700,1,2016-05-30 04:14:00,2016-05-30 04:24:01,1,-74.01419487754711,40.75572866672484,-74.04293128368981,40.75567950545596,N,601
id0003701,2,2016-06-15 05:37:00,2016-06-15 05:54:23,1,-73.90760804108557,40.71788117453976,-73.88128466421462,40.66968048995846,N,1043
id0003702,1,2016-06-07 01:38:00,2016-06-07 01:42:45,1,-73.95237732582008,40.72465416390995,-73.94623920596506,40.71274479542839,N,285
id0003703,2,2016-03-26 15:59:00,2016-03-26 16:07:41,1,-73.98678535879978,40.72284640382339,-74.01152453025887,40.74407944694282,N,521
id0003704,1,2016-02-09 10:25:00,2016-02-09 10:36:39,5,-73.9551656714177,40.781506209622556,-73.99046306328029,40.75806031139929,N,699
id0003705,2,2016-01-31 10:20:00,2016-01-31 10:30:02,1,-73.97063045868589,40.74755434392771,-73.94282843222437,40.77110168871715,N,602
id0003706,1,2016-05-30 13:56:00,2016-05-30 14:00:17,2,-73.96542249258616,40.74996426144478,-73.97539685083645,40.7510743960983,N,257
id0003707,1,2016-05-13 09:13:00,2016-05-13 09:27:05,6,-73.9963779090202,40.7848625653789,-73.96250565397546,40.77724165989208,N,845
id0003708,2,2016-05-09 00:13:00,2016-05-09 00:27:14,3,-74.02358736791552,40.75160821762952,-73.98401725703079,40.793403253868405,N,854
id0003709,2,2016-01-09 08:25:00,2016-01-09 09:05:03,1,-74.00342891159794,40.74547858041943,-74.01750670036077,40.68464397986598,N,2403
id0003710,1,2016-06-24 16:36:00,2016-06-24 16:50:57,1,-74.07757297378716,40.77917026600066,-74.03483883696953,40.7555340345614,N,897
id0003711,1,2016-01-21 17:35:00,2016-01-21 17:52:31,1,-73.9386928417107,40.7880689029601,-73.93246440275992,40.83120390779886,N,1051
id0003712,1,2016-04-15 15:38:00,2016-04-15 15:58:40,1,-74.05293401846966,40.751381692522116,-74.04088489777837,40.81543341323249,N,1240
id0003713,1,2016-06-20 06:18:00,2016-06-20 06:47:26,1,-73.99697058803797,40.76162734990292,-74.095464297318,40.841637086866434,N,1766
id0003714,2,2016-02-14 01:29:00,2016-02-14 01:38:50,1,-73.94935752271854,40.722819439662004,-73.9930489811431,40.72458188322384,N,590
id0003715,1,2016-04-04 04:58:00,2016-04-04 05:07:37,4,-73.9388331805595,40.7192692630576,-73.98008442693398,40.73529567134414,N,577
id0003716,2,2016-06-01 21:57:00,2016-06-01 22:06:49,1,-74.08260585652604,40.79261163758851,-74.0969453190342,40.82122161154176,N,589
id0003717,2,2016-02-18 11:31:00,2016-02-18 11:46:18,1,-73.99005164413738,40.77802239281451,-73.98490584879296,40.82265002734005,N,918
id0003718,1,2016-01-19 12:14:00,2016-01-19 12:21:39,1,-73.95971404153032,40.778488429728746,-73.95272777690347,40.78944664744236,N,459
id0003719,2,2016-03-28 10:25:00,2016-03-28 10:33:12,1,-73.98213911399057,40.770638445692654,-73.96928050138496,40.80305365801327,N,492
id0003720,1,2016-05-24 16:41:00,2016-05-24 16:51:47,4,-73.91107587732796,40.76007914741167,-73.94189838393494,40.77617123042723,N,647
id0003721,1,2016-04-15 05:28:00,2016-04-15 05:34:41,2,-74.0301993794953,40.789338535087026,-73.99908804612544,40.80761637305382,N,401
id0003722,2,2016-03-21 13:26:00,2016-03-21 13:45:34,1,-74.09769726216047,40.800079894246025,-74.01627928220064,40.76793697095452,N,1174
id0003723,2,2016-04-26 06:46:00,2016-04-26 06:53:34,1,-73.94043206907773,40.799005260233585,-73.95633168901294,40.78748278005542,N,454
id0003724,1,2016-01-10 10:15:00,2016-01-10 10:25:11,3,-74.01453973657901,40.75346499378243,-74.04440480411353,40.73516807184971,N,611
id0003725,2,2016-03-04 09:02:00,2016-03-04 09:26:40,1,-74.08171973286723,40.8204146728459,-74.11255966494322,40.77880333197065,N,1480
id0003726,2,2016-06-08 19:00:00,2016-06-08 19:33:54,1,-73.99371818148116,40.76828073067796,-73.98987212928728,40.71047454783058,N,2034
id0003727,2,2016-03-11 12:10:00,2016-03-11 12:17:44,1,-73.91731931132375,40.786456928665466,-73.94097865125633,40.77162996621474,N,464
id0003728,2,2016-06-24 15:49:00,2016-06-24 16:09:22,1,-74.05447889397969,40.77069395508757,-74.13234367256844,40.761458073662304,N,1222
id0003729,1,2016-04-10 01:21:00,2016-04-10 01:36:38,5,-73.8565202225329,40.76911530183679,-73.92207405679322,40.772791599497765,N,938
id0003730,2,2016-06-18 23:14:00,2016-06-18 23:25:58,1,-74.03108348769952,40.72489116043874,-73.98517493142349,40.74434198486814,N,718
id0003731,1,2016-04-24 01:16:00,2016-04-24 01:26:21,1,-73.98021440302308,40.78956078772552,-73.92253367121754,40.796145066251725,N,621
id0003732,2,2016-03-17 05:38:00,2016-03-17 05:53:27,5,-74.05205228298162,40.88603824777085,-73.9800572515235,40.87704635655728,N,927
id0003733,1,2016-06-16 16:29:00,2016-06-16 16:48:34,1,-73.98271143082172,40.74113422163445,-73.97252773107665,40.70910480058225,N,1174
id0003734,2,2016-02-19 03:18:00,2016-02-19 03:31:14,1,-73.99235613019673,40.76119476219412,-74.03694687805465,40.791892180606666,N,794
id0003735,2,2016-03-12 09:27:00,2016-03-12 09:33:23,1,-74.06692216462821,40.73792076310438,-74.08663289134029,40.73435698549925,N,383
id0003736,1,2016-05-11 11:41:00,2016-05-11 11:58:10,6,-73.8295795167077,40.736039104429715,-73.89669196028179,40.72085646160447,N,1030
id0003737,1,2016-06-08 04:38:00,2016-06-08 04:50:30,6,-74.01224354429603,40.82750022651534,-74.08108868382541,40.820974326630875,N,750
id0003738,1,2016-02-05 04:19:00,2016-02-05 04:27:52,1,-74.01219544065184,40.72771630420227,-74.00070861867651,40.702070252044855,N,532
id0003739,2,2016-06-29 18:22:00,2016-06-29 18:38:59,2,-73.93170302663555,40.736666378698516,-73.90744750691223,40.71809279137913,N,1019
id0003740,1,2016-03-19 08:53:00,2016-03-19 09:20:45,2,-73.88521598141584,40.686562822932096,-73.79708917140816,40.66687678196694,N,1665
id0003741,2,2016-03-02 16:46:00,2016-03-02 16:53:12,1,-73.92304597225976,40.7239074723956,-73.92678518318813,40.71385066276559,N,432
id0003742,2,2016-01-24 09:30:00,2016-01-24 09:52:35,1,-74.05106490676646,40.681122004817105,-74.11216747325271,40.70407342830574,N,1355
id0003743,1,2016-01-05 23:10:00,2016-01-05 23:16:10,3,-73.97323500447779,40.78643121146454,-73.97872142174677,40.80068013386346,N,370
id0003744,2,2016-04-11 10:42:00,2016-04-11 11:01:24,1,-74.08847548653118,40.88398637498268,-74.10118615049129,40.938122184237514,N,1164
id0003745,2,2016-04-19 23:53:00,2016-04-20 00:05:31,1,-73.93540622052727,40.74149945428573,-73.9575116459832,40.78390997250965,N,751
id0003746,2,2016-01-18 01:57:00,2016-01-18 02:13:23,1,-74.07493534761917,40.682995893015445,-74.0594666170828,40.751470655078656,N,983
id0003747,2,2016-06-13 11:07:00,2016-06-13 11:20:26,1,-74.0291760727985,40.798499984899344,-74.08382733660828,40.81807053168782,N,806
id0003748,1,2016-04-08 23:43:00,2016-04-08 23:49:25,1,-73.98517608272172,40.72528837684815,-73.97929361824455,40.74429705963122,N,385
id0003749,1,2016-01-10 17:12:00,2016-01-10 17:24:33,1,-73.96052463913725,40.81647061187491,-73.93120429217987,40.799411059657615,N,753
id0003750,2,2016-06-02 03:06:00,2016-06-02 03:22:14,1,-73.99935140428674,40.745308692849456,-73.9354632046263,40.7742192142618,N,974
id0003751,1,2016-02-05 21:09:00,2016-02-05 21:18:00,6,-73.9014503977797,40.72956829399128,-73.88748348457308,40.70660420143977,N,540
id0003752,1,2016-05-02 11:12:00,2016-05-02 11:35:49,1,-73.94522182297942,40.749991909991444,-73.89828140270605,40.69852596663809,N,1429
id0003753,1,2016-05-03 01:25:00,2016-05-03 01:42:40,1,-73.94954013852647,40.79209995424213,-73.96951546034025,40.84552127297081,N,1060
id0003754,1,2016-05-27 11:45:00,2016-05-27 12:00:38,1,-74.05261704960915,40.747766071616,-74.06631011194271,40.70404471580385,N,938
id0003755,2,2016-05-27 08:33:00,2016-05-27 08:53:50,1,-73.891534765635,40.73564738837429,-73.83088164878029,40.75100720101013,N,1250
id0003756,2,2016-06-28 09:15:00,2016-06-28 09:37:59,2,-74.02916858293531,40.74905257786595,-74.09088988205869,40.718240979816784,N,1379
id0003757,1,2016-01-16 18:26:00,2016-01-16 18:44:12,1,-73.8894351661857,40.70076651669746,-73.90757647978675,40.74019988349518,N,1092
id0003758,1,2016-03-07 09:54:00,2016-03-07 10:15:54,1,-73.8737792718691,40.775866422103235,-73.82299918806643,40.82006967160521,N,1314
id0003759,1,2016-03-07 04:48:00,2016-03-07 04:54:05,1,-73.95680389072,40.67759730327698,-73.96630391788386,40.69611852653679,N,365
id0003760,2,2016-03-09 11:22:00,2016-03-09 11:43:20,3,-73.92823927962763,40.73801453455356,-73.94109137106184,40.781637299385224,N,1280
id0003761,1,2016-02-13 10:48:00,2016-02-13 10:52:29,2,-74.1,40.792172334397385,-74.11193994524548,40.792429132051474,N,269
id0003762,2,2016-02-12 13:32:00,2016-02-12 13:52:34,1,-73.99572513285197,40.77163717273198,-73.99045330298385,40.84983328656089,N,1234
id0003763,2,2016-06-24 14:34:00,2016-06-24 14:48:46,2,-73.92438088980443,40.78456442578439,-73.87550711691806,40.81068020895664,N,886
id0003764,1,2016-06-12 14:15:00,2016-06-12 14:28:23,2,-73.93415193524272,40.75507294472766,-73.89256151691818,40.72355364014083,N,803
id0003765,2,2016-05-04 05:01:00,2016-05-04 05:04:28,4,-74.05208478359549,40.81063857814435,-74.05156920772804,40.8130748129504,N,208
id0003766,1,2016-04-11 00:06:00,2016-04-11 00:13:47,5,-74.00115471219273,40.799611463854646,-73.95199722665565,40.79427389293712,N,467
id0003767,2,2016-03-27 13:35:00,2016-03-27 13:41:51,2,-74.1,40.778076345191145,-74.08461931665016,40.76931150314583,N,411
id0003768,1,2016-05-04 03:24:00,2016-05-04 03:41:48,1,-73.9622853937905,40.79973955997911,-73.92362498623855,40.741739687002635,N,1068
id0003769,2,2016-06-05 22:45:00,2016-06-05 22:58:40,1,-74.08858306206747,40.791769059948166,-74.13485968840166,40.80530931900369,N,820
id0003770,1,2016-03-18 13:54:00,2016-03-18 14:12:01,3,-73.92282371864668,40.738224141899394,-73.84458884564219,40.68972278763648,N,1081
id0003771,2,2016-04-07 20:30:00,2016-04-07 20:56:26,4,-73.91995013266055,40.697524548973895,-73.910040545224,40.609135294155614,N,1586
id0003772,2,2016-06-15 00:08:00,2016-06-15 00:26:39,1,-74.01109017479236,40.77691629566292,-74.13476409542166,40.76487581822361,N,1119
id0003773,2,2016-06-14 20:42:00,2016-06-14 21:08:44,1,-73.95632982382503,40.78257401538742,-73.8816511010189,40.75611773751869,N,1604
id0003774,1,2016-02-11 20:13:00,2016-02-11 20:22:25,1,-73.99694042982333,40.807071239601235,-73.99671295791885,40.77691744415899,N,565
id0003775,2,2016-02-13 11:06:00,2016-02-13 11:53:26,1,-73.97169503827418,40.715865542622964,-73.98949226652599,40.60725718436017,N,2846
id0003776,1,2016-02-07 04:18:00,2016-02-07 04:27:00,1,-74.04809926827838,40.71721060233253,-74.07535500621181,40.68743110167417,N,540
id0003777,1,2016-01-05 23:24:00,2016-01-05 23:29:08,1,-73.9507629057218,40.778695511983855,-73.93098532163775,40.77261804670281,N,308
id0003778,2,2016-05-06 09:21:00,2016-05-06 09:39:00,2,-74.07526518766234,40.75479748550161,-74.11524268901452,40.732602097598246,N,1080
id0003779,1,2016-03-19 00:43:00,2016-03-19 00:55:58,1,-74.08564615892811,40.6731407275243,-74.11160694974829,40.68669775619316,N,778
id0003780,1,2016-01-06 18:30:00,2016-01-06 18:51:19,1,-73.99170605741668,40.77487986736894,-74.0165855720882,40.82362299006558,N,1279
id0003781,1,2016-02-07 04:16:00,2016-02-07 04:22:04,1,-73.99661838037862,40.6746409688255,-74.00976949734522,40.69271382923443,N,364
id0003782,2,2016-04-06 20:26:00,2016-04-06 20:38:01,2,-73.97002340481966,40.715463455165704,-73.99320777605759,40.75138725545927,N,721
id0003783,2,2016-06-01 02:28:00,2016-06-01 02:37:14,1,-74.02072291196299,40.81882566177871,-73.98234627603853,40.8576450959164,N,554
id0003784,2,2016-04-30 15:40:00,2016-04-30 15:50:54,1,-73.88128695838179,40.84011955580132,-73.8690891546659,40.80445942895399,N,654
id0003785,2,2016-04-06 23:48:00,2016-04-06 23:53:02,1,-73.97616672558414,40.70329546341876,-73.95848007235864,40.71866447766278,N,302
id0003786,2,2016-02-03 22:24:00,2016-02-03 22:38:55,2,-73.9721915021816,40.743177380816434,-73.94471440257333,40.77800788818423,N,895
id0003787,1,2016-02-22 12:52:00,2016-02-22 13:00:01,1,-73.97415213674262,40.759918013538545,-73.97834137890007,40.744659396806846,N,481
id0003788,1,2016-05-22 07:22:00,2016-05-22 07:51:37,1,-73.92983995720786,40.838155211741174,-73.97575387701843,40.81048327899011,N,1777
id0003789,1,2016-05-20 18:58:00,2016-05-20 19:19:19,5,-73.95331904220335,40.73582089734791,-73.8720862806314,40.754385123420484,N,1279
id0003790,2,2016-06-07 00:12:00,2016-06-07 00:30:51,1,-73.96068901551604,40.736540218963505,-73.91894995605772,40.684683208450934,N,1131
id0003791,2,2016-04-05 21:26:00,2016-04-05 21:43:02,1,-73.9445208742324,40.82769265013083,-73.87194365860529,40.78961248972351,N,1022
id0003792,1,2016-02-19 16:44:00,2016-02-19 17:00:40,5,-74.0853538050376,40.74113448812768,-74.03879957609433,40.71779801596226,N,1000
id0003793,2,2016-04-01 12:12:00,2016-04-01 12:20:26,2,-74.08327662078221,40.790499076903494,-74.10399333395615,40.80626707436307,N,506
id0003794,1,2016-06-12 02:41:00,2016-06-12 03:07:22,1,-73.98918323099159,40.69152856656994,-74.09484223821639,40.699190504824394,N,1582
id0003795,2,2016-02-02 21:41:00,2016-02-02 22:00:56,3,-73.99587206354751,40.750294526515844,-74.05118140269626,40.78642750730017,N,1196
id0003796,1,2016-06-03 03:24:00,2016-06-03 03:33:25,1,-73.95311045857734,40.68331814227531,-73.92446696647548,40.651052690372595,N,565
id0003797,1,2016-06-30 03:06:00,2016-06-30 03:16:39,2,-73.9838990703799,40.710505479857,-73.98847772675005,40.67636392586264,N,639
id0003798,2,2016-05-29 05:08:00,2016-05-29 05:15:17,1,-73.95299742860502,40.79576406098185,-73.97189067225622,40.81410097988809,N,437
id0003799,2,2016-04-29 22:35:00,2016-04-29 22:56:17,1,-74.05350773982587,40.7557542574011,-74.15,40.727800915757356,N,1277
id0003800,1,2016-03-15 11:22:00,2016-03-15 11:28:42,5,-73.98559095137247,40.743640241675116,-73.98618167826346,40.72251760463281,N,402
id0003801,1,2016-06-04 13:52:00,2016-06-04 14:11:22,2,-74.05875812058768,40.72430626692086,-74.10743815534903,40.65931949754705,N,1162
id0003802,2,2016-01-30 06:25:00,2016-01-30 06:34:08,1,-73.96372281360958,40.74807047670414,-73.99632002974404,40.75825008675362,N,548
id0003803,2,2016-05-18 06:30:00,2016-05-18 06:52:02,2,-74.08830567732998,40.77155009251953,-74.05005099296962,40.8254952590331,N,1322
id0003804,1,2016-03-14 02:32:00,2016-03-14 02:48:10,2,-73.96584294458025,40.80223122929078,-74.01215433251403,40.76620611722027,N,970
id0003805,2,2016-04-01 12:48:00,2016-04-01 13:08:32,1,-74.06579496594934,40.63986839921564,-74.10781098469113,40.67562802562585,N,1232
id0003806,1,2016-03-25 07:14:00,2016-03-25 07:18:47,1,-74.0060940286272,40.72057074715818,-73.99774291389375,40.71849179682353,N,287
id0003807,2,2016-01-02 18:30:00,2016-01-02 18:53:15,1,-73.9357789769703,40.765159330898506,-73.8965226828477,40.70336981855415,N,1395
id0003808,1,2016-06-28 13:43:00,2016-06-28 13:53:13,6,-73.97249410062709,40.7535511597817,-73.99061586592039,40.722235719834714,N,613
id0003809,1,2016-05-01 08:00:00,2016-05-01 08:25:25,1,-74.07551131230484,40.776151930913706,-74.00948661907881,40.742675574265576,N,1525
id0003810,1,2016-04-19 04:54:00,2016-04-19 05:08:01,1,-74.02198166145817,40.770039312875696,-74.07952177446481,40.75896084039577,N,841
id0003811,2,2016-01-19 08:03:00,2016-01-19 08:32:10,1,-74.06757581890122,40.7442809461653,-74.1330083209286,40.758963946260934,N,1750
id0003812,2,2016-05-21 17:49:00,2016-05-21 18:35:35,1,-74.07821171747828,40.73429160618058,-74.14747958740112,40.79900390548403,N,2795
id0003813,1,2016-06-23 23:40:00,2016-06-24 00:04:37,1,-73.97852852531263,40.746952432961905,-74.0528767947111,40.69686233013976,N,1477
id0003814,2,2016-05-28 06:21:00,2016-05-28 06:27:18,1,-73.9541835911042,40.809693405742024,-73.939038887672,40.79272619684983,N,378
id0003815,1,2016-02-15 08:47:00,2016-02-15 09:08:49,1,-73.96076667436064,40.72505964301924,-74.00476719373316,40.69370031316737,N,1309
id0003816,2,2016-02-03 00:24:00,2016-02-03 00:41:58,4,-73.95185552518161,40.755173697458524,-74.01531418155483,40.7107944163064,N,1078
id0003817,2,2016-03-07 20:30:00,2016-03-07 20:35:09,1,-73.98565509679872,40.76625039962993,-73.96856424551763,40.76959106866126,N,309
id0003818,2,2016-01-05 02:43:00,2016-01-05 02:49:23,1,-74.00003646203125,40.82821579184435,-73.96295874590767,40.82826759153589,N,383
id0003819,1,2016-04-10 09:12:00,2016-04-10 09:34:29,1,-74.04401881298843,40.74448612837937,-73.99673018512723,40.681003046231474,N,1349
id0003820,1,2016-03-24 09:34:00,2016-03-24 09:45:14,4,-74.00920438194628,40.8011462995205,-73.96981658103614,40.80178156799859,N,674
id0003821,1,2016-04-01 11:25:00,2016-04-01 11:42:56,1,-74.05767416119294,40.81343907314693,-74.09898881716485,40.77125021339504,N,1076
id0003822,2,2016-06-29 04:16:00,2016-06-29 04:19:02,1,-74.03148410399199,40.75513105807542,-74.01906001059174,40.755545028245145,N,182
id0003823,1,2016-04-29 05:41:00,2016-04-29 05:56:18,2,-73.9801090221259,40.74851764594155,-73.95774980114324,40.79295002320376,N,918
id0003824,1,2016-03-16 20:50:00,2016-03-16 20:59:04,1,-73.99147933481476,40.743192584757836,-74.01284908084376,40.759399963395495,N,544
id0003825,1,2016-05-22 14:05:00,2016-05-22 14:11:18,1,-73.81643995791579,40.74648795895909,-73.80902611324008,40.75270105726334,N,378
id0003826,2,2016-03-08 07:00:00,2016-03-08 07:17:31,1,-74.05901875786277,40.796440793725964,-74.11534157821104,40.777933992216845,N,1051
id0003827,1,2016-05-17 21:23:00,2016-05-17 21:34:27,3,-73.99188042964575,40.7683954489765,-74.02012243756998,40.770735816756066,N,687
id0003828,2,2016-06-18 18:14:00,2016-06-18 18:27:43,1,-74.0633052661162,40.76858803691265,-74.04657483736474,40.78830193469131,N,823
id0003829,2,2016-06-14 06:31:00,2016-06-14 06:52:19,2,-74.00632822317834,40.70736494203291,-73.93848880373272,40.72361076403121,N,1279
id0003830,2,2016-04-04 10:28:00,2016-04-04 10:40:50,5,-74.00409012501633,40.71446294651812,-73.95227534241685,40.71099028978465,N,770
id0003831,1,2016-03-26 12:35:00,2016-03-26 12:44:42,2,-73.93853159855718,40.854455107114966,-73.90879296705913,40.86206327845283,N,582
id0003832,2,2016-03-13 08:35:00,2016-03-13 08:57:06,1,-74.00973165965698,40.74999784236201,-74.00614515791212,40.703918178660544,N,1326
id0003833,2,2016-04-07 05:15:00,2016-04-07 05:24:34,2,-73.99552257800309,40.72313526019898,-73.99890795108698,40.69743347308176,N,574
id0003834,2,2016-06-19 09:19:00,2016-06-19 09:34:22,1,-74.00866748793597,40.82239946245152,-74.0738094858609,40.84716405379063,N,922
id0003835,2,2016-06-08 01:58:00,2016-06-08 02:08:38,1,-74.06205784592315,40.77068138469076,-74.09965563994818,40.80015253798886,N,638
id0003836,2,2016-04-20 09:05:00,2016-04-20 09:19:17,1,-74.02086563044863,40.78401697125891,-74.05699409890534,40.78729292193829,N,857
id0003837,2,2016-02-21 09:13:00,2016-02-21 09:37:18,1,-74.0060065193296,40.75178788161234,-73.98014235013028,40.80355168231512,N,1458
id0003838,1,2016-03-09 12:41:00,2016-03-09 12:53:59,5,-73.98093957641265,40.74365971092405,-73.9384169266958,40.7614403905002,N,779
id0003839,2,2016-02-14 18:10:00,2016-02-14 18:19:08,2,-73.95425789920263,40.750368613237626,-73.92111209532393,40.742209150112416,N,548
id0003840,2,2016-02-03 22:41:00,2016-02-03 23:00:22,2,-73.99790280803411,40.695776782336566,-73.94468281832097,40.653085435980145,N,1162
id0003841,2,2016-01-02 15:51:00,2016-01-02 16:11:19,2,-73.99886969451897,40.754043266576105,-73.99561810470028,40.80439893032712,N,1219
id0003842,1,2016-05-20 20:18:00,2016-05-20 20:31:24,1,-74.07964472371678,40.77132148846692,-74.1238765819335,40.79828259946733,N,804
id0003843,1,2016-05-14 09:40:00,2016-05-14 10:13:19,3,-73.9553146015509,40.84127084552297,-73.95756158188661,40.90421174532554,N,1999
id0003844,2,2016-02-02 14:15:00,2016-02-02 14:44:13,1,-74.02327438379325,40.761869957925235,-74.05589205286272,40.83770961886787,N,1753
id0003845,2,2016-05-05 03:22:00,2016-05-05 03:38:31,1,-73.94390822189736,40.652962033100536,-73.91430452226834,40.60791912236314,N,991
id0003846,1,2016-01-31 02:25:00,2016-01-31 02:38:46,1,-73.91259580286801,40.7537706555247,-73.92875473600739,40.708818974480245,N,826
id0003847,1,2016-02-20 08:42:00,2016-02-20 09:32:41,2,-73.99533532646811,40.88127768598988,-73.99976924924366,40.78106568904996,N,3041
id0003848,2,2016-02-17 01:19:00,2016-02-17 01:29:50,2,-74.04128212044212,40.79698648057433,-74.01006912010692,40.829129155370374,N,650
id0003849,1,2016-01-24 15:28:00,2016-01-24 15:40:01,6,-73.98591842371975,40.721509997528614,-74.01926766675138,40.74448689159068,N,721
id0003850,1,2016-05-12 16:24:00,2016-05-12 16:37:57,2,-73.96582139010897,40.784599793149376,-73.92244244374697,40.78802205815378,N,837
id0003851,2,2016-01-08 17:46:00,2016-01-08 18:15:06,1,-74.00235360006857,40.724609395879966,-74.06299543590676,40.681694732793446,N,1746
id0003852,2,2016-03-14 18:38:00,2016-03-14 18:44:26,1,-74.01602211251586,40.697078661620395,-74.0022273189586,40.69396248250103,N,386
id0003853,1,2016-03-29 18:59:00,2016-03-29 19:04:29,1,-73.95400572841164,40.74232337865447,-73.95809618329116,40.748788070979735,N,329
id0003854,1,2016-04-15 00:54:00,2016-04-15 01:08:23,1,-73.95763319489181,40.76211868976575,-73.92040281405274,40.78951408810652,N,863
id0003855,2,2016-02-05 05:07:00,2016-02-05 05:18:20,1,-74.004045930218,40.6737530023905,-74.06589275850187,40.68330754439678,N,680
id0003856,2,2016-03-26 19:05:00,2016-03-26 19:40:59,1,-74.07597363908934,40.70628783192576,-74.14485923961495,40.72952087725045,N,2159
id0003857,2,2016-05-24 09:33:00,2016-05-24 09:53:25,1,-73.95989919980413,40.75846510034321,-73.92614720244038,40.75412051989622,N,1225
id0003858,1,2016-03-09 02:57:00,2016-03-09 03:08:38,2,-74.02720299563927,40.7396322070805,-74.04479449200899,40.78098407336788,N,698
id0003859,2,2016-06-21 21:44:00,2016-06-21 21:51:16,1,-73.97321124085464,40.775766507201574,-73.97729733552421,40.797877059912096,N,436
id0003860,2,2016-03-19 05:21:00,2016-03-19 05:34:52,1,-73.97668635225766,40.703339925271116,-74.00637506449857,40.66179726779659,N,832
id0003861,1,2016-05-21 09:19:00,2016-05-21 09:42:25,1,-74.08889210848734,40.7901351186849,-74.04781564139512,40.83875783155287,N,1405
id0003862,2,2016-01-21 18:36:00,2016-01-21 18:51:28,1,-73.98054050735736,40.704730840632294,-73.96707577788891,40.747625843927324,N,928
id0003863,1,2016-06-03 23:46:00,2016-06-03 23:53:46,2,-73.9567007111044,40.831923043587196,-73.94587082714183,40.84821465938405,N,466
id0003864,1,2016-03-28 07:28:00,2016-03-28 07:44:44,1,-73.94995661715792,40.68079087720298,-74.00258953822579,40.69061599687754,N,1004
id0003865,1,2016-06-29 07:46:00,2016-06-29 08:15:38,2,-73.97854488368971,40.70883505783275,-73.95597713379551,40.76688646274349,N,1778
id0003866,1,2016-05-07 12:17:00,2016-05-07 12:31:11,1,-74.09374523241722,40.77678168613644,-74.13839481376131,40.719615735816916,N,851
id0003867,1,2016-05-14 19:51:00,2016-05-14 20:16:43,1,-73.91476054157974,40.8328904963174,-73.9443954278254,40.87633335465949,N,1543
id0003868,1,2016-01-28 00:30:00,2016-01-28 00:43:57,4,-73.96239375328516,40.77217693662523,-74.02383439820049,40.755509702175125,N,837
id0003869,2,2016-04-13 06:04:00,2016-04-13 06:19:18,2,-74.05118256311538,40.78332860640821,-74.05822692947167,40.821659817032575,N,918
id0003870,1,2016-05-14 07:50:00,2016-05-14 08:06:14,1,-74.0283269672087,40.75878916057529,-73.98042567050567,40.76300231522621,N,974
id0003871,2,2016-05-27 10:07:00,2016-05-27 10:22:17,1,-73.9722826684888,40.71181206956482,-73.96208139397646,40.668309658745535,N,917
id0003872,1,2016-03-09 11:52:00,2016-03-09 12:01:51,1,-73.9476118693686,40.73594377432923,-73.96749381016095,40.71856558097798,N,591
id0003873,2,2016-04-12 14:54:00,2016-04-12 15:06:37,1,-74.01183795709912,40.703464062600844,-74.00692637278456,40.739224580161654,N,757
id0003874,1,2016-02-01 13:21:00,2016-02-01 13:24:40,1,-73.93959610259415,40.70045805145004,-73.93493347384812,40.693100775603845,N,220
id0003875,2,2016-03-19 17:13:00,2016-03-19 17:21:19,1,-74.0836021756005,40.77607870136939,-74.08062908482381,40.75432671185426,N,499
id0003876,1,2016-03-27 14:45:00,2016-03-27 14:56:54,5,-74.04233524561016,40.707456990806044,-74.03435519624847,40.68547096878322,N,714
id0003877,1,2016-01-06 21:58:00,2016-01-06 22:12:08,1,-74.09854002054131,40.772379930302556,-74.14533976646884,40.794858590080736,N,848
id0003878,2,2016-06-15 19:43:00,2016-06-15 20:03:47,2,-74.03435728285783,40.69941797615005,-74.02956305665647,40.76069020220495,N,1247
id0003879,1,2016-04-27 00:32:00,2016-04-27 00:57:13,1,-73.90205575485007,40.77133723590526,-73.98104193146858,40.69640631793299,N,1513
id0003880,1,2016-02-03 07:23:00,2016-02-03 08:06:21,1,-73.8718208770978,40.73600928439667,-73.84591781471963,40.834033240053685,N,2601
id0003881,2,2016-06-12 08:21:00,2016-06-12 08:41:25,3,-73.97209752424733,40.82129769901428,-74.0217212378833,40.828428817028446,N,1225
id0003882,2,2016-05-05 20:06:00,2016-05-05 20:22:11,1,-74.02011360639978,40.77256735030106,-73.96712170404263,40.792875195036515,N,971
id0003883,1,2016-05-06 03:41:00,2016-05-06 04:05:30,1,-73.9971901945468,40.813610230184736,-74.10722582641158,40.79834106903458,N,1470
id0003884,1,2016-06-18 19:04:00,2016-06-18 19:29:27,1,-73.95896630600419,40.72399589776087,-73.88361718359049,40.723872868390885,N,1527
id0003885,1,2016-03-14 13:18:00,2016-03-14 13:36:41,1,-74.07096394684015,40.76052645031099,-74.14472887729517,40.76726440573558,N,1121
id0003886,1,2016-03-05 15:14:00,2016-03-05 15:33:13,1,-74.01648745467897,40.71385107788477,-74.07048451299013,40.677132718152976,N,1153
id0003887,2,2016-04-22 06:36:00,2016-04-22 06:44:00,1,-73.90608088090524,40.739387764076504,-73.89262331419789,40.71118891373749,N,480
id0003888,1,2016-06-10 17:03:00,2016-06-10 17:23:57,1,-74.04251405381306,40.746205309976496,-74.01467187951395,40.78766517390769,N,1257
id0003889,1,2016-05-27 22:59:00,2016-05-27 23:15:18,1,-74.02619636945938,40.72533638006908,-74.0389487136526,40.67100424048151,N,978
id0003890,1,2016-05-23 04:05:00,2016-05-23 04:16:03,1,-73.98427434892102,40.703302371351946,-73.94410707656941,40.71873873996792,N,663
id0003891,1,2016-05-19 02:12:00,2016-05-19 02:21:07,1,-73.96942717572725,40.69439172043563,-74.00527211710127,40.68142362860771,N,547
id0003892,2,2016-01-07 08:51:00,2016-01-07 09:09:02,1,-74.01937522254097,40.65271133479317,-74.03736136014616,40.61908658456152,N,1082
id0003893,1,2016-03-30 09:28:00,2016-03-30 10:01:26,1,-73.98076695892114,40.71046440914235,-73.99436046633285,40.77948202396128,N,2006
id0003894,2,2016-03-05 17:42:00,2016-03-05 17:55:50,1,-73.95156332564433,40.786237225350234,-73.97579113926236,40.752829635706085,N,830
id0003895,1,2016-03-06 19:48:00,2016-03-06 20:12:38,1,-73.877120149693,40.68606756605941,-73.9641581855406,40.6465139960687,N,1478
id0003896,1,2016-06-04 18:59:00,2016-06-04 19:04:02,5,-73.99194344086891,40.69643447191861,-73.9930534588618,40.68989042729539,N,302
id0003897,2,2016-03-13 05:30:00,2016-03-13 05:38:55,5,-73.98727135234373,40.838590435705484,-73.99244667426035,40.81169088351191,N,535
id0003898,2,2016-06-01 07:11:00,2016-06-01 07:35:56,3,-73.90099012097113,40.72935767775683,-73.85247189660417,40.72958100075164,N,1496
id0003899,1,2016-06-14 05:44:00,2016-06-14 05:57:37,1,-74.0152041222064,40.77244707041242,-74.07307162091307,40.77788604579522,N,817
id0003900,2,2016-03-23 20:01:00,2016-03-23 20:11:33,1,-74.05783941680193,40.786904271592526,-74.08661274638506,40.79511730388975,N,633
id0003901,2,2016-01-31 21:55:00,2016-01-31 22:06:08,1,-73.97123630633875,40.78781367584016,-73.91707920119019,40.783477496186634,N,668
id0003902,2,2016-05-07 02:43:00,2016-05-07 02:54:47,5,-73.92581037362017,40.68949585962264,-73.91261237486238,40.664920200014414,N,707
id0003903,1,2016-06-06 01:29:00,2016-06-06 01:39:27,5,-73.96514240756402,40.747602314404524,-73.94042032168699,40.7701214208983,N,627
id0003904,2,2016-03-14 21:46:00,2016-03-14 21:51:41,1,-73.9903358611651,40.68517977287168,-73.96993134811481,40.68127052604403,N,341
id0003905,1,2016-02-05 12:59:00,2016-02-05 13:07:18,1,-74.06466163552241,40.86808430365097,-74.04405741138785,40.850737697729045,N,498
id0003906,2,2016-04-04 17:49:00,2016-04-04 18:15:16,1,-73.98821030848976,40.6862306131193,-73.9062630587216,40.73803039258771,N,1576
id0003907,1,2016-06-27 12:31:00,2016-06-27 12:35:42,1,-73.9171764790526,40.71084719015086,-73.91305714944349,40.70660127153716,N,282
id0003908,2,2016-04-04 02:34:00,2016-04-04 02:45:07,1,-74.05287643948466,40.711172961532135,-74.09838688694259,40.74939249258452,N,667
id0003909,2,2016-03-22 14:21:00,2016-03-22 14:39:08,1,-73.99846109455918,40.69065027854747,-73.96971520767892,40.7335896241963,N,1088
id0003910,1,2016-03-21 01:44:00,2016-03-21 01:58:22,1,-74.00631166026871,40.818866725939046,-74.03180648560893,40.863935275178946,N,862
id0003911,2,2016-05-13 11:37:00,2016-05-13 11:47:50,2,-74.02337375138508,40.86701015554876,-74.0283209153239,40.891200678832654,N,650
id0003912,2,2016-03-03 01:21:00,2016-03-03 01:27:28,2,-73.97136423475145,40.73659128963094,-73.95470608967244,40.736569117240286,N,388
id0003913,2,2016-05-12 17:54:00,2016-05-12 18:04:25,3,-73.96061821173092,40.69858095839201,-73.99757915591577,40.69633949921922,N,625
id0003914,1,2016-06-28 13:10:00,2016-06-28 13:22:57,1,-73.96119452023636,40.65733835255733,-73.98415778388825,40.64879414841042,N,777
id0003915,2,2016-05-20 14:24:00,2016-05-20 14:46:59,1,-74.03872453699883,40.747015107666506,-74.01731135130066,40.671173759216046,N,1379
id0003916,1,2016-06-18 00:20:00,2016-06-18 00:27:22,1,-74.07552910318836,40.743763555957734,-74.10021812689277,40.768921794158906,N,442
id0003917,1,2016-05-23 16:04:00,2016-05-23 16:20:43,1,-73.97056863599082,40.728691674313794,-73.92676629677125,40.73724796913727,N,1003
id0003918,2,2016-06-02 13:05:00,2016-06-02 13:16:17,6,-74.01282554728155,40.767961886428935,-74.05720263918536,40.796855235746236,N,677
id0003919,2,2016-01-08 02:40:00,2016-01-08 02:51:25,1,-73.88389281911722,40.7757827914267,-73.92842141605574,40.771687737125184,N,685
id0003920,1,2016-03-05 05:46:00,2016-03-05 06:05:30,1,-73.88135196671918,40.77253874660721,-73.7955794527602,40.795807627275586,N,1170
id0003921,2,2016-02-19 17:55:00,2016-02-19 18:24:40,1,-73.87551206130821,40.74377438076142,-73.9443722511799,40.69556163356127,N,1780
id0003922,1,2016-06-06 02:28:00,2016-06-06 02:38:57,1,-74.03670609955691,40.70842701766916,-74.03790834336183,40.667502721345,N,657
id0003923,2,2016-02-11 19:22:00,2016-02-11 20:07:00,1,-73.95368470022919,40.7879624894013,-73.87036792708886,40.701295083411054,N,2700
id0003924,2,2016-06-25 03:16:00,2016-06-25 03:19:38,1,-73.93709761155117,40.75856311917397,-73.93838422670663,40.75386089731986,N,218
id0003925,1,2016-05-07 03:27:00,2016-05-07 03:41:54,1,-73.94329051715506,40.79797608861756,-73.88268583704718,40.77093769304531,N,894
id0003926,2,2016-01-23 13:25:00,2016-01-23 13:38:40,1,-74.00449188693067,40.79355339972625,-73.97513051803244,40.76193503409529,N,820
id0003927,2,2016-05-04 08:43:00,2016-05-04 08:48:24,1,-73.9146459303369,40.694020706892886,-73.91497001512747,40.70573354012167,N,324
id0003928,2,2016-03-03 08:31:00,2016-03-03 08:37:24,1,-73.98497387574984,40.69346000066441,-73.99085291251568,40.678567248867495,N,384
id0003929,2,2016-02-24 01:26:00,2016-02-24 01:46:32,3,-73.97795416312854,40.72400066765668,-74.07332344676497,40.67384248241856,N,1232
id0003930,2,2016-06-29 22:03:00,2016-06-29 22:27:30,1,-74.06958083984775,40.71046805662692,-74.08394086454258,40.79953489367325,N,1470
id0003931,2,2016-05-24 10:11:00,2016-05-24 10:18:47,1,-73.94953792667349,40.79198632991893,-73.93908809391108,40.79069095820184,N,467
id0003932,1,2016-05-18 22:22:00,2016-05-18 22:35:23,1,-73.99932264424648,40.77380893541946,-73.98889781331032,40.73589822856671,N,803
id0003933,1,2016-02-26 17:09:00,2016-02-26 17:47:43,1,-73.95943716258446,40.807463279720345,-73.84847351851253,40.78401903858769,N,2323
id0003934,2,2016-04-30 14:02:00,2016-04-30 14:06:32,1,-73.97206874651074,40.77584190678349,-73.95942563353401,40.76978190286817,N,272
id0003935,1,2016-03-03 09:56:00,2016-03-03 10:08:59,1,-73.97504848828349,40.7673892311843,-73.94669194884777,40.7612556225053,N,779
id0003936,1,2016-04-19 17:51:00,2016-04-19 18:12:17,5,-73.98751424648567,40.81198784011549,-73.93509090395223,40.8575635896721,N,1277
id0003937,1,2016-03-13 14:10:00,2016-03-13 14:16:56,1,-73.94173701459367,40.77913773028808,-73.91741445557491,40.77635768177095,N,416
id0003938,2,2016-04-20 22:25:00,2016-04-20 22:43:28,1,-73.99593908952868,40.7610645433547,-73.99981129753182,40.82599682937009,N,1108
id0003939,2,2016-05-15 12:22:00,2016-05-15 12:29:00,3,-74.06503585806992,40.82462038652688,-74.0686892888442,40.809485583486456,N,420
id0003940,2,2016-02-27 08:32:00,2016-02-27 08:46:22,1,-73.95370744164943,40.76318313974188,-73.96948689335007,40.77810840115097,N,862
id0003941,1,2016-01-03 03:26:00,2016-01-03 03:37:22,1,-74.02949530387014,40.744304672778696,-74.009505807559,40.78007397958017,N,682
id0003942,1,2016-01-18 14:50:00,2016-01-18 15:05:11,1,-74.05783440134752,40.72029795335501,-74.06549883379161,40.762128284019916,N,911
id0003943,2,2016-06-13 23:26:00,2016-06-13 23:40:40,1,-74.04122338337784,40.78963614565705,-74.01310124580392,40.835551673267055,N,880
id0003944,1,2016-06-23 14:38:00,2016-06-23 14:47:10,1,-73.96941671913537,40.813667274382915,-74.0148256481002,40.80414686345211,N,550
id0003945,1,2016-05-05 22:53:00,2016-05-05 22:56:35,5,-73.99030853417021,40.7557235669355,-73.98370035354182,40.75553144282588,N,215
id0003946,1,2016-01-20 11:35:00,2016-01-20 12:02:14,1,-74.1,40.816856203070095,-74.03015697053667,40.73007641324037,N,1634
id0003947,1,2016-04-16 18:15:00,2016-04-16 18:20:52,1,-74.00610107686789,40.669349323561285,-74.01620913424841,40.66248897221026,N,352
id0003948,1,2016-03-19 16:56:00,2016-03-19 17:23:11,5,-73.92069228262639,40.75550459813365,-73.83775720941289,40.793698494361195,N,1631
id0003949,1,2016-02-13 04:39:00,2016-02-13 04:47:43,1,-74.00982126190134,40.756195728955305,-74.00245604677154,40.78758500575026,N,523
id0003950,1,2016-03-10 00:41:00,2016-03-10 00:45:19,1,-73.99410121043852,40.72528525324167,-73.99664407908509,40.72225820400632,N,259
id0003951,2,2016-05-22 23:07:00,2016-05-22 23:21:45,5,-73.92763547094701,40.865273746709185,-73.92238763834334,40.92474362721173,N,885
id0003952,2,2016-06-30 08:07:00,2016-06-30 08:16:11,1,-73.94124809079875,40.75502133152901,-73.95526213678612,40.74158114657694,N,551
id0003953,1,2016-06-07 20:20:00,2016-06-07 20:38:28,2,-73.92880369017915,40.739652115277806,-74.01792871337894,40.71458722143711,N,1108
id0003954,1,2016-02-07 02:14:00,2016-02-07 02:23:52,1,-74.1,40.75916829510451,-74.06039213137996,40.742782634371586,N,592
id0003955,2,2016-04-01 06:45:00,2016-04-01 07:06:40,1,-73.88965623288568,40.66787338176634,-73.79098414050806,40.628587105897076,N,1300
id0003956,2,2016-04-06 03:08:00,2016-04-06 03:16:00,5,-73.94999797605146,40.72380594335948,-73.92837865889999,40.745589769469106,N,480
id0003957,2,2016-02-23 05:28:00,2016-02-23 05:34:12,1,-73.84961879722867,40.802245798625044,-73.82525935396764,40.81234266203135,N,372
id0003958,2,2016-03-20 04:22:00,2016-03-20 04:29:15,3,-74.02802793169259,40.729697459028024,-74.0362446025427,40.75104673965108,N,435
id0003959,2,2016-03-10 06:15:00,2016-03-10 06:30:20,2,-74.08198978331069,40.72070061767399,-74.0298892738633,40.706197627356396,N,920
id0003960,2,2016-01-13 15:56:00,2016-01-13 15:59:06,1,-73.98460298488011,40.81692865364315,-73.9863702077108,40.81489609936628,N,186
id0003961,2,2016-03-16 18:11:00,2016-03-16 18:39:32,3,-74.00014547813664,40.818311448042834,-73.98812057371778,40.74206679272352,N,1712
id0003962,1,2016-03-07 06:38:00,2016-03-07 07:01:13,5,-73.94904848090118,40.781264571247256,-74.01948322193708,40.794432465543146,N,1393
id0003963,2,2016-02-25 16:14:00,2016-02-25 16:30:40,3,-73.92587894104776,40.73751971996826,-73.94969932520875,40.74097917089535,Y,1000
id0003964,1,2016-04-21 16:56:00,2016-04-21 17:08:41,1,-73.98980117796837,40.74722380206977,-73.97327028630022,40.7087053339175,N,761
id0003965,2,2016-05-09 14:50:00,2016-05-09 15:00:40,1,-73.9982389425197,40.72181325172913,-73.95741441446343,40.7181502381061,N,640
id0003966,2,2016-01-09 13:02:00,2016-01-09 13:14:33,1,-73.95625040992661,40.71323520964371,-73.91417812153078,40.704210484071254,N,753
id0003967,1,2016-03-03 06:37:00,2016-03-03 07:10:29,1,-73.99909807661308,40.71100125802612,-74.07016121780238,40.772752175751386,N,2009
id0003968,1,2016-01-06 14:49:00,2016-01-06 15:09:02,4,-74.00369901554932,40.73018755169467,-74.07019910543548,40.6930481078102,N,1202
id0003969,2,2016-05-29 11:04:00,2016-05-29 11:11:45,6,-73.92795757837285,40.71143755541919,-73.90167140882537,40.723037471679525,N,465
id0003970,1,2016-06-17 18:02:00,2016-06-17 18:22:20,1,-73.91571221787031,40.68763326966556,-73.94931859533052,40.64945637732182,N,1220
id0003971,2,2016-03-25 09:24:00,2016-03-25 09:51:10,1,-73.92538185658753,40.76787312013893,-73.88512518931566,40.74834754959647,N,1630
id0003972,2,2016-06-20 23:49:00,2016-06-21 00:04:03,5,-73.99425263419991,40.76855680114021,-74.0676102036086,40.778245464519436,N,903
id0003973,1,2016-04-24 11:17:00,2016-04-24 11:22:16,1,-74.1,40.83453567412928,-74.104428447468,40.82713796944907,N,316
id0003974,1,2016-06-07 03:56:00,2016-06-07 03:58:47,1,-73.9931513347516,40.72792477342404,-73.99469199152755,40.72771509345657,N,167
id0003975,1,2016-06-21 12:39:00,2016-06-21 12:47:41,1,-74.02668890069724,40.77132452653305,-74.0050678813321,40.78296980032117,N,521
id0003976,1,2016-04-16 20:10:00,2016-04-16 20:22:30,1,-73.99213487604558,40.772072066067366,-74.03853707587217,40.754792931075414,N,750
id0003977,2,2016-03-22 04:21:00,2016-03-22 04:39:54,5,-74.02190999909946,40.746577309749355,-74.1104143818591,40.7775224384679,N,1134
id0003978,1,2016-05-15 00:50:00,2016-05-15 00:55:25,1,-73.98614069205061,40.79149501149374,-73.97843341778106,40.78080322048042,N,325
id0003979,2,2016-02-01 00:04:00,2016-02-01 00:10:13,1,-74.04216015960773,40.792885313408284,-74.01847079734318,40.78947087225394,N,373
id0003980,1,2016-02-23 23:48:00,2016-02-23 23:57:58,2,-74.05543945901951,40.772733499283895,-74.01010398570102,40.785379393894466,N,598
id0003981,1,2016-04-10 02:03:00,2016-04-10 02:10:13,2,-73.9177519684586,40.74649621327285,-73.93388679286089,40.754441220313616,N,433
id0003982,2,2016-02-06 15:28:00,2016-02-06 15:43:33,5,-74.03833116873523,40.74191114511505,-74.00342549488953,40.764459122474044,N,933
id0003983,2,2016-03-31 09:28:00,2016-03-31 09:38:21,2,-73.9849817606109,40.69645107455413,-73.96312194074093,40.707544828606096,N,621
id0003984,1,2016-06-04 18:28:00,2016-06-04 18:49:49,1,-73.93250168343684,40.72173369996221,-73.87299345493969,40.738149773116675,N,1309
id0003985,1,2016-05-22 10:19:00,2016-05-22 10:23:55,5,-73.93471327305737,40.730009661424425,-73.93720572927936,40.718621623428646,N,295
id0003986,1,2016-06-11 05:07:00,2016-06-11 05:23:50,1,-73.94128334872966,40.70742127069068,-74.0191288173554,40.67001428225769,N,1010
id0003987,1,2016-06-05 13:21:00,2016-06-05 13:37:15,1,-73.96834234170241,40.77779657850095,-73.97138702701528,40.727829216904595,N,975
id0003988,1,2016-03-01 11:48:00,2016-03-01 12:13:40,1,-73.94517981803047,40.81184825410442,-73.94119953434965,40.75337339893694,N,1540
id0003989,2,2016-05-09 16:43:00,2016-05-09 17:07:56,1,-73.90948015270666,40.71713719054519,-73.88616141179872,40.778832625665714,N,1496
id0003990,1,2016-03-08 17:00:00,2016-03-08 17:39:28,1,-73.96162375733026,40.77075486460851,-74.03059446381559,40.69330779522722,N,2368
id0003991,1,2016-06-25 19:18:00,2016-06-25 19:35:23,4,-74.08604612907477,40.71146499872117,-74.10008814574113,40.75324532118537,N,1043
id0003992,1,2016-02-02 04:04:00,2016-02-02 04:16:55,1,-74.01406932633826,40.74427850230774,-73.97500466561785,40.715548086912335,N,775
id0003993,2,2016-02-18 23:50:00,2016-02-19 00:00:46,1,-73.94669964605528,40.726935168937004,-73.95138349142773,40.7684606029612,N,646
id0003994,2,2016-06-20 08:50:00,2016-06-20 09:25:13,6,-74.01949027635402,40.78508530418729,-74.03324832354997,40.70799640321025,N,2113
id0003995,2,2016-02-13 12:48:00,2016-02-13 13:08:25,2,-73.89589416232977,40.727454532177106,-73.81010947442951,40.71922624561119,N,1225
id0003996,1,2016-04-22 17:41:00,2016-04-22 18:02:15,2,-73.98847489054916,40.8035247186168,-74.03662507895658,40.85441557272269,N,1275
id0003997,1,2016-02-23 00:20:00,2016-02-23 00:32:18,2,-73.98031131757523,40.7469425651852,-73.92481935562593,40.77190489990684,N,738
id0003998,2,2016-02-21 18:37:00,2016-02-21 18:55:40,1,-73.9231390690604,40.72876783306823,-73.87718283094605,40.716963541944054,N,1120
id0003999,1,2016-05-02 02:31:00,2016-05-02 02:59:19,1,-73.99505674435201,40.70160126319447,-74.00518923512477,40.63359705764097,N,1699
id0004000,1,2016-05-24 15:57:00,2016-05-24 16:14:09,2,-73.97530476303496,40.76939420296329,-73.97678483792366,40.723107104688005,N,1029
id0004001,2,2016-02-12 07:44:00,2016-02-12 08:23:53,4,-73.93554820838006,40.79828482810018,-73.9371888513629,40.846904976479756,N,2393
id0004002,2,2016-06-27 21:12:00,2016-06-27 21:17:51,1,-74.06597488387085,40.77029945654416,-74.05778723483539,40.75811101450028,N,351
id0004003,2,2016-01-17 02:12:00,2016-01-17 02:19:09,1,-74.00069139893131,40.85874742498865,-74.02744576001601,40.85623358136918,N,429
id0004004,1,2016-01-19 05:02:00,2016-01-19 05:11:11,1,-73.93939656875415,40.82234043536117,-73.95866323894344,40.83226416402576,N,551
id0004005,2,2016-06-26 22:41:00,2016-06-26 22:57:03,1,-73.98139199184115,40.74416125058774,-73.99737709573155,40.698561888629676,N,963
id0004006,2,2016-01-11 02:05:00,2016-01-11 02:09:53,1,-73.90429664033574,40.74368876547869,-73.91884503686269,40.75794392177309,N,293
id0004007,2,2016-02-27 06:13:00,2016-02-27 06:21:36,1,-74.07167578470028,40.779136352376845,-74.08565981507512,40.76444981055343,N,516
id0004008,2,2016-01-23 01:11:00,2016-01-23 01:24:52,1,-74.07795009723704,40.720289136880844,-74.15,40.730568734375986,N,832
id0004009,2,2016-02-10 11:25:00,2016-02-10 11:31:51,1,-73.94266724158575,40.81048297379397,-73.93827303262893,40.79025119157517,N,411
id0004010,1,2016-01-14 11:14:00,2016-01-14 11:26:16,1,-73.9373806031787,40.774272023482965,-73.96111665328563,40.719212961380826,N,736
id0004011,1,2016-03-06 07:00:00,2016-03-06 07:25:04,1,-73.99562875037574,40.76954065098864,-74.07963524927341,40.754582612375216,N,1504
id0004012,2,2016-02-23 19:27:00,2016-02-23 19:41:31,1,-73.96297830799749,40.78891291504969,-73.97873060366848,40.81134013164847,N,871
id0004013,1,2016-01-29 20:00:00,2016-01-29 20:09:54,1,-73.94401361623027,40.83552734475161,-73.9611567027406,40.849319447869306,N,594
id0004014,2,2016-05-10 19:11:00,2016-05-10 19:23:55,1,-74.02976247632185,40.76569299084844,-73.97237647260314,40.76677557120516,N,775
id0004015,1,2016-01-07 12:14:00,2016-01-07 12:27:07,1,-74.0238766606277,40.75291318331079,-74.04814200875703,40.78434779816615,N,787
id0004016,1,2016-03-27 07:41:00,2016-03-27 07:51:54,4,-73.97456506014407,40.82589238304952,-73.94451450204977,40.81876659261047,N,654
id0004017,1,2016-02-25 13:54:00,2016-02-25 14:09:09,1,-73.93527510720584,40.80153976871961,-73.87304856705349,40.80350943971014,N,909
id0004018,1,2016-04-28 08:20:00,2016-04-28 08:35:03,2,-74.04912763094968,40.74355590718274,-74.07739072285565,40.72676406639346,N,903
id0004019,2,2016-03-02 11:47:00,2016-03-02 12:02:54,1,-73.99588711975643,40.75823339018966,-73.99802449420021,40.79171501937603,N,954
id0004020,2,2016-03-27 00:39:00,2016-03-27 00:57:28,1,-73.99843301474374,40.76679214121725,-73.92064188487281,40.77699564038751,N,1108
id0004021,2,2016-05-27 14:31:00,2016-05-27 14:39:48,1,-73.96201224922265,40.77428158250723,-73.95170832224093,40.75478804865116,N,528
id0004022,1,2016-01-27 06:46:00,2016-01-27 07:00:08,1,-73.98547841035048,40.696953006707744,-73.96865966745737,40.64483696557927,N,848
id0004023,2,2016-03-20 06:51:00,2016-03-20 07:04:04,1,-74.01502359710916,40.68858819264893,-74.03335002368773,40.72726183727037,N,784
id0004024,1,2016-04-12 07:29:00,2016-04-12 07:41:17,1,-73.91632888205834,40.718067449009894,-73.88541159468889,40.69202517221843,N,737
id0004025,2,2016-05-14 02:08:00,2016-05-14 02:10:56,1,-74.01465916148915,40.71458677006449,-74.016443079105,40.71710902240163,N,176
id0004026,1,2016-04-07 15:46:00,2016-04-07 16:27:09,4,-74.00106529996619,40.72902791937124,-74.08350993217078,40.8113689082813,N,2469
id0004027,1,2016-05-13 21:35:00,2016-05-13 21:47:52,1,-74.07253236997558,40.786561978894056,-74.0885178340048,40.81461481285472,N,772
id0004028,2,2016-05-24 20:20:00,2016-05-24 20:39:28,2,-74.02424942322652,40.75039818796539,-74.07749246878642,40.80678842357433,N,1168
id0004029,2,2016-05-23 14:19:00,2016-05-23 14:27:59,1,-73.95661581580136,40.76683775722546,-73.95156497240909,40.74800338878652,N,539
id0004030,1,2016-04-22 00:16:00,2016-04-22 00:31:19,1,-73.96736689240048,40.7029063465481,-74.00862465176813,40.740390520436804,N,919
id0004031,1,2016-06-16 04:02:00,2016-06-16 04:07:34,2,-73.95202656554638,40.73722610086856,-73.93051078459021,40.73815951562188,N,334
id0004032,1,2016-01-05 03:06:00,2016-01-05 03:11:52,1,-73.954695974273,40.78442659477852,-73.95268162033098,40.79723718700542,N,352
id0004033,2,2016-03-31 18:01:00,2016-03-31 18:25:48,1,-73.87017572800377,40.784772860617956,-73.92633613316482,40.85550232057434,N,1488
id0004034,1,2016-05-25 23:21:00,2016-05-25 23:27:03,1,-74.02613223550958,40.725394177731545,-74.0482964507122,40.7156415738863,N,363
id0004035,2,2016-01-19 22:04:00,2016-01-19 22:12:12,1,-74.07406830588891,40.76527480738708,-74.04614298431551,40.76594871326576,N,492
id0004036,2,2016-05-28 21:52:00,2016-05-28 22:12:02,5,-74.04278041478393,40.856948153406705,-73.9911207281723,40.825335640603925,N,1202
id0004037,2,2016-01-08 00:52:00,2016-01-08 01:03:50,1,-74.02370085097074,40.7572080931835,-74.06430980637806,40.788304492640286,N,710
id0004038,1,2016-05-23 03:33:00,2016-05-23 03:46:34,1,-74.03858798151393,40.726806587423596,-74.08797280378627,40.70718464598357,N,814
id0004039,2,2016-02-04 00:25:00,2016-02-04 00:50:09,1,-73.97984865337953,40.75018069247871,-73.89205433106599,40.785975557032366,N,1509
id0004040,2,2016-05-01 11:43:00,2016-05-01 12:01:21,1,-73.91610398019436,40.76214796983871,-73.91654353778664,40.70440100637764,N,1101
id0004041,1,2016-05-30 21:59:00,2016-05-30 22:08:08,1,-73.90031875098666,40.75119742286893,-73.89620264889717,40.7703997553831,N,548
id0004042,2,2016-05-28 04:25:00,2016-05-28 04:33:05,1,-73.95726303239843,40.75658903846956,-73.99053562987801,40.734059772757355,N,485
id0004043,2,2016-04-14 12:45:00,2016-04-14 12:55:49,1,-73.86723002815003,40.69304489413784,-73.85754511786571,40.7186130115144,N,649
id0004044,2,2016-06-14 07:56:00,2016-06-14 08:25:25,1,-74.00460051811115,40.714681628621136,-73.92742121266684,40.71420705757124,N,1765
id0004045,1,2016-01-26 12:02:00,2016-01-26 12:11:21,2,-74.07478854731013,40.75127991433178,-74.06334211021158,40.73254305231139,N,561
id0004046,2,2016-02-13 00:57:00,2016-02-13 01:09:37,1,-73.92707520626615,40.750562941348996,-73.87915186005488,40.73703335475834,N,757
id0004047,2,2016-01-25 03:21:00,2016-01-25 03:29:09,2,-74.0861226915462,40.732521482631306,-74.08481841800206,40.702757892129256,N,489
id0004048,1,2016-05-10 22:18:00,2016-05-10 22:32:44,1,-74.02652516624849,40.75003438862656,-74.07268630982657,40.77935696006279,N,884
id0004049,1,2016-06-11 06:05:00,2016-06-11 06:23:24,1,-73.95639382721674,40.76074566849364,-73.98713947733494,40.72404336126375,N,1104
id0004050,1,2016-06-18 08:04:00,2016-06-18 08:20:33,6,-73.99063098140269,40.798023605543605,-74.04093207929141,40.78867585318796,N,993
id0004051,2,2016-04-04 15:29:00,2016-04-04 15:34:32,1,-73.99550240195794,40.75353547191483,-73.98570200569654,40.765618857204416,N,332
id0004052,1,2016-01-25 00:46:00,2016-01-25 01:05:02,1,-74.0499434518051,40.77595964423843,-73.99486845609086,40.83243195262912,N,1142
id0004053,1,2016-02-01 06:50:00,2016-02-01 06:53:05,1,-73.98559413141884,40.73362798643548,-73.97834863902204,40.73330253540426,N,185
id0004054,1,2016-04-23 23:48:00,2016-04-23 23:52:21,1,-73.92979856311942,40.78374430756193,-73.94364874495778,40.775256437033086,N,261
id0004055,2,2016-06-12 04:59:00,2016-06-12 05:08:47,1,-73.98390176459051,40.774907863392556,-74.01943555344344,40.78448508367162,N,587
id0004056,2,2016-06-28 19:31:00,2016-06-28 20:08:06,1,-74.03066242338026,40.796961765143095,-74.01466735955223,40.72439051759449,N,2226
id0004057,2,2016-05-11 04:08:00,2016-05-11 04:23:35,1,-74.05361461533285,40.790105720810004,-74.10933055770856,40.74815312128583,N,935
id0004058,2,2016-06-09 07:27:00,2016-06-09 07:47:14,1,-74.02952770206255,40.784493103029654,-74.08056225058439,40.77135527556891,N,1214
id0004059,1,2016-03-27 22:53:00,2016-03-27 23:04:04,1,-73.96342164361721,40.7535712166104,-73.92291429657338,40.72861729633476,N,664
id0004060,2,2016-02-05 16:32:00,2016-02-05 16:54:04,1,-73.96610187557022,40.769022265217004,-73.97859995337555,40.712993100093485,N,1324
id0004061,2,2016-03-25 15:24:00,2016-03-25 15:35:51,3,-74.02902789053276,40.80585790178032,-74.0424133292185,40.835880154571186,N,711
id0004062,1,2016-01-19 02:16:00,2016-01-19 02:22:20,2,-74.1,40.728656644376876,-74.10760797073407,40.73774812991138,N,380
id0004063,2,2016-05-02 10:08:00,2016-05-02 10:18:53,1,-73.96189929799803,40.72972164995864,-73.92923509999446,40.73463093361353,N,653
id0004064,2,2016-02-29 23:04:00,2016-02-29 23:11:18,1,-74.03437390694364,40.76616441290777,-74.02692628665754,40.74187472261737,N,438
id0004065,2,2016-03-02 13:44:00,2016-03-02 13:53:08,2,-73.94710156365416,40.776687586061946,-73.98054022852912,40.77946633982518,N,548
id0004066,2,2016-01-01 13:09:00,2016-01-01 13:18:08,1,-74.02658603031702,40.720915207533125,-74.0584051800797,40.73892093861356,N,548
id0004067,1,2016-06-30 23:36:00,2016-06-30 23:40:07,4,-74.03933452495184,40.7546356846464,-74.04811451143996,40.74536432275979,N,247
id0004068,1,2016-03-18 18:50:00,2016-03-18 19:02:01,2,-73.97657554510072,40.753770055159706,-73.9629756566795,40.76933008353312,N,721
id0004069,2,2016-05-22 18:56:00,2016-05-22 19:09:35,1,-73.85532654234855,40.658312394797846,-73.85692448980596,40.63045027793397,N,815
id0004070,2,2016-04-04 13:30:00,2016-04-04 13:34:09,2,-73.9438033504886,40.74811827048336,-73.94940540886638,40.751530256438,N,249
id0004071,1,2016-04-26 15:42:00,2016-04-26 15:58:11,1,-73.97750793854368,40.75092069752182,-73.97542517838598,40.79090813742423,N,971
id0004072,1,2016-03-26 03:53:00,2016-03-26 04:06:01,1,-73.96526316549905,40.750786817572966,-73.9668932637283,40.79390750719813,N,781
id0004073,1,2016-05-05 02:47:00,2016-05-05 02:55:43,5,-74.0813113723817,40.82171614235598,-74.11642860299709,40.86818175052922,N,523
id0004074,1,2016-02-06 08:50:00,2016-02-06 09:05:42,2,-74.04672872039139,40.7032890765671,-73.99691142933614,40.71328397110725,N,942
id0004075,1,2016-06-30 06:53:00,2016-06-30 06:59:43,1,-74.1,40.7208919842958,-74.12170401548363,40.72199847271582,N,403
id0004076,1,2016-03-18 20:51:00,2016-03-18 20:58:35,3,-73.88985693579829,40.640451189075634,-73.88404201101751,40.62474357701005,N,455
id0004077,2,2016-01-02 23:05:00,2016-01-02 23:36:05,1,-73.90099376839643,40.73635875002217,-73.99370885446815,40.67309678354406,N,1865
id0004078,2,2016-06-22 08:34:00,2016-06-22 08:49:15,2,-73.96339498105817,40.74019604006433,-73.97307782402079,40.693124550690314,N,915
id0004079,1,2016-01-05 03:41:00,2016-01-05 03:53:19,5,-73.97756866933037,40.73505102706496,-74.02705018168395,40.729169103046175,N,739
id0004080,2,2016-03-26 23:00:00,2016-03-26 23:10:29,2,-74.07033745013737,40.807845480276775,-74.11439342977384,40.80405538455728,N,629
id0004081,2,2016-05-22 21:00:00,2016-05-22 21:30:24,1,-73.99706149781379,40.796727788505166,-73.88806313020028,40.84615559451339,N,1824
id0004082,1,2016-03-08 10:11:00,2016-03-08 10:28:55,1,-73.88641844668778,40.76150355259203,-73.87518978115939,40.807521522120176,N,1075
id0004083,1,2016-02-08 02:37:00,2016-02-08 02:46:11,4,-73.97777212009923,40.74132241259071,-73.92260112208703,40.71729539763868,N,551
id0004084,1,2016-02-13 18:31:00,2016-02-13 18:48:10,1,-74.01605555564166,40.804178535064814,-73.97756689439223,40.83281993509293,N,1030
id0004085,1,2016-05-04 16:48:00,2016-05-04 17:09:50,5,-74.0816938863002,40.75711089630739,-74.0374479566103,40.7404134860473,N,1310
id0004086,1,2016-04-14 10:14:00,2016-04-14 10:23:22,1,-73.9090831849748,40.72117784824867,-73.9180414097465,40.745069420253806,N,562
id0004087,2,2016-04-01 14:35:00,2016-04-01 14:59:02,1,-73.98885460905652,40.6807688095132,-73.9165665185205,40.70897942999693,N,1442
id0004088,2,2016-04-03 14:17:00,2016-04-03 14:37:09,1,-74.08162036193495,40.738140847774694,-74.04351943349901,40.78161409619987,N,1209
id0004089,1,2016-02-27 23:57:00,2016-02-28 00:01:38,1,-74.03583461251394,40.79195896277277,-74.03397453968283,40.774716445355374,N,278
id0004090,2,2016-06-19 04:24:00,2016-06-19 04:32:00,1,-74.05526459095469,40.86044424102944,-74.0434165578541,40.895944870080776,N,480
id0004091,1,2016-02-12 02:29:00,2016-02-12 02:53:44,1,-73.99224589391416,40.760772465578526,-73.99839885265497,40.69522397431428,N,1484
id0004092,1,2016-06-01 10:22:00,2016-06-01 10:40:05,4,-73.9735963566713,40.72355900181959,-73.97124559335231,40.76892655067345,N,1085
id0004093,1,2016-05-21 08:49:00,2016-05-21 08:53:05,1,-74.01267693853532,40.70467656562721,-74.01463897161422,40.70380098032856,N,245
id0004094,2,2016-01-02 05:21:00,2016-01-02 05:26:09,1,-73.94226243719322,40.78283797033375,-73.92509342378757,40.78270749040425,N,309
id0004095,1,2016-02-01 02:50:00,2016-02-01 03:11:44,1,-73.98066587677401,40.67859227764271,-73.90236705571054,40.60728199994354,N,1304
id0004096,2,2016-04-10 12:21:00,2016-04-10 12:34:33,1,-73.92657281881003,40.78276552956322,-73.98080745407317,40.76916222350956,N,813
id0004097,1,2016-01-29 21:17:00,2016-01-29 21:37:41,1,-74.00464567429444,40.794797022281834,-73.95323970993654,40.84223880126831,N,1241
id0004098,1,2016-06-04 03:47:00,2016-06-04 03:53:07,3,-73.81750709243939,40.77763257539548,-73.83407764420639,40.76269800918588,N,367
id0004099,2,2016-03-21 10:21:00,2016-03-21 10:35:26,1,-74.01604687979106,40.74811522476277,-73.95891203811915,40.773086421396904,N,866
id0004100,2,2016-06-01 07:18:00,2016-06-01 07:25:21,1,-74.03468314954657,40.78342232940961,-74.04968819088221,40.784631758879605,N,441
id0004101,2,2016-01-22 17:00:00,2016-01-22 17:19:31,1,-74.04144653025527,40.76569222670078,-74.02287261481096,40.802885646586766,N,1171
id0004102,2,2016-01-05 08:51:00,2016-01-05 09:02:03,1,-73.99660173996048,40.72298442711627,-74.00374973115628,40.72968696089842,N,663
id0004103,1,2016-04-26 18:07:00,2016-04-26 18:34:41,1,-74.07957448499762,40.841268554506875,-74.15,40.80865515091844,N,1661
id0004104,2,2016-05-25 23:26:00,2016-05-25 23:44:17,1,-73.96879904358947,40.74217442791753,-73.89054508415624,40.744150201712245,N,1097
id0004105,1,2016-06-29 12:55:00,2016-06-29 13:14:04,1,-74.08979170732606,40.792908853520245,-74.13221561993454,40.84895144514979,N,1144
id0004106,1,2016-05-23 08:06:00,2016-05-23 08:14:15,2,-73.97610809917686,40.6491623572787,-73.97233337042482,40.66657993500996,N,495
id0004107,2,2016-05-16 02:53:00,2016-05-16 03:03:47,1,-74.0593188459253,40.81544118972514,-74.10667782630318,40.81136556896986,N,647
id0004108,1,2016-01-11 13:09:00,2016-01-11 13:37:50,1,-74.00597113740591,40.824094368509456,-74.06613621172285,40.903045402179124,N,1730
id0004109,1,2016-04-19 18:55:00,2016-04-19 19:14:35,1,-73.95175027804773,40.7593425204207,-73.96097257083373,40.79991507001034,N,1175
id0004110,1,2016-05-09 21:02:00,2016-05-09 21:12:42,2,-73.8582779273868,40.7831446965632,-73.88498593417995,40.811730383602146,N,642
id0004111,1,2016-03-12 19:46:00,2016-03-12 20:03:59,5,-74.04429002864296,40.783133183172346,-74.09688670460176,40.7942401694559,N,1079
id0004112,2,2016-06-30 20:24:00,2016-06-30 20:34:18,1,-73.99326745971845,40.72907473936617,-73.99486192738118,40.75463432358246,N,618
id0004113,1,2016-06-28 19:32:00,2016-06-28 19:54:56,1,-74.02480672711265,40.78262050374477,-74.09149252965204,40.80931612630617,N,1376
id0004114,2,2016-06-04 19:15:00,2016-06-04 19:42:02,1,-74.03284286774084,40.72161162885574,-74.02719654681219,40.64521309176141,N,1622
id0004115,2,2016-06-09 03:35:00,2016-06-09 03:39:31,1,-74.02432353314832,40.730605938435964,-74.03005324000321,40.74442870588499,N,271
id0004116,1,2016-04-13 09:08:00,2016-04-13 09:54:03,1,-73.93967634383996,40.808712441444555,-74.05129461539252,40.80308423636781,N,2763
id0004117,2,2016-05-29 08:20:00,2016-05-29 08:36:07,1,-74.01184307253267,40.80185959608151,-74.03538301816991,40.78436742652173,N,967
id0004118,2,2016-01-13 23:12:00,2016-01-13 23:17:45,1,-73.8612878015951,40.72621310240479,-73.84020935113489,40.71937279760324,N,345
id0004119,1,2016-02-11 20:40:00,2016-02-11 20:59:29,3,-73.96212114092579,40.724989064542456,-74.00998070574883,40.67053436050368,N,1169
id0004120,2,2016-04-30 20:08:00,2016-04-30 20:31:36,1,-74.04055058636457,40.72894815288941,-74.01751993761496,40.66578679938811,N,1416
id0004121,1,2016-01-23 11:48:00,2016-01-23 12:03:23,1,-74.00516878501797,40.79096878049095,-73.98569822057186,40.834596365101646,N,923
id0004122,2,2016-05-27 23:00:00,2016-05-27 23:10:24,1,-74.02910158445219,40.71300068486354,-74.07489904866505,40.72917620855335,N,624
id0004123,2,2016-02-02 09:14:00,2016-02-02 09:43:16,1,-73.94099622408793,40.77405206875662,-73.94154892773669,40.68959664430419,N,1756
id0004124,1,2016-03-04 13:20:00,2016-03-04 13:26:53,1,-74.07513288111109,40.79160810647855,-74.03800828236044,40.77143464752949,N,413
id0004125,1,2016-02-17 01:57:00,2016-02-17 02:07:59,2,-74.05875232592398,40.75402895473681,-74.0981913262947,40.78484826540569,N,659
id0004126,1,2016-04-08 12:04:00,2016-04-08 12:09:14,3,-74.0175350365312,40.803452866358924,-74.02679651162236,40.7936523632787,N,314
id0004127,1,2016-01-15 20:51:00,2016-01-15 21:11:43,1,-73.94743792637739,40.74430604237296,-73.89567716606824,40.7878812157559,N,1243
id0004128,2,2016-05-27 19:39:00,2016-05-27 20:04:23,1,-73.91718168488475,40.74837649795528,-73.95577512779892,40.78511781092996,N,1523
id0004129,2,2016-06-10 16:37:00,2016-06-10 16:51:54,1,-73.9090701795075,40.71402391959907,-73.8884080566464,40.666539027273195,N,894
id0004130,1,2016-05-15 23:07:00,2016-05-15 23:19:14,1,-73.95586091640288,40.80377298064291,-74.00442451627603,40.7987566371832,N,734
id0004131,1,2016-02-03 16:57:00,2016-02-03 17:06:37,2,-73.98955892449969,40.72350657988596,-73.99680221014347,40.70782345001765,N,577
id0004132,2,2016-02-22 21:11:00,2016-02-22 21:27:32,2,-73.94129558032273,40.77373973179718,-73.9211928781669,40.72511639149486,N,992
id0004133,1,2016-02-11 05:49:00,2016-02-11 06:16:04,3,-74.04794753395875,40.754790776979334,-74.15,40.7038911756094,N,1624
id0004134,2,2016-04-19 13:54:00,2016-04-19 14:03:05,1,-74.0864561472109,40.71062476215998,-74.11050068586124,40.68241400804152,N,545
id0004135,2,2016-06-10 15:28:00,2016-06-10 15:37:14,6,-73.96098493322724,40.730590358527955,-73.94166499650385,40.708157969195014,N,554
id0004136,1,2016-06-09 00:24:00,2016-06-09 00:27:21,5,-74.04031231294319,40.82022925075684,-74.03014932802925,40.83014229296035,N,201
id0004137,2,2016-06-23 09:10:00,2016-06-23 09:26:34,1,-73.9885918702691,40.767074589418556,-74.01209889757777,40.80362206098106,N,994
id0004138,1,2016-05-05 11:52:00,2016-05-05 12:04:10,1,-73.978420514127,40.712588234638496,-74.02812670437815,40.73056580809193,N,730
id0004139,1,2016-02-10 08:44:00,2016-02-10 09:00:52,2,-73.9713534242452,40.771739772930694,-73.94307250454645,40.79800280134052,N,1012
id0004140,2,2016-03-13 11:11:00,2016-03-13 11:18:00,1,-73.93342146538112,40.75142486857825,-73.9479297685696,40.74209324482678,N,420
id0004141,1,2016-02-23 12:59:00,2016-02-23 13:09:11,1,-73.93923586464395,40.9,-73.91469524057064,40.92110500688145,N,611
id0004142,2,2016-01-12 13:51:00,2016-01-12 13:55:17,1,-73.97427499630578,40.770830572860405,-73.95716495520749,40.76563744850475,N,257
id0004143,1,2016-05-25 14:50:00,2016-05-25 14:58:04,1,-74.00931084042581,40.740871881882015,-74.0294446632764,40.72542034846817,N,484
id0004144,2,2016-04-15 05:03:00,2016-04-15 05:20:32,3,-73.9790730851228,40.82190125630042,-73.93080780668805,40.88829978951177,N,1052
id0004145,1,2016-06-25 14:06:00,2016-06-25 14:27:57,2,-74.01779157291712,40.675153372471826,-74.04453406536875,40.593586713992664,N,1317
id0004146,2,2016-06-02 02:34:00,2016-06-02 02:52:48,5,-73.99580359071034,40.76224440703715,-73.9422331618735,40.69667875663139,N,1128
id0004147,1,2016-04-28 05:47:00,2016-04-28 05:56:27,1,-73.84100046170308,40.84774928226065,-73.78154229782844,40.86114377365533,N,567
id0004148,1,2016-01-08 22:57:00,2016-01-08 23:07:22,2,-73.97497956645141,40.75277103220381,-73.92772440609934,40.74349665000518,N,622
id0004149,1,2016-03-21 13:12:00,2016-03-21 13:30:03,1,-73.96023652406294,40.68000145299084,-73.96836177596442,40.629707000734996,N,1083
id0004150,1,2016-03-27 10:19:00,2016-03-27 10:50:09,1,-74.02380143569667,40.74018369160152,-73.90918287420011,40.703272308310794,N,1869
id0004151,1,2016-05-02 18:33:00,2016-05-02 18:44:44,4,-73.92889596209636,40.82345331184316,-73.92206296143735,40.791099108953,N,704
id0004152,1,2016-04-13 04:40:00,2016-04-13 04:49:23,2,-73.94318501675352,40.774923131834434,-73.93233747520543,40.806154910634014,N,563
id0004153,1,2016-05-22 00:16:00,2016-05-22 00:26:17,1,-73.94279560949397,40.72025147507194,-73.94378837002968,40.76268584015919,N,617
id0004154,1,2016-01-05 00:20:00,2016-01-05 00:42:54,1,-73.97318098142856,40.727164073676946,-74.0240204728961,40.784548763460016,N,1374
id0004155,1,2016-01-21 12:04:00,2016-01-21 12:25:27,1,-73.92811954473282,40.73281348779826,-73.86984124905051,40.677198095020934,N,1287
id0004156,1,2016-06-22 09:21:00,2016-06-22 09:35:30,1,-73.91505731418509,40.774253904782434,-73.94081546851997,40.72640458114453,N,870
id0004157,2,2016-03-20 05:22:00,2016-03-20 05:39:05,1,-73.96942955943578,40.81821882598224,-73.9280470632641,40.76797189937472,N,1025
id0004158,1,2016-05-29 17:31:00,2016-05-29 17:56:25,1,-73.99130367974502,40.80535903557597,-73.93912378987068,40.850469030777916,N,1525
id0004159,2,2016-06-05 00:41:00,2016-06-05 00:47:56,3,-73.93579859554369,40.77852054819491,-73.90864913341898,40.793123404099596,N,416
id0004160,1,2016-01-22 22:47:00,2016-01-22 22:57:30,1,-74.03472689186079,40.698075985797416,-74.06586550927621,40.70088295837385,N,630
id0004161,2,2016-05-08 09:17:00,2016-05-08 09:27:37,1,-74.02448781543384,40.698243036870295,-74.0398363369319,40.706280041154955,N,637
id0004162,1,2016-02-01 15:30:00,2016-02-01 15:55:48,1,-73.98793151885867,40.78199634095462,-74.10839994698934,40.78000910125476,N,1548
id0004163,2,2016-01-28 23:41:00,2016-01-28 23:54:16,1,-74.0807746387641,40.697453800593024,-74.08601568330059,40.658213828933796,N,796
id0004164,1,2016-02-14 11:02:00,2016-02-14 11:14:20,1,-73.939482259954,40.74784948405192,-73.9033603015075,40.76581053169439,N,740
id0004165,2,2016-05-17 10:46:00,2016-05-17 10:51:02,1,-74.03796026381062,40.77168677007838,-74.04864799236931,40.7651719223805,N,302
id0004166,2,2016-01-17 22:53:00,2016-01-17 23:10:12,1,-74.0109320061826,40.70680827020868,-74.03748561933418,40.66479701723691,N,1032
id0004167,1,2016-05-01 11:22:00,2016-05-01 11:32:28,1,-73.99673037776239,40.71190819495386,-74.01012898934732,40.73200818554139,N,628
id0004168,2,2016-03-10 09:27:00,2016-03-10 09:41:54,1,-73.98283922481362,40.75376455209445,-73.92814775614926,40.738861984824915,N,894
id0004169,2,2016-02-18 03:59:00,2016-02-18 04:03:13,3,-74.00390093020327,40.780664262938586,-74.00634738620347,40.788626184978035,N,253
id0004170,1,2016-02-13 15:48:00,2016-02-13 16:06:23,1,-73.98870540759766,40.80576834466862,-73.90509917965927,40.80139407402319,N,1103
id0004171,2,2016-03-03 14:36:00,2016-03-03 14:48:08,1,-73.98827951978147,40.78531740456468,-74.01396252750128,40.81651566159255,N,728
id0004172,1,2016-03-04 12:52:00,2016-03-04 12:55:40,1,-74.0095867026695,40.76131454677465,-73.99981127233859,40.769020250872664,N,220
id0004173,2,2016-02-27 05:19:00,2016-02-27 05:29:13,1,-74.02752569517013,40.72442123608994,-74.04702878182334,40.69349172996995,N,613
id0004174,2,2016-04-04 07:34:00,2016-04-04 08:06:29,1,-73.92551893416044,40.709809185187,-73.83216704554133,40.72107929801085,N,1949
id0004175,2,2016-06-29 18:30:00,2016-06-29 18:38:42,4,-74.1,40.73501053102519,-74.09191326099108,40.747424636381744,N,522
id0004176,2,2016-03-23 04:16:00,2016-03-23 04:33:35,1,-73.99631433374552,40.77644710132413,-73.90055090757146,40.79434375541549,N,1055
id0004177,1,2016-02-03 10:29:00,2016-02-03 10:43:11,1,-74.01078947095363,40.773148066798235,-74.02969521092423,40.80940366571385,N,851
id0004178,1,2016-04-21 07:38:00,2016-04-21 08:08:09,1,-73.96196646823005,40.663504410642375,-73.89322540531657,40.64194501316118,N,1809
id0004179,2,2016-05-30 22:53:00,2016-05-30 23:00:52,2,-74.06498610380855,40.722644533727966,-74.05967595205624,40.74602228207928,N,472
id0004180,1,2016-04-19 03:23:00,2016-04-19 03:43:27,1,-74.01248819376839,40.81220283982228,-73.97483869201383,40.75183423649785,N,1227
id0004181,2,2016-04-06 13:48:00,2016-04-06 14:05:32,1,-73.99062978536944,40.76156467715119,-74.04551677937535,40.7573652086161,N,1052
id0004182,1,2016-05-01 18:17:00,2016-05-01 18:27:36,1,-73.92614595142962,40.69423459891037,-73.9104673237152,40.6846215029421,N,636
id0004183,2,2016-06-09 06:07:00,2016-06-09 06:21:59,2,-73.96672982682625,40.86401195317192,-74.01484024653584,40.914686535878225,N,899
id0004184,2,2016-01-14 22:24:00,2016-01-14 22:29:07,1,-74.05009185159778,40.75669762204584,-74.03852251356606,40.75122588203166,N,307
id0004185,1,2016-06-27 16:46:00,2016-06-27 17:11:23,5,-74.01181121952963,40.775295028169104,-74.08013877191635,40.79657463540511,N,1523
id0004186,2,2016-06-11 13:28:00,2016-06-11 13:49:01,3,-73.93626717560366,40.77597861402204,-73.94050091148438,40.714316362221496,N,1261
id0004187,1,2016-06-23 22:00:00,2016-06-23 22:10:41,1,-74.05104261762577,40.74145820402279,-74.00174007595507,40.72914667525869,N,641
id0004188,2,2016-03-31 16:26:00,2016-03-31 16:41:26,1,-73.98932543476047,40.72525918431804,-73.96468551020574,40.69563658895787,N,926
id0004189,2,2016-06-04 11:22:00,2016-06-04 11:46:41,4,-73.98550162488894,40.85347537432797,-74.04102937712052,40.94011826364331,N,1481
id0004190,1,2016-01-15 21:22:00,2016-01-15 21:39:11,1,-74.00621806829564,40.803144264132804,-74.0916454555233,40.779806377633555,N,1031
id0004191,1,2016-03-16 06:29:00,2016-03-16 06:35:55,1,-73.83673365194606,40.79498717404989,-73.81437114582533,40.79755194159304,N,415
id0004192,2,2016-06-09 01:55:00,2016-06-09 02:11:24,1,-74.00770023026962,40.78393301362732,-73.9365462844785,40.78836316670695,N,984
id0004193,2,2016-02-19 08:54:00,2016-02-19 09:23:08,1,-73.96026291623477,40.712850717433724,-74.00364048789393,40.65721897725094,N,1748
id0004194,1,2016-05-18 23:14:00,2016-05-18 23:31:35,1,-74.02714656161206,40.81548885862831,-73.93276337809412,40.797077619259305,N,1055
id0004195,1,2016-02-28 03:33:00,2016-02-28 03:37:46,2,-73.95597386044003,40.72005903038947,-73.95626605840764,40.734225858332195,N,286
id0004196,1,2016-04-17 05:24:00,2016-04-17 05:45:24,1,-73.93710668217314,40.770747905916785,-74.02524789118849,40.77374818555023,N,1284
id0004197,1,2016-04-28 20:54:00,2016-04-28 21:23:06,1,-74.01733802202104,40.6842274542541,-74.08757763807314,40.60371307023382,N,1746
id0004198,2,2016-06-08 18:42:00,2016-06-08 18:55:45,1,-73.98800859983702,40.666161351720866,-73.9533608881153,40.646316651163204,N,825
id0004199,2,2016-03-03 05:14:00,2016-03-03 05:23:40,1,-74.034240387344,40.772323104119394,-74.02840982550643,40.808051862270034,N,580
id0004200,1,2016-05-23 07:47:00,2016-05-23 08:14:21,1,-74.04794220966275,40.72159053297623,-73.98124226620206,40.74217833543218,N,1641
id0004201,2,2016-03-20 03:35:00,2016-03-20 03:55:53,1,-73.92797625121248,40.668487459291626,-73.9818918657139,40.71111862660551,N,1253
id0004202,1,2016-03-12 14:13:00,2016-03-12 14:26:19,6,-74.0154700520236,40.78232742763262,-74.01013778610623,40.74782977082281,N,799
id0004203,2,2016-01-15 12:17:00,2016-01-15 12:29:38,2,-74.1,40.85340363469729,-74.09969575223752,40.89823616843206,N,758
id0004204,1,2016-01-14 21:23:00,2016-01-14 21:27:39,2,-73.88790541139285,40.820530211636104,-73.89434106493043,40.818975999945984,N,279
id0004205,2,2016-05-20 07:46:00,2016-05-20 08:17:48,1,-74.02911524276844,40.746420695163046,-74.04633256805755,40.802148482695905,N,1908
id0004206,1,2016-01-20 00:55:00,2016-01-20 00:58:49,1,-73.99855051740614,40.75839803880137,-74.01487198930538,40.7585136939943,N,229
id0004207,2,2016-01-21 06:53:00,2016-01-21 07:16:35,1,-73.89475014219781,40.79794678155528,-73.88689108010519,40.72628513931028,N,1415
id0004208,1,2016-02-03 17:42:00,2016-02-03 17:54:44,2,-73.99279581518032,40.808495760892576,-73.9791796689276,40.83821967088833,N,764
id0004209,2,2016-03-02 08:07:00,2016-03-02 08:17:34,4,-73.99398351312111,40.74254089265285,-73.98261773486647,40.72701791392374,N,634
id0004210,1,2016-01-30 14:52:00,2016-01-30 15:07:31,6,-74.05254951745027,40.75953799720761,-73.99828007954946,40.74636996080971,N,931
id0004211,2,2016-04-17 11:00:00,2016-04-17 11:15:49,1,-74.07491585347951,40.77152766630441,-74.12897338653251,40.720669291216964,N,949
id0004212,2,2016-05-29 14:51:00,2016-05-29 15:22:27,1,-73.99415124455278,40.78292443441255,-74.07567700360549,40.83970141687776,N,1887
id0004213,2,2016-04-06 16:10:00,2016-04-06 16:28:15,1,-73.96504546242588,40.752011560109494,-73.91928203497842,40.733773019026394,N,1095
id0004214,2,2016-05-01 01:09:00,2016-05-01 01:26:38,1,-73.9681961025484,40.75259616397191,-74.01065472938932,40.807722416093846,N,1058
id0004215,2,2016-06-11 13:11:00,2016-06-11 13:18:00,2,-74.0114693594258,40.82009245483895,-74.02854577126348,40.8049989441832,N,420
id0004216,2,2016-06-11 19:14:00,2016-06-11 19:33:16,5,-73.98388582103591,40.81242843160993,-74.01143030483064,40.779957349534705,N,1156
id0004217,2,2016-04-29 21:08:00,2016-04-29 21:22:33,3,-74.08604654974303,40.779483475804625,-74.11455460423716,40.82566699689567,N,873
id0004218,1,2016-01-13 09:50:00,2016-01-13 10:16:09,3,-73.95969081386176,40.835359908151034,-74.02531269558187,40.83279319193603,N,1569
id0004219,2,2016-05-23 14:32:00,2016-05-23 14:37:39,1,-73.97612267853765,40.74060994069981,-74.00175141998571,40.738384920442385,N,339
id0004220,2,2016-05-17 21:15:00,2016-05-17 21:32:17,2,-73.87644865081994,40.831033805188326,-73.84722875076736,40.786176897278416,N,1037
id0004221,2,2016-02-25 05:27:00,2016-02-25 05:35:14,1,-73.9845886194464,40.782413194959105,-73.98476553422884,40.76639637754474,N,494
id0004222,2,2016-01-30 12:52:00,2016-01-30 13:00:31,1,-74.03684681436803,40.9,-74.01414399358522,40.91500435382709,N,511
id0004223,2,2016-01-25 01:42:00,2016-01-25 01:53:47,1,-73.98778977237488,40.70433831329479,-74.0101134622599,40.65886701351323,N,707
id0004224,2,2016-02-20 06:55:00,2016-02-20 07:05:06,1,-74.00302898900087,40.726979463650224,-73.96240091941569,40.70811139435421,N,606
id0004225,2,2016-05-15 06:51:00,2016-05-15 06:58:37,1,-73.96109106721762,40.77684590226903,-73.98396735160809,40.76213027695977,N,457
id0004226,1,2016-06-21 04:01:00,2016-06-21 04:20:18,2,-73.98352093660512,40.775875532384056,-74.07840601512878,40.77820096054904,N,1158
id0004227,2,2016-01-28 22:49:00,2016-01-28 23:05:09,5,-74.0542970685579,40.84575625428788,-74.04004899787621,40.89754084188522,N,969
id0004228,1,2016-03-16 12:06:00,2016-03-16 12:16:21,2,-74.07496588085067,40.72792313925152,-74.04043356624437,40.71742477959712,N,621
id0004229,2,2016-05-31 19:38:00,2016-05-31 19:54:56,1,-73.97054004885518,40.79872133334123,-73.99570580441404,40.77455381015679,N,1016
id0004230,1,2016-01-16 15:06:00,2016-01-16 15:39:10,1,-73.90892870024119,40.81031083521069,-73.85496441820781,40.90643380733156,N,1990
id0004231,1,2016-06-20 15:06:00,2016-06-20 15:17:34,1,-73.98063586637716,40.78970915244993,-74.01891701482387,40.77454766507661,N,694
id0004232,2,2016-01-04 07:32:00,2016-01-04 07:44:41,2,-73.94026864553439,40.71475516461341,-73.91008593895536,40.708082128972485,N,761
id0004233,1,2016-02-21 11:49:00,2016-02-21 12:05:28,1,-73.9292954965188,40.82134914623644,-73.85078057912173,40.808824523314755,N,988
id0004234,1,2016-01-06 21:51:00,2016-01-06 21:56:03,1,-73.97032644848129,40.813319621909194,-73.96867355418456,40.803632703370354,N,303
id0004235,1,2016-05-18 12:04:00,2016-05-18 12:08:03,3,-74.02979703183237,40.784981303390566,-74.0399887707034,40.78770272359613,N,243
id0004236,2,2016-03-18 17:10:00,2016-03-18 17:22:34,1,-73.9742580553225,40.7671956459244,-73.97901328071883,40.79942352264017,N,754
id0004237,1,2016-03-20 14:17:00,2016-03-20 14:36:29,2,-73.91861099118198,40.768174860452,-73.84533769876914,40.78231443076657,N,1169
id0004238,1,2016-04-09 11:29:00,2016-04-09 11:43:44,3,-73.955856019772,40.75445688934923,-73.9377308039514,40.79215523406705,N,884
id0004239,1,2016-02-24 10:01:00,2016-02-24 10:26:12,2,-73.94384650614442,40.786835331041374,-73.84735738566958,40.823376334652636,N,1512
id0004240,2,2016-05-17 18:40:00,2016-05-17 18:47:18,5,-74.01044004329304,40.75940106838252,-73.99787373083556,40.76670039207908,N,438
id0004241,1,2016-03-19 11:14:00,2016-03-19 11:22:38,2,-73.99612945678601,40.71981637610914,-74.02555030648168,40.73298729506137,N,518
id0004242,2,2016-05-24 20:44:00,2016-05-24 20:57:10,1,-73.99153000209952,40.71081337598276,-74.01778781418412,40.74961915965216,N,790
id0004243,1,2016-04-27 17:04:00,2016-04-27 17:18:51,1,-73.98782359013953,40.72415836858565,-73.98505126319235,40.68526602110556,N,891
id0004244,2,2016-05-02 20:10:00,2016-05-02 20:50:13,1,-73.92076229261932,40.76799595091473,-74.01262181033795,40.855433342993074,N,2413
id0004245,2,2016-06-28 19:52:00,2016-06-28 20:04:18,1,-74.1,40.75678698736042,-74.12137454265242,40.738846507791955,N,738
id0004246,2,2016-04-02 04:36:00,2016-04-02 04:42:47,1,-73.983320393248,40.767690470698,-74.00369629578023,40.75540669844309,N,407
id0004247,2,2016-02-24 14:35:00,2016-02-24 14:49:47,1,-73.98937230066322,40.78053659100958,-73.97858176166937,40.738120056895994,N,887
id0004248,1,2016-05-12 11:33:00,2016-05-12 12:01:18,1,-74.06043256277943,40.72977055833374,-73.97305074286136,40.68839528005534,N,1698
id0004249,2,2016-05-08 11:33:00,2016-05-08 11:42:45,2,-73.94805280308769,40.823954707575545,-73.94558606110928,40.858045899986685,N,585
id0004250,2,2016-03-28 23:45:00,2016-03-29 00:04:37,1,-74.02484751055697,40.74595301278286,-74.11136716947766,40.82540977750034,N,1177
id0004251,1,2016-03-01 22:42:00,2016-03-01 22:53:13,1,-74.00463679571442,40.73849578568483,-74.04576263995888,40.71864238180654,N,673
id0004252,1,2016-06-18 07:30:00,2016-06-18 07:35:48,1,-73.88331699507353,40.779707380679966,-73.87151404128933,40.79186345916443,N,348
id0004253,1,2016-02-15 18:05:00,2016-02-15 18:11:11,1,-73.92945144927535,40.675357040893125,-73.92526668508981,40.683062871743054,N,371
id0004254,2,2016-01-15 08:26:00,2016-01-15 08:52:31,1,-73.95340321834702,40.722425949762474,-73.88030271984296,40.75743450944706,N,1591
id0004255,1,2016-04-24 23:53:00,2016-04-25 00:15:53,1,-73.96405726859456,40.802148275941136,-73.92085379016784,40.87980328219925,N,1373
id0004256,1,2016-01-15 19:07:00,2016-01-15 19:29:38,2,-73.9940574012345,40.67981601319221,-73.9522022049145,40.73305008282156,N,1358
id0004257,1,2016-05-18 13:18:00,2016-05-18 13:23:31,1,-73.87503425040464,40.80829083886199,-73.8848052395515,40.79993776402767,N,331
id0004258,2,2016-06-02 06:41:00,2016-06-02 06:54:56,1,-73.94088078027079,40.82600114548617,-73.891420333626,40.84450801273601,N,836
id0004259,1,2016-05-10 13:32:00,2016-05-10 13:47:06,1,-74.0262252452681,40.741374509797936,-74.06654178594697,40.76335653429391,N,906
id0004260,1,2016-02-12 23:27:00,2016-02-12 23:36:43,2,-74.06200562530196,40.77113157453419,-74.01843238138375,40.77042840244332,N,583
id0004261,2,2016-06-20 13:12:00,2016-06-20 13:20:52,1,-73.95382390989059,40.8083589188183,-73.96653276053267,40.770001154145916,N,532
id0004262,1,2016-01-17 02:52:00,2016-01-17 03:07:18,1,-73.98807280214331,40.736994486538045,-74.05323250541153,40.70903731888834,N,918
id0004263,1,2016-01-20 12:59:00,2016-01-20 13:10:11,1,-74.06359159918203,40.79704989842368,-74.03689594765436,40.8372352412062,N,671
id0004264,1,2016-02-25 08:15:00,2016-02-25 08:41:22,1,-73.96142776088587,40.72779830421912,-73.89853829804822,40.771594084072895,N,1582
id0004265,2,2016-04-08 09:37:00,2016-04-08 09:44:34,1,-73.99979649381713,40.736507896800006,-74.01809357802635,40.729243039030635,N,454
id0004266,1,2016-05-09 06:36:00,2016-05-09 06:53:47,1,-73.95581342909598,40.722029859105376,-73.88548915033503,40.73116679789748,N,1067
id0004267,2,2016-02-22 22:24:00,2016-02-22 22:42:29,1,-73.96070428819804,40.77341912396377,-74.03522162934252,40.815323357710305,N,1109
id0004268,1,2016-06-15 14:57:00,2016-06-15 15:14:45,1,-74.0184545211849,40.81010860736545,-74.07231021683984,40.75045919684428,N,1065
id0004269,1,2016-05-28 16:28:00,2016-05-28 16:35:26,3,-73.95019353795666,40.74971491805473,-73.95679620983552,40.73409258297537,N,446
id0004270,1,2016-02-12 00:04:00,2016-02-12 00:21:32,1,-74.01238477954492,40.700793787803946,-74.02906915441166,40.77141928615584,N,1052
id0004271,2,2016-01-12 06:55:00,2016-01-12 07:05:48,1,-74.00880850302495,40.7092781929971,-74.03882950539762,40.719753963064214,N,648
id0004272,2,2016-05-07 17:37:00,2016-05-07 18:04:14,1,-74.01427492736417,40.77575697396168,-74.00825943001735,40.736234410997056,N,1634
id0004273,2,2016-02-01 23:54:00,2016-02-02 00:01:17,1,-73.92279640647065,40.84098523860275,-73.94658297707302,40.84509011887783,N,437
id0004274,2,2016-02-21 06:58:00,2016-02-21 07:07:44,5,-74.00043148134299,40.775717624969154,-74.01658534121411,40.81146787069854,N,584
id0004275,1,2016-05-20 12:13:00,2016-05-20 12:42:23,1,-73.90951562506896,40.740589655220695,-73.8969864969032,40.651461002414194,N,1763
id0004276,2,2016-02-04 10:07:00,2016-02-04 10:14:33,2,-73.88690833213973,40.79247827850826,-73.91694749185093,40.79864828210995,N,453
id0004277,2,2016-03-05 13:04:00,2016-03-05 13:08:32,1,-74.025629552527,40.7472225613986,-74.03040036978635,40.734188051987864,N,272
id0004278,2,2016-06-17 18:53:00,2016-06-17 19:09:38,1,-74.1,40.74097716521862,-74.12904925708618,40.683507230793325,N,998
id0004279,2,2016-05-04 02:06:00,2016-05-04 02:17:29,2,-73.92755197512008,40.714869340243716,-73.98180489387428,40.71773679417328,N,689
id0004280,2,2016-04-22 20:14:00,2016-04-22 20:23:45,2,-74.00380845435481,40.82138019799109,-73.9694418564945,40.816603389879475,N,585
id0004281,2,2016-06-30 17:28:00,2016-06-30 18:02:21,3,-74.03264025272226,40.643735643712695,-73.95578950288437,40.64289248488578,N,2061
id0004282,2,2016-05-20 05:40:00,2016-05-20 05:51:31,1,-74.01737949583841,40.79390366401257,-73.96947375606008,40.781714542304,N,691
id0004283,2,2016-03-24 16:37:00,2016-03-24 16:55:03,1,-74.00781476017514,40.73713147779911,-73.99288753649138,40.70138466348072,N,1083
id0004284,2,2016-04-30 22:37:00,2016-04-30 22:59:00,1,-73.91365438001185,40.73953466708468,-73.94252315993496,40.688616567908745,N,1320
id0004285,1,2016-04-07 00:04:00,2016-04-07 00:13:38,1,-73.97620488183753,40.8341541820253,-73.98911622442576,40.80998003411569,N,578
id0004286,1,2016-03-07 03:48:00,2016-03-07 04:00:06,1,-73.91440207534406,40.725864100851,-73.86683611862303,40.75593792484366,N,726
id0004287,1,2016-06-26 12:13:00,2016-06-26 12:40:50,1,-73.95781789343968,40.727396888068725,-74.06048479795574,40.73555434834916,N,1670
id0004288,2,2016-04-17 23:40:00,2016-04-17 23:43:47,1,-74.00200768981728,40.752132259248626,-74.018354399915,40.749711192717996,N,227
id0004289,2,2016-05-15 20:14:00,2016-05-15 20:33:17,3,-74.00646964617651,40.77662313236155,-73.97343442978801,40.740231247144045,N,1157
id0004290,2,2016-03-15 14:51:00,2016-03-15 15:03:28,6,-73.95411151870877,40.73811648979682,-74.00533413590708,40.725029467146925,N,748
id0004291,2,2016-02-05 19:26:00,2016-02-05 19:37:46,1,-73.9398765903867,40.68717634812589,-73.92082411759566,40.71297686266839,N,706
id0004292,2,2016-01-23 06:57:00,2016-01-23 07:04:05,1,-73.93017640228645,40.719043581860326,-73.91321188510199,40.73671101354732,N,425
id0004293,2,2016-05-26 09:11:00,2016-05-26 09:41:44,1,-73.99938461812566,40.81566002354091,-74.06482957748747,40.798958063098866,N,1844
id0004294,1,2016-04-04 20:10:00,2016-04-04 20:39:40,1,-73.97536367789775,40.7613649555111,-73.97144966294131,40.66996588020972,N,1780
id0004295,2,2016-04-03 21:16:00,2016-04-03 21:27:13,1,-73.95287777749095,40.77829892776668,-73.98066281455102,40.75467926071102,N,673
id0004296,2,2016-01-23 01:01:00,2016-01-23 01:07:20,4,-74.00611807642653,40.746236045677215,-73.98739363601177,40.729341737560844,N,380
id0004297,2,2016-05-23 07:13:00,2016-05-23 07:28:59,1,-74.04742170185915,40.728322603672204,-74.01728121099404,40.69657389585261,N,959
id0004298,1,2016-02-17 23:27:00,2016-02-17 23:34:11,1,-74.02934490866862,40.833490625244394,-74.01139265664882,40.81902947283451,N,431
id0004299,2,2016-04-18 22:28:00,2016-04-18 22:39:16,1,-73.99825694934015,40.749531366432706,-73.9949902947492,40.77811062091954,N,676
id0004300,2,2016-03-04 18:09:00,2016-03-04 18:14:52,1,-73.94857860734288,40.738048355421284,-73.93557940008387,40.73674297956781,N,352
id0004301,1,2016-02-11 08:59:00,2016-02-11 09:33:27,2,-73.91575623774354,40.80732640648599,-73.96867916674476,40.841965768162666,N,2067
id0004302,1,2016-01-30 16:57:00,2016-01-30 17:21:41,2,-74.05958259648041,40.72549378385097,-74.06096642675426,40.67270076085338,N,1481
id0004303,1,2016-05-28 05:28:00,2016-05-28 05:35:56,1,-74.01785397576614,40.731237269530176,-74.05369572186864,40.720560027501755,N,476
id0004304,1,2016-01-18 06:56:00,2016-01-18 07:20:29,1,-74.00468243733847,40.758461100780764,-73.95826319343156,40.69059532690119,N,1469
id0004305,1,2016-01-01 08:51:00,2016-01-01 09:03:57,4,-73.94129056322313,40.75801215468397,-73.91054484620398,40.74308194113968,N,777
id0004306,1,2016-02-25 19:23:00,2016-02-25 19:41:57,1,-74.01404607944637,40.76968251065565,-73.98342801869097,40.73308449972023,N,1137
id0004307,1,2016-06-10 14:54:00,2016-06-10 15:20:31,1,-74.0086352784221,40.8521251090228,-73.93152815841273,40.896968958192794,N,1591
id0004308,2,2016-05-07 18:37:00,2016-05-07 18:46:53,1,-74.06265959174326,40.77313117108586,-74.07750857765927,40.78747109129038,N,593
id0004309,2,2016-05-28 23:41:00,2016-05-28 23:51:11,1,-73.95841259762148,40.65098757167622,-73.98311792847096,40.68650660402197,N,611
id0004310,2,2016-02-07 05:41:00,2016-02-07 05:50:47,1,-73.99387694910281,40.77268345245442,-74.0097890713344,40.75765627856987,N,587
id0004311,2,2016-06-25 13:34:00,2016-06-25 13:54:57,1,-74.02097247692387,40.759704599752034,-74.0930731152766,40.724014466352955,N,1257
id0004312,1,2016-01-22 09:56:00,2016-01-22 10:20:42,1,-73.99927322734652,40.75995525109582,-74.06783446778459,40.72315054628697,N,1482
id0004313,2,2016-01-07 11:13:00,2016-01-07 11:22:34,1,-73.92301524739378,40.76906762892283,-73.89506561199022,40.778358003749815,N,574
id0004314,1,2016-03-27 19:57:00,2016-03-27 20:28:47,1,-74.04026877995759,40.756709477054635,-74.10305008584916,40.820065129351406,N,1907
id0004315,1,2016-03-20 15:35:00,2016-03-20 15:48:11,2,-74.0312912797107,40.75563245581251,-74.07966234513616,40.770065836033226,N,791
id0004316,2,2016-02-22 23:37:00,2016-02-22 23:42:09,2,-73.91612611538939,40.785586989439686,-73.92070350985911,40.77247011891462,N,309
id0004317,1,2016-01-31 18:45:00,2016-01-31 18:55:07,1,-73.98083238445896,40.73360636412625,-73.99938262658216,40.72699938419682,N,607
id0004318,1,2016-02-28 10:59:00,2016-02-28 11:08:36,1,-73.94816352468085,40.71535411489624,-73.90830916858003,40.71425860328493,N,576
id0004319,1,2016-03-09 01:35:00,2016-03-09 01:48:12,2,-73.96290364494969,40.894070165368014,-73.96018288622463,40.95,N,792
id0004320,2,2016-04-19 10:49:00,2016-04-19 11:12:55,2,-73.98694340037616,40.725786415029845,-74.02287449093892,40.76896271483407,N,1435
id0004321,2,2016-03-06 11:34:00,2016-03-06 11:45:03,1,-74.00415645155317,40.76250643106071,-73.96043296611474,40.77160499620597,Y,663
id0004322,1,2016-02-14 11:13:00,2016-02-14 11:23:19,4,-73.93926430876338,40.690695288710614,-73.90646869644564,40.69453590758383,N,619
id0004323,1,2016-04-18 18:08:00,2016-04-18 18:37:26,5,-73.92107148877038,40.76324107867732,-73.9845657434612,40.773718447340265,N,1766
id0004324,2,2016-04-16 00:45:00,2016-04-16 00:50:20,1,-73.92536964091411,40.71600485021898,-73.91401764190441,40.73330449864389,N,320
id0004325,1,2016-03-20 14:41:00,2016-03-20 14:50:28,1,-74.05020093985063,40.73808871757175,-74.08237939538196,40.723626789217604,N,568
id0004326,2,2016-01-21 00:38:00,2016-01-21 00:48:35,1,-73.91322989401856,40.805027909959705,-73.94659459469456,40.77548514680152,N,635
id0004327,2,2016-06-24 17:37:00,2016-06-24 18:24:38,1,-74.00468643898087,40.77924043057702,-73.92055827922181,40.81536813969644,N,2858
id0004328,2,2016-04-04 13:53:00,2016-04-04 13:55:23,1,-74.02652662456497,40.78357842860587,-74.02093441208463,40.78434782417589,N,143
id0004329,1,2016-02-20 13:18:00,2016-02-20 13:31:25,1,-73.99431302332226,40.67829578227237,-74.0041022553054,40.7115012600259,N,805
id0004330,2,2016-05-12 02:16:00,2016-05-12 02:30:22,2,-73.93928793606132,40.84066028264231,-73.93546513092302,40.898275838849486,N,862
id0004331,2,2016-03-17 05:06:00,2016-03-17 05:14:55,1,-73.95527446987846,40.704365341007616,-73.91593365805115,40.7225868567011,N,535
id0004332,2,2016-01-30 21:09:00,2016-01-30 21:21:25,1,-73.99904625265198,40.826785236643225,-74.03061845406988,40.83933443342818,N,745
id0004333,1,2016-05-07 12:27:00,2016-05-07 12:57:41,1,-73.93892837732172,40.80396947396917,-73.96281662594656,40.915977978287266,N,1841
id0004334,2,2016-01-17 20:54:00,2016-01-17 21:04:01,1,-73.97730766805823,40.78397997338031,-73.94775745244165,40.7912256778701,N,601
id0004335,1,2016-02-20 07:56:00,2016-02-20 08:28:21,1,-74.01651343060466,40.71952568485913,-74.08475094867673,40.6813565465845,N,1941
id0004336,2,2016-04-30 14:40:00,2016-04-30 14:50:55,1,-74.02394194056272,40.76482154301688,-73.9793572077218,40.75497865989086,N,655
id0004337,2,2016-05-11 17:36:00,2016-05-11 18:43:34,1,-73.96243708355681,40.73680853652098,-74.03467017162387,40.791117501432076,N,4054
id0004338,1,2016-06-29 09:39:00,2016-06-29 10:01:42,1,-73.98953847546986,40.75930678071774,-74.00059798185575,40.71401092345794,N,1362
id0004339,1,2016-05-08 23:39:00,2016-05-08 23:50:54,1,-74.06065278343775,40.74675574834115,-74.13260026273028,40.720419662195795,N,714
id0004340,1,2016-02-12 04:13:00,2016-02-12 04:26:41,2,-73.93840611788117,40.666262527204246,-73.98593744266822,40.70498746541315,N,821
id0004341,1,2016-05-09 15:03:00,2016-05-09 15:13:24,1,-74.01141512657435,40.80848028679431,-73.95302011793713,40.79897356430635,N,624
id0004342,1,2016-05-16 18:45:00,2016-05-16 19:01:02,2,-73.89743341936061,40.75435017795528,-73.85043281503805,40.750491575411104,N,962
id0004343,2,2016-05-02 20:44:00,2016-05-02 21:01:31,1,-74.06216444918351,40.7361839820224,-74.01035494569349,40.773752030726975,N,1051
id0004344,1,2016-05-15 19:01:00,2016-05-15 19:20:32,1,-73.99493897280145,40.73278527452266,-74.06014344556068,40.70769653337477,N,1172
id0004345,1,2016-05-28 18:40:00,2016-05-28 19:03:52,1,-74.02349877264416,40.77413068093651,-74.07079629976323,40.72272959513324,N,1432
id0004346,2,2016-04-13 09:54:00,2016-04-13 10:18:46,1,-74.03864823862075,40.71778096477675,-74.02335397302335,40.66916995579656,N,1486
id0004347,1,2016-06-30 01:51:00,2016-06-30 02:01:37,1,-74.01177348942171,40.65651709986867,-73.97958420236364,40.67687941538801,N,637
id0004348,1,2016-04-27 06:45:00,2016-04-27 06:54:35,2,-73.88761878150297,40.776320841144376,-73.9235968973324,40.78539046442845,N,575
id0004349,1,2016-01-11 01:42:00,2016-01-11 01:50:25,1,-73.97711464064562,40.78135963490806,-74.0031661028601,40.75711980694328,N,505
id0004350,2,2016-02-01 09:37:00,2016-02-01 10:01:31,1,-74.02854394213387,40.74901656788951,-74.07945458620651,40.70845886116126,N,1471
id0004351,2,2016-03-31 11:32:00,2016-03-31 11:55:51,1,-74.08557456256855,40.70634437061645,-74.01095352449238,40.696874311236236,N,1431
id0004352,1,2016-03-20 05:41:00,2016-03-20 05:55:35,1,-74.07967494004912,40.76200209934002,-74.10104795100652,40.80108020435879,N,875
id0004353,2,2016-05-27 23:32:00,2016-05-27 23:40:30,1,-74.01450547292653,40.69209604342589,-74.01309731926395,40.662842415041865,N,510
id0004354,2,2016-05-02 09:43:00,2016-05-02 09:53:54,1,-74.01985283912762,40.71177462314906,-74.0160888320276,40.688580682380724,N,654
id0004355,2,2016-01-01 00:12:00,2016-01-01 00:25:45,1,-73.9973227888429,40.72421859285731,-73.94756986843657,40.68255033800019,N,825
id0004356,2,2016-03-23 22:24:00,2016-03-23 22:33:13,2,-74.1,40.79597725819012,-74.14286099540845,40.78311780707155,N,553
id0004357,2,2016-04-09 05:13:00,2016-04-09 05:23:32,1,-73.99004248772756,40.741682507230344,-73.93747075018739,40.75351527190542,N,632
id0004358,1,2016-06-27 12:02:00,2016-06-27 12:25:42,1,-73.92847486236691,40.73784601147006,-73.98601729456989,40.81187693196657,N,1422
id0004359,1,2016-04-30 01:59:00,2016-04-30 02:08:23,1,-73.89574373139497,40.84596116319351,-73.84328631979497,40.85358351614221,N,563
id0004360,1,2016-02-02 19:53:00,2016-02-02 20:14:28,1,-74.08919453813544,40.77386081237349,-74.15,40.77198207869019,N,1288
id0004361,1,2016-02-04 21:31:00,2016-02-04 21:40:35,3,-74.02907660175815,40.77325475297137,-74.03378160609222,40.80345753418085,N,575
id0004362,1,2016-02-27 12:11:00,2016-02-27 12:36:38,2,-74.0319828623536,40.74136346646561,-73.95883818737697,40.76573101077967,N,1538
id0004363,2,2016-03-13 22:47:00,2016-03-13 23:00:19,1,-73.97698532148608,40.731163274956344,-73.94560879661503,40.71094514645351,N,799
id0004364,2,2016-01-20 18:34:00,2016-01-20 19:17:41,1,-74.05208748573321,40.65961171019923,-74.03313158274436,40.74018381276928,N,2621
id0004365,1,2016-05-23 16:19:00,2016-05-23 16:35:08,1,-73.89247552132004,40.801593323936565,-73.93965420269312,40.800739906606275,N,968
id0004366,2,2016-01-13 07:59:00,2016-01-13 08:11:01,2,-73.98260626405728,40.77817393675904,-74.01567232004486,40.78644707297149,N,721
id0004367,2,2016-01-13 03:16:00,2016-01-13 03:31:27,1,-73.99177304591146,40.7499375303054,-73.93127523396505,40.76923473086042,N,927
id0004368,2,2016-01-24 03:47:00,2016-01-24 03:55:59,1,-73.89740074464194,40.751824798417374,-73.87614546753538,40.76393033128383,N,539
id0004369,2,2016-01-25 13:05:00,2016-01-25 13:24:29,1,-73.98588261932458,40.79112649180175,-73.94582140320956,40.84451541021236,N,1169
id0004370,2,2016-04-12 15:41:00,2016-04-12 15:50:26,2,-73.96298331264258,40.68803804671141,-73.95966259108094,40.667391240841866,N,566
id0004371,2,2016-05-28 21:19:00,2016-05-28 21:28:06,6,-74.02629390503107,40.73145534008008,-74.03897182181167,40.75887371878993,N,546
id0004372,2,2016-06-20 12:56:00,2016-06-20 13:08:04,1,-74.06037761357798,40.70686637116984,-74.02587784020659,40.71262626675831,N,724
id0004373,1,2016-05-27 06:36:00,2016-05-27 06:49:42,1,-74.01856988973273,40.837717917711906,-74.00689900318221,40.87211322954074,N,822
id0004374,1,2016-05-04 19:21:00,2016-05-04 19:28:51,1,-73.86471632885804,40.7974044989334,-73.872364528907,40.78988000818451,N,471
id0004375,2,2016-04-17 10:52:00,2016-04-17 11:03:50,1,-73.95018384784422,40.65887883114891,-74.01381416538858,40.646614293683555,N,710
id0004376,2,2016-02-26 07:34:00,2016-02-26 07:52:54,1,-73.96990058395889,40.689880726801206,-73.92697471057951,40.715503298861115,N,1134
id0004377,2,2016-03-16 17:54:00,2016-03-16 18:06:39,1,-74.03870053646018,40.75204444469892,-74.0188993524364,40.76457420869707,N,759
id0004378,2,2016-06-07 18:52:00,2016-06-07 19:09:45,2,-73.93488120594589,40.73674019045674,-73.96216299815754,40.708029889875355,N,1065
id0004379,1,2016-01-20 05:29:00,2016-01-20 05:45:39,5,-74.05967313008726,40.69840280063654,-74.0066067570515,40.74549923066104,N,999
id0004380,2,2016-05-30 05:20:00,2016-05-30 05:27:59,2,-74.07118810473253,40.845514300694276,-74.06021654227453,40.87115212882307,N,479
id0004381,2,2016-05-27 16:21:00,2016-05-27 16:28:50,1,-74.0157387917585,40.772064296129216,-74.00388584399921,40.76946714946185,N,470
id0004382,2,2016-01-11 11:16:00,2016-01-11 11:24:37,1,-73.87750299984212,40.77936673452884,-73.83772769891111,40.762978645618254,N,517
id0004383,1,2016-02-13 23:56:00,2016-02-14 00:05:48,1,-73.88061581721841,40.72685932728455,-73.85052401930467,40.73960390867513,N,588
id0004384,2,2016-02-26 10:06:00,2016-02-26 10:15:15,1,-74.00981803105378,40.790502336623014,-73.9966026794929,40.81361931946395,N,555
id0004385,1,2016-06-15 04:49:00,2016-06-15 05:03:09,1,-74.02208094600088,40.74088052575581,-74.03056727341041,40.685087898166834,N,849
id0004386,2,2016-03-20 20:49:00,2016-03-20 21:08:59,2,-74.07521991223079,40.745249557183165,-73.98595502529024,40.758398389471466,N,1199
id0004387,2,2016-05-21 04:51:00,2016-05-21 04:59:26,1,-73.98070831009639,40.78549508819214,-74.01372934703527,40.80833450277662,N,506
id0004388,2,2016-04-19 07:49:00,2016-04-19 08:24:02,1,-73.97608929864066,40.68469510957229,-73.94252056588593,40.60235940857341,N,2102
id0004389,2,2016-01-15 17:31:00,2016-01-15 17:37:17,1,-73.94157440601917,40.8298662536933,-73.94534806850592,40.836732891749385,N,377
id0004390,2,2016-05-01 09:00:00,2016-05-01 09:15:19,1,-73.93491108676712,40.766207514662575,-73.91444897353128,40.790518834366424,N,919
id0004391,1,2016-04-25 15:50:00,2016-04-25 16:02:39,1,-73.99585820547155,40.815642489395124,-73.94035415614489,40.83597323039438,N,759
id0004392,1,2016-06-07 11:48:00,2016-06-07 11:59:38,1,-73.95441846688823,40.70960611095216,-73.96843949610182,40.737691803369486,N,698
id0004393,1,2016-06-16 13:17:00,2016-06-16 13:24:52,1,-74.02353513773156,40.716457569418736,-73.99645250233554,40.704992738698095,N,472
id0004394,1,2016-04-16 21:46:00,2016-04-16 21:58:13,1,-73.95546266066516,40.70571449002801,-73.94351258304222,40.669317764814366,N,733
id0004395,2,2016-06-09 00:12:00,2016-06-09 00:29:43,1,-74.01289776430015,40.769263395269924,-74.04175633154267,40.706272343658135,N,1063
id0004396,1,2016-01-26 08:49:00,2016-01-26 09:13:59,5,-73.95972978162182,40.76096924858632,-73.90311532667945,40.7991970620062,N,1499
id0004397,1,2016-04-21 15:07:00,2016-04-21 15:18:05,3,-73.96418242710931,40.7371014681346,-73.93217897630399,40.7617087604174,N,665
id0004398,2,2016-04-15 02:36:00,2016-04-15 02:48:08,1,-73.98121580058677,40.71236688632017,-74.00077054750479,40.753263998899165,N,728
id0004399,2,2016-02-01 07:07:00,2016-02-01 07:26:32,2,-73.94130031550124,40.70100316786211,-73.89163859552552,40.67562322030257,N,1172
id0004400,1,2016-04-08 01:31:00,2016-04-08 01:42:43,1,-74.07137194892483,40.75581822447882,-74.10878583317812,40.78395249927071,N,703
id0004401,2,2016-05-03 19:17:00,2016-05-03 19:35:41,5,-74.04357039200215,40.73704859491851,-74.04487243383198,40.68445476160002,N,1121
id0004402,2,2016-03-16 13:35:00,2016-03-16 13:48:32,1,-73.99985328204542,40.72714768534388,-74.01916835460045,40.69671541078904,N,812
id0004403,1,2016-05-01 05:42:00,2016-05-01 05:49:27,1,-74.06437948632204,40.82761902687592,-74.03057044681614,40.8320282294537,N,447
id0004404,1,2016-05-15 14:57:00,2016-05-15 15:05:13,1,-74.00737754830051,40.75429534448133,-74.0289632992995,40.77750761152525,N,493
id0004405,2,2016-04-17 03:35:00,2016-04-17 03:56:17,5,-74.00560466622926,40.815151932026716,-73.97147292596601,40.873917367703115,N,1277
id0004406,2,2016-03-13 11:05:00,2016-03-13 11:12:39,4,-73.91296739173333,40.73400365177928,-73.88621668531682,40.72560140949034,N,459
id0004407,1,2016-02-18 08:45:00,2016-02-18 08:59:30,1,-73.97716064637397,40.76901493277094,-73.99404685800756,40.73871369250833,N,870
id0004408,1,2016-04-30 06:18:00,2016-04-30 06:41:20,1,-73.92838137331648,40.75550357926847,-73.84604408170095,40.72340336854437,N,1400
id0004409,1,2016-06-12 20:29:00,2016-06-12 20:38:24,1,-73.96840789046547,40.681606996071686,-74.00194344970302,40.657532387995836,N,564
id0004410,1,2016-03-25 01:19:00,2016-03-25 01:37:27,2,-74.01446169991776,40.82227522378188,-74.07786733379031,40.90001116165851,N,1107
id0004411,2,2016-04-01 11:15:00,2016-04-01 11:27:37,1,-73.97764557557394,40.75191808768354,-73.93912111442386,40.77840866302325,N,757
id0004412,2,2016-06-15 00:08:00,2016-06-15 00:30:59,1,-73.94488155163373,40.791588819883486,-74.04160490896916,40.83052743464617,N,1379
id0004413,1,2016-02-24 01:47:00,2016-02-24 02:04:47,1,-73.91936292704565,40.72415870748923,-73.85223116986077,40.71579421193793,N,1067
id0004414,1,2016-05-26 23:38:00,2016-05-26 23:40:34,1,-73.9922770534614,40.750582002828914,-73.9876981290177,40.75052429894496,N,154
id0004415,1,2016-02-16 10:48:00,2016-02-16 10:59:44,1,-74.07561308541192,40.71899164380345,-74.13982741377815,40.743465901511996,N,704
id0004416,2,2016-02-16 22:42:00,2016-02-16 22:54:06,2,-74.0794791241582,40.813619931724354,-74.12216002676968,40.79591697527202,N,726
id0004417,2,2016-02-21 03:29:00,2016-02-21 03:43:50,5,-74.00295269355642,40.77201342063528,-74.0764866839546,40.76181764460615,N,890
id0004418,2,2016-01-10 13:53:00,2016-01-10 14:00:26,1,-74.1,40.774517408700646,-74.08277026712834,40.75090275763141,N,446
id0004419,1,2016-03-24 22:03:00,2016-03-24 22:17:45,3,-73.88626925438447,40.81911828661973,-73.94598039207912,40.803456042128225,N,885
id0004420,1,2016-03-05 09:03:00,2016-03-05 09:14:42,2,-73.95216867227302,40.81003535836046,-73.9295746658917,40.81174960979808,N,702
id0004421,1,2016-02-12 00:21:00,2016-02-12 00:32:29,1,-74.01996168552235,40.79244041412613,-74.03367877233775,40.763680559710394,N,689
id0004422,2,2016-05-17 16:48:00,2016-05-17 16:58:08,1,-74.04603061767048,40.69402226938332,-74.06742200398003,40.704031533652845,N,608
id0004423,2,2016-04-04 04:04:00,2016-04-04 04:09:13,1,-73.92845344972132,40.72669443962175,-73.90553288121255,40.73665480071604,N,313
id0004424,1,2016-02-05 15:14:00,2016-02-05 15:22:57,6,-74.0462500435608,40.71282503387949,-74.01819203372754,40.70655133137952,N,537
id0004425,1,2016-02-04 22:45:00,2016-02-04 23:00:11,1,-74.04100247199806,40.790739016213166,-73.98944134275601,40.76177792126845,N,911
id0004426,1,2016-05-27 08:01:00,2016-05-27 08:11:35,1,-74.02712702670146,40.76567933737876,-74.05564705183184,40.76935304409207,N,635
id0004427,1,2016-02-19 07:31:00,2016-02-19 07:40:26,1,-73.97872519219841,40.69542694048663,-73.98006661801816,40.677755280783316,N,566
id0004428,2,2016-03-12 20:29:00,2016-03-12 20:37:01,1,-73.9508561408469,40.7495065104145,-73.9794458618108,40.75113730626321,N,481
id0004429,1,2016-01-22 18:41:00,2016-01-22 18:56:26,1,-73.91940302716213,40.690764944892656,-73.91206859076253,40.72919940625177,N,926
id0004430,2,2016-05-26 08:49:00,2016-05-26 09:16:57,1,-73.92752657855793,40.75560795803686,-73.96254961439509,40.71175505393822,N,1677
id0004431,2,2016-03-06 01:05:00,2016-03-06 01:24:50,3,-73.9849574459921,40.68350823732058,-74.00404179886462,40.75958025911185,N,1190
id0004432,1,2016-05-08 06:59:00,2016-05-08 07:07:14,1,-73.9288712914434,40.78179723720231,-73.9477263143831,40.77925891148974,N,494
id0004433,1,2016-03-14 21:16:00,2016-03-14 21:23:07,1,-74.0219049787687,40.77500831817154,-74.00870373628747,40.789422692758244,N,427
id0004434,1,2016-05-25 21:30:00,2016-05-25 21:39:29,1,-74.0851476307954,40.843857682200614,-74.08501465726985,40.81751142904215,N,569
id0004435,2,2016-03-14 11:26:00,2016-03-14 11:39:37,1,-74.02191220894407,40.79615429802738,-73.99912863668447,40.83613170226134,N,817
id0004436,2,2016-06-12 00:07:00,2016-06-12 00:09:13,1,-74.02934432828519,40.73896885848799,-74.03415917448176,40.73457193205722,N,133
id0004437,1,2016-05-11 22:18:00,2016-05-11 22:27:32,1,-74.01975928894895,40.79481315419736,-74.04584815895538,40.78101901335439,N,572
id0004438,1,2016-03-28 12:27:00,2016-03-28 12:35:40,2,-74.03776561010831,40.69510512535747,-74.02915787973173,40.67496209961283,N,520
id0004439,2,2016-03-28 23:19:00,2016-03-28 23:28:29,1,-74.01036102676689,40.714688732834354,-74.05163430421948,40.70529151193173,N,569
id0004440,1,2016-04-22 21:35:00,2016-04-22 21:44:22,3,-73.95089905322486,40.77299141394338,-73.92528695151479,40.78763357024673,N,562
id0004441,2,2016-05-06 03:02:00,2016-05-06 03:06:59,5,-73.89066085935356,40.66087876517635,-73.90350679281198,40.66692713934842,N,299
id0004442,2,2016-05-08 14:15:00,2016-05-08 14:19:53,1,-74.07989405608424,40.75632776467798,-74.07069068264776,40.754932674019116,N,293
id0004443,2,2016-01-07 00:45:00,2016-01-07 00:54:40,2,-74.05582540447953,40.71208815185467,-74.045924324257,40.687188402226425,N,580
id0004444,2,2016-02-18 05:07:00,2016-02-18 05:20:57,1,-74.02852954423005,40.7625588174819,-73.9564599974327,40.73563774589453,N,837
id0004445,2,2016-03-20 11:01:00,2016-03-20 11:08:14,1,-73.94288419674099,40.70950186388787,-73.92571293017066,40.693371263997584,N,434
id0004446,1,2016-04-07 17:32:00,2016-04-07 17:38:02,1,-73.99627210936352,40.777091166185485,-73.99297725647537,40.79320081611111,N,362
id0004447,1,2016-01-17 08:14:00,2016-01-17 08:26:39,1,-74.0248260072707,40.75886973406504,-74.05598269416443,40.782048829717,N,759
id0004448,2,2016-02-06 08:10:00,2016-02-06 08:26:35,1,-73.9455796845762,40.821016466259664,-73.90947235260433,40.8489130131511,N,995
id0004449,1,2016-03-25 02:27:00,2016-03-25 02:31:10,2,-73.9323985353512,40.75830305403458,-73.94455778376977,40.75825171276072,N,250
id0004450,1,2016-03-22 08:39:00,2016-03-22 08:56:46,1,-73.9860317977683,40.72341107377674,-74.054678404335,40.73683574170886,N,1066
id0004451,1,2016-04-21 23:11:00,2016-04-21 23:16:49,1,-74.02989205746412,40.74689013648778,-74.03867102746588,40.740994361816874,N,349
id0004452,1,2016-01-13 16:09:00,2016-01-13 16:31:11,2,-73.97013462380205,40.69750936213425,-73.96151758305548,40.63652893245175,N,1331
id0004453,1,2016-05-25 00:09:00,2016-05-25 00:17:29,2,-73.99782975146489,40.77627617646175,-74.03466250785927,40.76871873882787,N,509
id0004454,2,2016-02-24 19:34:00,2016-02-24 19:43:25,3,-73.9982557284082,40.78454326108419,-74.00357384213814,40.771406829196664,N,565
id0004455,1,2016-04-10 03:21:00,2016-04-10 03:30:08,1,-74.0131820120231,40.869113821651176,-74.0163987396723,40.83274723949616,N,548
id0004456,1,2016-06-21 09:56:00,2016-06-21 10:06:12,1,-73.93412592139728,40.7300173804228,-73.93664177663969,40.710158584271454,N,612
id0004457,2,2016-03-10 01:39:00,2016-03-10 01:56:02,1,-73.97125658755202,40.74594924418462,-73.91569770341482,40.75067744368481,N,1022
id0004458,2,2016-02-27 01:35:00,2016-02-27 01:49:56,1,-73.92803645149607,40.732090866400284,-73.98705655524938,40.69242722890131,N,896
id0004459,1,2016-02-18 03:10:00,2016-02-18 03:36:08,1,-73.9115020619987,40.767545116550906,-73.81998095133535,40.742667625051354,N,1568
id0004460,2,2016-04-28 17:42:00,2016-04-28 18:01:12,2,-73.95975605771234,40.775176074051586,-73.96123364712095,40.82935264459593,N,1152
id0004461,2,2016-06-23 06:06:00,2016-06-23 06:20:44,4,-74.01285624131869,40.75559813200072,-73.98674673579083,40.69950341059491,N,884
id0004462,1,2016-04-11 21:12:00,2016-04-11 21:15:26,6,-73.92778205722792,40.806884666259286,-73.92202942523372,40.80047329067304,N,206
id0004463,2,2016-02-06 02:06:00,2016-02-06 02:25:54,1,-73.95938844137468,40.73023592233104,-74.03705950210411,40.689415094529295,N,1194
id0004464,1,2016-06-21 04:36:00,2016-06-21 04:54:52,1,-73.84181477227558,40.80237783215509,-73.88936076674995,40.776070544231175,N,1132
id0004465,1,2016-01-08 17:16:00,2016-01-08 17:28:22,1,-73.96794434113279,40.78223240341385,-73.9915367557165,40.775311600377215,N,742
id0004466,1,2016-03-15 16:21:00,2016-03-15 16:46:02,2,-73.94662715785422,40.75745865360455,-73.90190976603895,40.72289348931255,N,1502
id0004467,1,2016-01-23 21:50:00,2016-01-23 22:10:39,1,-73.96902668597872,40.74382785116593,-74.03132113708746,40.763915422703754,N,1239
id0004468,2,2016-01-07 01:04:00,2016-01-07 01:19:53,2,-73.99045042255274,40.867200049142916,-74.02895860676959,40.91449032083495,N,953
id0004469,2,2016-06-30 13:06:00,2016-06-30 13:14:50,4,-73.99923353522732,40.72123461071661,-73.99181524741479,40.7506933454802,N,530
id0004470,1,2016-01-16 11:17:00,2016-01-16 11:28:51,1,-73.96881658854377,40.771406992963584,-73.94753804839354,40.80726845208381,N,711
id0004471,1,2016-06-13 21:55:00,2016-06-13 22:04:16,1,-73.95633533365024,40.724240141839104,-73.93641289419283,40.6759493930731,N,556
id0004472,2,2016-04-09 04:27:00,2016-04-09 04:35:11,2,-73.92150866551955,40.838352933687965,-73.96578889563712,40.82984544792429,N,491
id0004473,1,2016-02-28 06:53:00,2016-02-28 07:03:43,1,-73.9680132192933,40.79790718479597,-74.03992283050191,40.81426692215334,N,643
id0004474,1,2016-06-06 01:00:00,2016-06-06 01:07:53,1,-74.01045890464839,40.72747425545215,-73.9862012207038,40.75796593744616,N,473
id0004475,2,2016-01-01 16:48:00,2016-01-01 17:23:53,1,-74.00297696981295,40.781066774704406,-73.93848639244366,40.84243412944575,N,2153
id0004476,1,2016-05-05 15:25:00,2016-05-05 15:37:19,1,-74.05776153185967,40.76959630745745,-74.07330010455158,40.80701269316446,N,739
id0004477,2,2016-05-19 15:09:00,2016-05-19 15:28:35,6,-73.89363323860353,40.73475188571114,-73.94514413040531,40.76612898753973,N,1175
id0004478,2,2016-03-07 05:46:00,2016-03-07 06:05:25,1,-74.01476454874364,40.79211738977527,-74.03410916325456,40.88429323509415,N,1165
id0004479,1,2016-02-24 16:44:00,2016-02-24 16:54:24,1,-73.93179077469242,40.7755187425997,-73.9140579588901,40.77888956045596,N,624
id0004480,2,2016-01-02 15:56:00,2016-01-02 16:01:39,5,-73.96978970284066,40.76770644212487,-73.9802811448956,40.757589396786415,N,339
id0004481,1,2016-01-05 00:44:00,2016-01-05 00:55:34,1,-73.96829474930384,40.7561136129941,-73.90497103543566,40.762321139622216,N,694
id0004482,2,2016-01-09 00:02:00,2016-01-09 00:14:21,2,-73.99145963313998,40.77739745216699,-73.94983595076678,40.74537060571795,N,741
id0004483,1,2016-03-24 02:26:00,2016-03-24 02:31:51,5,-74.02832893887447,40.768322444767165,-74.02003372589527,40.770689627269036,N,351
id0004484,2,2016-04-06 14:30:00,2016-04-06 14:53:38,1,-74.03826944702706,40.76065919998613,-74.12621397751039,40.700219373203915,N,1418
id0004485,1,2016-03-18 04:42:00,2016-03-18 04:54:15,1,-73.88993440361573,40.72915428378056,-73.92108626691358,40.710621117500686,N,735
id0004486,2,2016-05-07 20:33:00,2016-05-07 20:39:26,1,-73.97873214066395,40.834219480834314,-74.0033931453495,40.83018279496202,N,386
id0004487,1,2016-03-06 20:09:00,2016-03-06 20:25:44,1,-73.92311027395968,40.71073110254932,-73.95670799313383,40.74396833772917,N,1004
id0004488,1,2016-05-23 20:22:00,2016-05-23 20:37:20,1,-73.9088301184295,40.77724362984959,-73.90024316119559,40.816131798903115,N,920
id0004489,2,2016-04-28 21:54:00,2016-04-28 22:04:29,1,-74.00759658115545,40.743589166596436,-73.99808168750887,40.70986256933015,N,629
id0004490,2,2016-06-19 12:52:00,2016-06-19 13:15:41,1,-73.96170718287397,40.837179627125224,-74.03704055194095,40.90984079731395,N,1421
id0004491,2,2016-05-12 03:13:00,2016-05-12 03:19:04,2,-73.98252440734798,40.71734328582493,-73.94631749455523,40.72253635757031,N,364
id0004492,2,2016-01-24 07:04:00,2016-01-24 07:08:39,1,-74.04864675916593,40.72491315322079,-74.04792119238125,40.73331472703187,N,279
id0004493,1,2016-04-11 18:30:00,2016-04-11 18:49:07,1,-73.99520139867474,40.71435818715322,-73.97910753506685,40.65773891517863,N,1147
id0004494,1,2016-04-29 15:08:00,2016-04-29 15:18:16,1,-73.95268713753684,40.77255592729278,-73.91916995246775,40.750853918638576,N,616
id0004495,2,2016-01-03 13:05:00,2016-01-03 13:16:49,1,-74.0124466090256,40.696212720319416,-74.04696024639591,40.73295655372305,N,709
id0004496,1,2016-01-09 00:14:00,2016-01-09 00:27:16,1,-74.00286637574546,40.7364662177359,-73.94621561972625,40.74240846393086,N,796
id0004497,2,2016-01-05 01:54:00,2016-01-05 01:56:44,1,-73.99453517704622,40.66114353797156,-74.00091588711514,40.66491705339041,N,164
id0004498,1,2016-02-01 04:43:00,2016-02-01 05:02:22,5,-73.86886588677794,40.76881896093577,-73.80080126158242,40.77676998690591,N,1162
id0004499,1,2016-06-09 11:27:00,2016-06-09 11:49:08,2,-74.08587269154074,40.73549033135597,-74.1260996511284,40.68497818067796,N,1328
id0004500,2,2016-02-13 17:02:00,2016-02-13 17:30:44,1,-73.9574096185535,40.69103744652307,-73.89268852124161,40.687656147154016,N,1724
id0004501,2,2016-02-03 22:22:00,2016-02-03 22:43:58,2,-73.99893364924887,40.80685242313383,-74.03961293034541,40.85614398556925,N,1318
id0004502,1,2016-03-22 04:38:00,2016-03-22 05:07:55,1,-74.02023601996763,40.69915498957268,-73.90554086207038,40.737189756344975,N,1795
id0004503,2,2016-03-13 10:44:00,2016-03-13 10:54:15,1,-74.0002831638936,40.79386246605127,-74.04311568324589,40.78948048557723,N,615
id0004504,2,2016-06-29 18:53:00,2016-06-29 19:22:39,1,-73.94829430658916,40.72645316292055,-73.90074790416867,40.7811815665232,N,1779
id0004505,2,2016-01-19 20:12:00,2016-01-19 20:37:45,2,-73.94515120232887,40.830070712005295,-73.96145894239504,40.786002264268404,N,1545
id0004506,2,2016-06-02 00:45:00,2016-06-02 00:59:52,5,-73.97476905826609,40.79172977425168,-73.9425930510011,40.75772035598171,N,892
id0004507,1,2016-02-11 17:35:00,2016-02-11 18:02:12,1,-73.92489922759488,40.71263784581067,-73.92672285561554,40.77786462901118,N,1632
id0004508,1,2016-02-26 09:52:00,2016-02-26 10:06:57,1,-73.91521418526946,40.71673128515054,-73.96431955216079,40.73696034429133,N,897
id0004509,2,2016-03-29 08:01:00,2016-03-29 08:47:00,2,-73.94009932319271,40.785248634235096,-74.06595668027177,40.77513757726152,N,2760
id0004510,1,2016-06-26 12:37:00,2016-06-26 13:06:18,1,-74.0150405848131,40.746192984118046,-73.90219933648441,40.74425683430681,N,1758
id0004511,1,2016-02-12 20:52:00,2016-02-12 21:01:29,1,-73.9578057147933,40.75037958718404,-73.95451962464062,40.722147498224594,N,569
id0004512,2,2016-03-03 14:20:00,2016-03-03 14:55:44,1,-73.95754396374738,40.81525074877975,-74.09000281725437,40.82493148984301,N,2144
id0004513,1,2016-04-29 22:52:00,2016-04-29 22:58:38,1,-74.02985972885055,40.724309000698355,-74.01624234155963,40.731217596319254,N,398
id0004514,2,2016-05-01 22:47:00,2016-05-01 22:53:56,1,-74.07131913917299,40.7621082197479,-74.04028773962914,40.762804184593094,N,416
id0004515,2,2016-03-07 20:24:00,2016-03-07 20:37:32,2,-74.0962526591756,40.80095825071436,-74.12843129443374,40.76036678318197,N,812
id0004516,1,2016-01-24 21:22:00,2016-01-24 21:34:12,1,-73.98115794804383,40.79441028697735,-74.01303390224949,40.80367675086477,N,732
id0004517,2,2016-05-23 12:01:00,2016-05-23 12:08:06,1,-73.96860781568232,40.75081742996157,-73.96950069879912,40.7322845298268,N,426
id0004518,1,2016-06-12 21:11:00,2016-06-12 21:29:59,1,-74.04999798677088,40.74499923536163,-73.99588124638657,40.71049003124451,N,1139
id0004519,2,2016-04-19 13:19:00,2016-04-19 13:33:43,1,-73.92746822170967,40.67975330418656,-73.92297001631763,40.72408929139037,N,883
id0004520,1,2016-06-07 20:26:00,2016-06-07 21:02:22,2,-73.9766280017887,40.710468975330066,-73.91078286309329,40.7864092228543,N,2182
id0004521,1,2016-02-16 05:19:00,2016-02-16 05:36:42,1,-73.91078010617966,40.772326165195864,-73.8598752434158,40.84031786970455,N,1062
id0004522,1,2016-06-06 06:05:00,2016-06-06 06:12:54,2,-73.9646205271509,40.7517953014976,-73.97491584199275,40.77454959822928,N,474
id0004523,1,2016-05-27 03:01:00,2016-05-27 03:14:11,1,-74.04364834645335,40.761371718535486,-74.11432191561704,40.752076240767714,N,791
id0004524,2,2016-06-13 05:32:00,2016-06-13 05:35:31,2,-73.95979453326905,40.80476641243354,-73.96999472101488,40.80230396704238,N,211
id0004525,2,2016-06-18 15:21:00,2016-06-18 15:30:14,1,-73.94814391178204,40.7045704600922,-73.92445220376426,40.71876653931338,N,554
id0004526,1,2016-03-03 20:37:00,2016-03-03 20:47:29,1,-74.01511929722379,40.747371886399534,-74.01242409078671,40.73266321506339,N,629
id0004527,2,2016-01-22 20:21:00,2016-01-22 20:38:43,1,-74.06431511485204,40.766491993353505,-74.03576599742593,40.81265034545779,N,1063
id0004528,2,2016-05-16 07:40:00,2016-05-16 08:23:23,2,-73.97948371646314,40.72631280280915,-73.9406298175364,40.65506234050765,N,2603
id0004529,2,2016-05-01 21:05:00,2016-05-01 21:12:04,1,-74.04004645494238,40.82241647012674,-74.01615782003867,40.81206607573718,N,424
id0004530,2,2016-04-27 20:56:00,2016-04-27 21:08:38,1,-73.92335117853163,40.7988864060726,-73.93574096346399,40.82692390829495,N,758
id0004531,1,2016-04-24 19:18:00,2016-04-24 19:27:53,1,-74.00739471742347,40.771055999718996,-73.98399996104882,40.741475412064204,N,593
id0004532,1,2016-01-08 10:20:00,2016-01-08 10:47:43,2,-73.89014693914287,40.83874043006979,-73.78955014872406,40.83033521887857,N,1663
id0004533,2,2016-05-01 21:18:00,2016-05-01 21:31:29,1,-74.1,40.69054971241755,-74.15,40.71132723198606,N,809
id0004534,2,2016-03-29 02:49:00,2016-03-29 03:04:36,1,-73.97758624177202,40.75765231735025,-73.9556583057619,40.810791736096576,N,936
id0004535,1,2016-01-06 16:13:00,2016-01-06 16:55:40,3,-73.90638340479443,40.77448516360204,-73.82394325696691,40.72919732372622,N,2560
id0004536,2,2016-06-04 16:56:00,2016-06-04 17:32:04,1,-74.0339667373738,40.716845022894276,-74.0868232871976,40.668962415822854,N,2164
id0004537,1,2016-01-06 02:51:00,2016-01-06 03:03:33,1,-73.99375605145948,40.7715321543818,-73.94870654732642,40.73842109780741,N,753
id0004538,1,2016-02-12 11:59:00,2016-02-12 12:19:22,3,-74.00716696429002,40.708203787779546,-73.95610468828453,40.65439003301176,N,1222
id0004539,2,2016-02-23 15:44:00,2016-02-23 16:05:22,1,-74.02260722031838,40.789075079322345,-74.08906529728928,40.737751833382944,N,1282
id0004540,2,2016-05-22 11:30:00,2016-05-22 11:44:28,1,-73.97154575473871,40.8056025645658,-73.93948947758989,40.77155942264649,N,868
id0004541,1,2016-01-15 14:27:00,2016-01-15 14:47:42,1,-74.05624818805495,40.77025500305078,-74.0684574036072,40.813427277239384,N,1242
id0004542,2,2016-03-10 23:02:00,2016-03-10 23:05:48,1,-73.99110328297316,40.67462409832208,-73.9938233438161,40.66370140968967,N,228
id0004543,2,2016-03-07 15:01:00,2016-03-07 15:06:57,2,-73.95662031692734,40.71449429154753,-73.97124327956223,40.715592420263015,N,357
id0004544,1,2016-03-16 11:42:00,2016-03-16 11:59:22,1,-73.99683015412627,40.7834119501446,-73.93775914501171,40.7499707011582,N,1042
id0004545,2,2016-06-07 18:44:00,2016-06-07 18:51:50,1,-74.04001123099921,40.75895393895806,-74.04505667691718,40.78112773658532,N,470
id0004546,1,2016-02-29 05:01:00,2016-02-29 05:20:56,1,-73.92833980307692,40.63676988220384,-73.94918891213621,40.70242162317799,N,1196
id0004547,2,2016-03-05 12:10:00,2016-03-05 12:22:57,1,-73.94483586711107,40.813927367274076,-73.96492276521147,40.7828603213327,N,777
id0004548,2,2016-03-15 09:50:00,2016-03-15 10:17:56,1,-74.04226529442171,40.764149542781425,-74.05760984243672,40.82451573576904,N,1676
id0004549,1,2016-03-12 11:57:00,2016-03-12 12:07:41,1,-74.05617591607624,40.72114164012,-74.10475501447311,40.73389649353088,N,641
id0004550,2,2016-06-22 15:31:00,2016-06-22 15:38:47,6,-74.03735584287966,40.8027730018905,-74.05860187547029,40.803363224365604,N,467
id0004551,1,2016-02-18 16:32:00,2016-02-18 16:40:56,1,-73.95500997589821,40.72751069941919,-73.94971484278655,40.74151503355058,N,536
id0004552,1,2016-01-21 15:46:00,2016-01-21 15:53:13,1,-73.96984349055705,40.72701965470781,-73.95164632665784,40.74068808217166,N,433
id0004553,2,2016-03-17 17:33:00,2016-03-17 18:02:03,2,-73.94154545081548,40.77412586929563,-73.88736369321255,40.839124523962845,N,1743
id0004554,2,2016-01-16 05:03:00,2016-01-16 05:09:12,1,-74.00293826199278,40.838146730665905,-73.9920942115134,40.85635445627967,N,372
id0004555,2,2016-05-25 03:31:00,2016-05-25 03:40:08,1,-74.0358603830625,40.831061423008784,-74.05721152089436,40.850000173998716,N,548
id0004556,1,2016-06-11 09:07:00,2016-06-11 09:24:09,5,-73.9344634431372,40.774187017450686,-73.97996024285888,40.759434523752,N,1029
id0004557,2,2016-05-31 05:20:00,2016-05-31 05:33:00,2,-74.01543966823981,40.778807354648265,-74.00218775860351,40.80817505442452,N,780
id0004558,2,2016-05-26 11:41:00,2016-05-26 11:55:19,1,-73.97473985692803,40.79361745194382,-73.98002154206213,40.760127807867015,N,859
id0004559,1,2016-03-17 15:11:00,2016-03-17 15:14:09,1,-74.07024586615134,40.70143573460838,-74.07404014213198,40.70525087424367,N,189
id0004560,1,2016-05-07 02:32:00,2016-05-07 02:54:46,1,-74.01633957333776,40.78698667517184,-74.00452574506609,40.887901599624165,N,1366
id0004561,2,2016-03-13 05:29:00,2016-03-13 05:51:32,1,-73.92948320234822,40.724966693933546,-73.90611069369221,40.63732004674593,N,1352
id0004562,1,2016-06-04 12:34:00,2016-06-04 12:38:35,1,-74.02439510116685,40.77233151300585,-74.01225701608071,40.78049165787759,N,275
id0004563,1,2016-02-05 12:02:00,2016-02-05 12:07:28,1,-73.94020228982016,40.74776395675767,-73.94787560446618,40.75727075898843,N,328
id0004564,1,2016-01-26 14:29:00,2016-01-26 14:38:59,2,-74.1,40.78055437472014,-74.13606218118196,40.772571258233086,N,599
id0004565,1,2016-06-26 13:25:00,2016-06-26 13:33:07,1,-74.01576654128037,40.76331465592529,-74.04334185587979,40.75615648178793,N,487
id0004566,1,2016-03-06 14:40:00,2016-03-06 14:49:32,2,-73.9944245055233,40.61971363781304,-73.95625281339265,40.622912979873696,N,572
id0004567,1,2016-02-26 14:25:00,2016-02-26 14:32:50,1,-73.88916028331617,40.76605012702674,-73.90822166404402,40.75723001238548,N,470
id0004568,2,2016-05-01 15:44:00,2016-05-01 15:59:19,1,-74.0492984584008,40.78689688285347,-74.10987038406049,40.7946661733622,N,919
id0004569,1,2016-03-03 08:39:00,2016-03-03 09:03:48,1,-73.94809536875042,40.778066775675235,-73.89591450808237,40.761000400971646,N,1488
id0004570,1,2016-05-16 00:36:00,2016-05-16 00:57:03,1,-73.92686875203131,40.753383632420615,-73.9692757841817,40.82416738107676,N,1263
id0004571,1,2016-03-19 05:36:00,2016-03-19 05:40:25,1,-74.02468193059843,40.83189727613687,-74.02309581092712,40.823076795121466,N,265
id0004572,2,2016-05-22 16:28:00,2016-05-22 16:45:08,1,-74.0055438171825,40.772011790810474,-73.98344147834807,40.79194819007734,N,1028
id0004573,1,2016-01-15 15:20:00,2016-01-15 15:29:27,3,-73.97721041744035,40.77769529850869,-73.97706559054114,40.75427903501418,N,567
id0004574,1,2016-05-12 10:04:00,2016-05-12 10:24:02,2,-74.06648167319558,40.80500213523228,-74.15,40.83766214129632,N,1202
id0004575,1,2016-02-29 19:03:00,2016-02-29 19:13:46,1,-74.01003067665238,40.77431668498635,-73.99245871680507,40.79998805754365,N,646
id0004576,2,2016-03-17 23:23:00,2016-03-17 23:34:01,1,-73.91481383774794,40.71758920109637,-73.8551229914923,40.73226330937499,N,661
id0004577,2,2016-06-18 08:47:00,2016-06-18 09:14:37,4,-73.95625398540245,40.64827481637992,-73.92086003514247,40.61231807891227,N,1657
id0004578,2,2016-03-28 18:25:00,2016-03-28 19:11:45,1,-73.99362132092158,40.73652955940919,-74.08920105011137,40.71019545298947,N,2805
id0004579,1,2016-01-14 13:07:00,2016-01-14 13:29:23,1,-73.97878102009899,40.79224254866465,-73.88305502556388,40.85125860316577,N,1343
id0004580,2,2016-03-24 10:15:00,2016-03-24 10:34:10,2,-73.95305020489586,40.7421106650862,-74.0127135247329,40.715389085316325,N,1150
id0004581,2,2016-02-13 18:26:00,2016-02-13 18:40:37,1,-73.94251744186494,40.79405302675268,-73.99104631754894,40.81648460271012,N,877
id0004582,2,2016-03-27 09:40:00,2016-03-27 10:04:44,1,-74.01560277810584,40.764692767916415,-73.98041828639667,40.73162927136007,N,1484
id0004583,2,2016-02-09 15:08:00,2016-02-09 15:23:19,1,-73.90059034811962,40.8159629731618,-73.88021248282946,40.85125638640786,N,919
id0004584,1,2016-04-27 00:49:00,2016-04-27 00:58:33,1,-73.91260084893375,40.744715248179574,-73.90898576919795,40.720691340667166,N,573
id0004585,1,2016-02-12 18:47:00,2016-02-12 19:00:49,1,-73.94775083033058,40.77904266719555,-73.97337411122942,40.745331091131646,N,829
id0004586,1,2016-03-25 16:41:00,2016-03-25 17:07:17,1,-74.03136279262152,40.78076482790409,-73.97147423985118,40.7558328412197,N,1577
id0004587,2,2016-06-22 17:45:00,2016-06-22 17:56:34,3,-74.04111231487238,40.82557208426841,-74.04288197813055,40.80618899338527,N,694
id0004588,1,2016-04-26 02:01:00,2016-04-26 02:15:50,1,-74.00296320881282,40.681201321214964,-74.07342497424592,40.695364888637314,N,890
id0004589,1,2016-05-08 22:58:00,2016-05-08 23:14:48,1,-73.98165791962955,40.73737162764511,-73.92620442188053,40.739800057359936,N,1008
id0004590,2,2016-05-20 13:36:00,2016-05-20 13:49:39,2,-74.08226705260574,40.796183224742485,-74.07239922792222,40.757852761945536,N,819
id0004591,1,2016-06-16 09:39:00,2016-06-16 09:55:00,1,-73.95779187765501,40.827565341590045,-73.90761657582705,40.826587196107084,N,960
id0004592,1,2016-06-10 06:37:00,2016-06-10 06:54:09,1,-73.91418957548834,40.768803218068896,-73.88842488743282,40.728780668813705,N,1029
id0004593,2,2016-06-05 02:02:00,2016-06-05 02:30:08,1,-73.9532939223093,40.74482831260104,-73.84567089873005,40.76735282037607,N,1688
id0004594,1,2016-03-03 01:42:00,2016-03-03 01:52:04,5,-74.02218290415423,40.792070326590355,-74.03613156638488,40.821011928050886,N,604
id0004595,2,2016-04-23 16:53:00,2016-04-23 16:55:24,1,-74.02869218685703,40.79709162038543,-74.02796799099757,40.7962534635362,N,144
id0004596,1,2016-05-28 21:25:00,2016-05-28 21:33:26,3,-73.96850812107043,40.74181522445998,-73.93611574209224,40.75132309356472,N,506
id0004597,1,2016-04-11 21:14:00,2016-04-11 21:26:48,1,-73.99343170434359,40.77286382904799,-74.0071023572049,40.834188172921245,N,768
id0004598,1,2016-01-24 03:31:00,2016-01-24 03:41:32,1,-73.96063273541593,40.81112372680854,-73.92451403851857,40.80560762207482,N,632
id0004599,2,2016-04-02 15:44:00,2016-04-02 16:08:48,2,-73.95190532450668,40.84307065469735,-74.08453891247613,40.81002162644557,N,1488
id0004600,2,2016-02-09 08:14:00,2016-02-09 08:25:10,1,-73.9249460209108,40.79141722316559,-73.92822126742296,40.81168905642341,N,670
id0004601,2,2016-05-05 11:52:00,2016-05-05 12:05:12,2,-74.04726678859112,40.759986250349954,-74.05190144968111,40.720343368548164,N,792
id0004602,2,2016-06-05 10:54:00,2016-06-05 10:59:25,1,-73.97281095786829,40.755566617078294,-73.97907564247525,40.74819670336374,N,325
id0004603,1,2016-05-07 17:34:00,2016-05-07 17:51:02,1,-74.00499112521787,40.783082845073714,-74.04445283790075,40.76211819346079,N,1022
id0004604,1,2016-04-10 06:26:00,2016-04-10 06:40:50,1,-73.99042492741644,40.752794722088424,-73.94964939968186,40.728231027926114,N,890
id0004605,1,2016-04-19 02:25:00,2016-04-19 02:31:36,1,-73.93745751310321,40.76653382245601,-73.96015753017295,40.757780756608454,N,396
id0004606,1,2016-04-08 00:17:00,2016-04-08 00:27:40,1,-73.93147807698219,40.71039556809611,-73.92246572897895,40.7418917645136,N,640
id0004607,2,2016-03-22 16:58:00,2016-03-22 17:17:27,5,-73.9080855992289,40.81636757384211,-73.90975796301605,40.855065981433455,N,1167
id0004608,1,2016-02-11 07:25:00,2016-02-11 07:40:26,2,-73.96159253622974,40.706691687278315,-73.93907614687632,40.73910889248649,N,926
id0004609,2,2016-05-02 21:59:00,2016-05-02 22:13:22,2,-73.99105092349157,40.73855497077962,-73.9266576875409,40.75032736389911,N,862
id0004610,2,2016-03-04 14:37:00,2016-03-04 14:41:34,1,-73.99890831581978,40.762391696738334,-73.99012864233518,40.75337161708977,N,274
id0004611,2,2016-01-29 12:23:00,2016-01-29 12:52:53,1,-74.08041152513171,40.84759440959499,-74.04254865894454,40.76507053475599,N,1793
id0004612,1,2016-05-25 15:15:00,2016-05-25 15:21:23,2,-73.91131457253057,40.73897926568165,-73.90479541479779,40.75184740044635,N,383
id0004613,2,2016-04-10 09:05:00,2016-04-10 09:35:43,1,-74.0027044127582,40.728029288371786,-74.0254747814849,40.64825267800523,N,1843
id0004614,2,2016-04-04 16:57:00,2016-04-04 17:23:44,1,-73.95717566169984,40.73321323871998,-73.96354575084503,40.66589538404343,N,1604
id0004615,2,2016-04-04 12:18:00,2016-04-04 12:23:24,1,-73.94765519108417,40.83265037254251,-73.96041459824819,40.82699200458997,N,324
id0004616,2,2016-01-15 03:47:00,2016-01-15 03:55:14,5,-74.05349235299775,40.631444385292234,-74.02792505706137,40.6407045888543,N,494
id0004617,1,2016-04-07 07:27:00,2016-04-07 07:36:02,2,-74.03578405158528,40.71287678945332,-74.03098470968317,40.69708881781929,N,542
id0004618,1,2016-04-08 22:28:00,2016-04-08 22:50:42,1,-73.89991390511194,40.88090799191218,-73.93565581132724,40.93465158211297,N,1362
id0004619,2,2016-04-02 23:15:00,2016-04-02 23:21:35,4,-73.96902604663741,40.784589693307126,-73.9790143485225,40.80076325132028,N,395
id0004620,2,2016-01-02 06:34:00,2016-01-02 06:51:38,2,-74.01693221153641,40.70823067727974,-74.08559846299484,40.699501400541905,N,1058
id0004621,2,2016-05-16 13:09:00,2016-05-16 13:25:25,1,-73.99194908561202,40.75611369080214,-74.0002562291013,40.8046345388835,N,985
id0004622,1,2016-04-21 18:12:00,2016-04-21 18:38:45,1,-73.92525697023419,40.761035455473056,-73.9251982061785,40.8158144226378,N,1605
id0004623,2,2016-05-17 20:43:00,2016-05-17 21:01:51,1,-73.93361270361461,40.79607563606576,-73.85223253459725,40.81401519033737,N,1131
id0004624,1,2016-04-01 16:48:00,2016-04-01 17:08:36,1,-74.06563449692318,40.84077759012702,-74.00495415418519,40.81364357203551,N,1236
id0004625,2,2016-02-29 23:37:00,2016-02-29 23:47:22,1,-73.89511438859805,40.775484825657564,-73.94164774549213,40.756225360571804,N,622
id0004626,1,2016-05-31 15:22:00,2016-05-31 15:46:35,1,-73.93186185829508,40.73370952636442,-73.92278223442514,40.68307367140965,N,1475
id0004627,2,2016-03-04 20:05:00,2016-03-04 20:09:37,1,-73.99338613871379,40.793418799894425,-73.9835171745783,40.791934209101406,N,277
id0004628,2,2016-03-23 11:52:00,2016-03-23 12:02:36,1,-74.05054473436977,40.72657862864117,-74.06091441524418,40.68982717819061,N,636
id0004629,1,2016-01-04 00:00:00,2016-01-04 00:03:46,1,-73.92702952479665,40.71149981268049,-73.9345305084163,40.699982195758615,N,226
id0004630,1,2016-01-30 15:10:00,2016-01-30 15:14:45,3,-73.9587964874838,40.678804100761965,-73.97472422593195,40.6879251113689,N,285
id0004631,2,2016-01-21 14:52:00,2016-01-21 15:25:24,1,-74.06517891079427,40.68756922224748,-73.98090702888453,40.61813941977734,N,2004
id0004632,1,2016-03-18 01:52:00,2016-03-18 02:07:55,2,-73.99776429414472,40.71765996797441,-74.01649258554924,40.67342902357617,N,955
id0004633,1,2016-02-17 17:50:00,2016-02-17 17:59:55,6,-73.81306048814642,40.704999460453465,-73.79771831668445,40.68725977853423,N,595
id0004634,1,2016-03-01 12:08:00,2016-03-01 12:32:51,2,-73.9840924033422,40.772095643731866,-74.09789875936002,40.77025718582656,N,1491
id0004635,1,2016-05-19 08:37:00,2016-05-19 08:56:49,1,-74.02580838268847,40.70402691783792,-73.98874780543548,40.68674073984709,N,1189
id0004636,2,2016-05-04 07:18:00,2016-05-04 07:38:26,2,-74.04046731439186,40.61653501640889,-73.9871758480655,40.607066888810365,N,1226
id0004637,1,2016-05-25 05:10:00,2016-05-25 05:31:12,3,-73.88753455591139,40.71102397014348,-73.93487590722091,40.686307418279085,N,1272
id0004638,2,2016-05-28 11:41:00,2016-05-28 11:55:44,2,-73.93837322807323,40.73676631585254,-73.96140813182721,40.68603732138924,N,884
id0004639,1,2016-02-15 03:19:00,2016-02-15 03:26:14,1,-73.90759084873456,40.73075477304577,-73.88727319032887,40.71203849583706,N,434
id0004640,2,2016-04-22 00:58:00,2016-04-22 01:02:30,1,-73.97134980937493,40.826378610568916,-73.97047407812637,40.81891771219635,N,270
id0004641,2,2016-06-07 07:05:00,2016-06-07 07:18:08,1,-73.9160289420567,40.730390584831994,-73.89504231048333,40.71952693120578,N,788
id0004642,2,2016-02-25 11:16:00,2016-02-25 11:20:46,1,-74.03165762142514,40.79764155584397,-74.044583469331,40.801554413001845,N,286
id0004643,1,2016-03-09 09:02:00,2016-03-09 09:31:58,2,-73.97605749604968,40.757145783014366,-73.89221055363235,40.771807092981,N,1798
id0004644,1,2016-04-06 17:21:00,2016-04-06 17:33:51,1,-73.9692120566765,40.75609628734473,-73.99935036262275,40.77995670528612,N,771
id0004645,1,2016-05-25 05:53:00,2016-05-25 06:15:04,2,-73.90896541874686,40.72040788700184,-73.78784455665969,40.698233607758944,N,1324
id0004646,2,2016-01-27 19:14:00,2016-01-27 19:44:29,1,-73.96746363279227,40.75535478067887,-73.91157705651156,40.70020189254168,N,1829
id0004647,2,2016-03-25 23:13:00,2016-03-25 23:25:55,1,-74.0194031457955,40.72357067428962,-73.9819579578632,40.76807654709012,N,775
id0004648,2,2016-02-14 02:40:00,2016-02-14 02:51:16,1,-73.98147593885938,40.76565109414146,-74.02829743240545,40.77914170118785,N,676
id0004649,2,2016-05-09 16:38:00,2016-05-09 16:55:50,1,-74.07720272613531,40.747368766531935,-74.03626701886904,40.71395558424085,N,1070
id0004650,1,2016-02-14 00:41:00,2016-02-14 00:47:35,1,-74.1,40.71549174300638,-74.07282277061937,40.725211419983616,N,395
id0004651,2,2016-03-05 20:22:00,2016-03-05 20:44:47,4,-73.93927622464405,40.80263524528653,-74.03465869276432,40.84001506095092,N,1367
id0004652,2,2016-03-04 01:00:00,2016-03-04 01:18:46,1,-74.00561091374685,40.77720782160097,-74.0688179275718,40.83772899998434,N,1126
id0004653,2,2016-01-13 20:24:00,2016-01-13 20:29:43,1,-73.99937795144392,40.7378371769636,-73.98328469475523,40.746608536629125,N,343
id0004654,2,2016-05-01 14:18:00,2016-05-01 14:31:53,1,-73.93929793263483,40.76454718711659,-73.94529642010978,40.80163565942384,N,833
id0004655,2,2016-02-16 05:41:00,2016-02-16 05:54:08,1,-73.90816442882254,40.75422798653241,-73.93140594825233,40.7118919140014,N,788
id0004656,1,2016-03-30 07:56:00,2016-03-30 08:15:58,1,-73.95560316248448,40.71895840782315,-73.90705044873398,40.717701811517266,N,1198
id0004657,2,2016-05-06 20:53:00,2016-05-06 21:07:07,6,-73.87895599433801,40.76117233030595,-73.91872606231688,40.74944688758198,N,847
id0004658,1,2016-05-23 05:03:00,2016-05-23 05:10:11,1,-73.95735209762685,40.73005447103367,-73.97783794006257,40.74204441584332,N,431
id0004659,1,2016-06-16 01:38:00,2016-06-16 01:51:36,1,-73.9683782595031,40.7154779773971,-73.99749459996386,40.77186976513737,N,816
id0004660,1,2016-01-23 22:48:00,2016-01-23 22:55:51,2,-73.97177861476224,40.684975470138006,-73.94882099815766,40.69372159893778,N,471
id0004661,1,2016-04-24 08:22:00,2016-04-24 08:47:47,1,-74.05570225591735,40.741862669090764,-74.1330778749093,40.70904349321643,N,1547
id0004662,1,2016-02-29 18:04:00,2016-02-29 18:22:55,1,-73.9324200766898,40.78351367968127,-73.95481531002306,40.73929332938533,N,1135
id0004663,1,2016-05-19 22:47:00,2016-05-19 23:19:53,4,-74.1,40.72674032909796,-74.15,40.784342631294344,N,1973
id0004664,1,2016-03-11 18:02:00,2016-03-11 18:11:25,1,-74.01724390715017,40.87143189114711,-74.03132330353606,40.88941466058059,N,565
id0004665,2,2016-01-03 13:41:00,2016-01-03 13:52:32,1,-73.98373883071878,40.79785585441437,-73.9512016252797,40.8135387015585,N,692
id0004666,2,2016-06-04 19:04:00,2016-06-04 19:18:49,5,-74.02843692778774,40.81669485596972,-73.99509658550161,40.804664257370185,N,889
id0004667,2,2016-05-18 07:57:00,2016-05-18 08:09:16,1,-74.009846575769,40.79378593554332,-74.04258850074353,40.80316109800669,N,736
id0004668,2,2016-03-01 03:16:00,2016-03-01 03:25:39,1,-73.8838343438575,40.84137892387224,-73.85983485597629,40.806835327157806,N,579
id0004669,2,2016-06-01 01:37:00,2016-06-01 01:45:49,1,-73.92427868628201,40.72258491074374,-73.93261104028304,40.73613685319337,N,529
id0004670,2,2016-03-15 16:47:00,2016-03-15 17:18:53,1,-74.02272052244437,40.64276681764537,-73.96147169865584,40.601646362865274,N,1913
id0004671,2,2016-03-16 02:27:00,2016-03-16 02:35:38,1,-74.01082615810348,40.73792434762412,-74.01667448686982,40.725349252048154,N,518
id0004672,1,2016-02-24 14:02:00,2016-02-24 14:20:09,2,-74.05523521717035,40.78311983589964,-74.15,40.76061857569656,N,1089
id0004673,2,2016-03-30 21:19:00,2016-03-30 21:54:43,6,-73.94622534176966,40.764818263728664,-73.90596469637767,40.650810396235336,N,2143
id0004674,1,2016-06-29 23:54:00,2016-06-29 23:59:39,2,-73.99873583477257,40.77039626749355,-74.01939529873833,40.75825936556488,N,339
id0004675,1,2016-01-10 12:45:00,2016-01-10 12:57:06,5,-74.0931556558992,40.817440950120144,-74.10549465374592,40.78598062526394,N,726
id0004676,1,2016-04-17 23:44:00,2016-04-17 23:49:15,1,-73.97945690245045,40.775192590850814,-73.96434034619963,40.76782894491463,N,315
id0004677,1,2016-02-01 18:48:00,2016-02-01 19:06:26,1,-73.96085616140189,40.7939510817416,-74.02496801749025,40.79401137975846,N,1106
id0004678,1,2016-01-23 12:49:00,2016-01-23 13:05:45,1,-73.93202724647537,40.71571967661663,-73.92866783560584,40.77759729462098,N,1005
id0004679,2,2016-01-11 06:41:00,2016-01-11 06:51:49,1,-73.98903451370172,40.708707283985284,-73.96498214893188,40.7193720988858,N,649
id0004680,2,2016-02-19 17:32:00,2016-02-19 17:43:49,1,-74.00549691395325,40.8306351265361,-73.98911402542741,40.842329068690525,N,709
id0004681,1,2016-05-13 02:37:00,2016-05-13 02:45:32,1,-73.87575544257308,40.76254056908162,-73.90270734886958,40.7798870533143,N,512
id0004682,1,2016-05-13 23:46:00,2016-05-13 23:56:51,5,-73.98463776141452,40.729954686744925,-73.94000082305607,40.76046798467336,N,651
id0004683,2,2016-05-25 13:48:00,2016-05-25 14:00:17,1,-73.94542409926211,40.730037247790385,-73.99031141697817,40.74593702867529,N,737
id0004684,2,2016-01-27 10:55:00,2016-01-27 11:01:35,2,-74.0146746803857,40.72878945952628,-74.04282315384272,40.738649415381126,N,395
id0004685,1,2016-01-20 18:39:00,2016-01-20 18:54:41,1,-73.94705496916004,40.72609684405294,-73.95317503375875,40.75099048620265,N,941
id0004686,1,2016-06-27 17:40:00,2016-06-27 18:06:04,1,-74.06505959458222,40.70025834888284,-74.05176351841499,40.615326144153755,N,1564
id0004687,1,2016-06-16 17:31:00,2016-06-16 18:07:31,1,-74.01041371501452,40.69048108190008,-74.02501816434054,40.76359788731484,N,2191
id0004688,2,2016-05-07 09:46:00,2016-05-07 10:11:14,1,-74.05145508316843,40.74922480300555,-73.99616867271337,40.80486534757052,N,1514
id0004689,2,2016-06-01 19:03:00,2016-06-01 19:10:01,1,-74.01827353270282,40.73131833583558,-74.00498565309077,40.73891808715066,N,421
id0004690,1,2016-05-26 09:33:00,2016-05-26 09:50:50,1,-73.91622414778729,40.807822167844954,-73.9128195394208,40.75836694208065,N,1070
id0004691,1,2016-04-14 21:12:00,2016-04-14 21:27:55,1,-74.0186779239117,40.771188449397016,-74.00697179675116,40.813550714534266,N,955
id0004692,2,2016-03-27 13:46:00,2016-03-27 13:57:07,1,-73.94549591309892,40.769939295603514,-73.91251514620565,40.74565361813625,N,667
id0004693,2,2016-06-27 01:09:00,2016-06-27 01:17:31,1,-73.90155041498686,40.72455958166005,-73.89071554479551,40.74324401724017,N,511
id0004694,2,2016-05-03 01:58:00,2016-05-03 02:15:27,1,-73.98651675224818,40.75255372128991,-74.06794500973989,40.70765202522742,N,1047
id0004695,1,2016-06-09 14:37:00,2016-06-09 15:11:01,1,-73.9303428092219,40.77424504966342,-73.88131491034059,40.85216929112748,N,2041
id0004696,2,2016-02-07 16:51:00,2016-02-07 17:16:20,3,-73.95579027230237,40.790228808287075,-73.95040488793894,40.739751221613275,N,1520
id0004697,1,2016-02-10 12:29:00,2016-02-10 12:37:38,1,-73.9785959688179,40.753774867806676,-73.94777759249293,40.756189380267756,N,518
id0004698,1,2016-04-24 14:43:00,2016-04-24 15:00:19,1,-73.94373264258756,40.80656057006959,-73.96200010125905,40.73228401756169,N,1039
id0004699,2,2016-06-22 15:13:00,2016-06-22 15:30:00,1,-73.88380340505044,40.75835951890086,-73.96600564962435,40.756916733073986,N,1020
id0004700,2,2016-04-22 22:39:00,2016-04-22 23:08:32,2,-74.02004979018797,40.7936781203333,-74.12260072308231,40.77879313815346,N,1772
id0004701,1,2016-03-21 14:50:00,2016-03-21 15:11:19,1,-74.03775604950968,40.73595665061349,-74.08025260003078,40.7757580694002,N,1279
id0004702,2,2016-01-05 12:32:00,2016-01-05 12:42:30,1,-74.04098530001104,40.676433523504414,-74.01770705935246,40.6615452433987,N,630
id0004703,2,2016-01-29 04:27:00,2016-01-29 04:46:11,1,-73.93030646166449,40.77007615446084,-73.8719013686911,40.80992797986046,N,1151
id0004704,1,2016-02-12 00:17:00,2016-02-12 00:27:54,1,-73.92288478072794,40.7906395828416,-73.90929607559052,40.754795362976,N,654
id0004705,1,2016-02-06 09:59:00,2016-02-06 10:18:36,1,-74.01453703133336,40.78389062993134,-74.0618872647552,40.77402197382477,N,1176
id0004706,2,2016-05-07 19:45:00,2016-05-07 20:00:43,3,-74.1,40.776998399764686,-74.13528558646397,40.76783147633747,N,943
id0004707,2,2016-05-04 12:33:00,2016-05-04 12:47:33,1,-74.02211162069577,40.74231358653203,-73.96087638125647,40.75965917547918,N,873
id0004708,2,2016-03-10 02:16:00,2016-03-10 02:28:02,1,-73.95486802022062,40.72169641868495,-74.01385315939498,40.734589523609195,N,722
id0004709,1,2016-06-28 17:39:00,2016-06-28 18:28:09,1,-73.98866977264406,40.78282777210697,-73.8940899929759,40.808105652529285,N,2949
id0004710,1,2016-03-12 15:24:00,2016-03-12 15:42:20,1,-73.97508087392845,40.77719013372892,-73.89065918526634,40.786529204844065,N,1100
id0004711,1,2016-03-22 00:56:00,2016-03-22 01:15:43,1,-74.01378394300515,40.73275954091203,-73.917721449861,40.755905559843484,N,1183
id0004712,1,2016-04-05 18:32:00,2016-04-05 18:53:00,1,-73.92922509814096,40.807924088513644,-73.91209353120416,40.776498851009386,N,1260
id0004713,2,2016-04-14 07:27:00,2016-04-14 07:38:47,1,-73.9661244509035,40.71827105184536,-73.98149306769542,40.73187900518621,N,707
id0004714,1,2016-02-04 18:54:00,2016-02-04 19:34:53,1,-73.95274450902,40.731741447954406,-73.93670892704317,40.788028655415005,N,2453
id0004715,2,2016-02-24 15:26:00,2016-02-24 15:48:55,1,-73.97625138743354,40.83163913455538,-73.9353650646362,40.77283938769681,N,1375
id0004716,1,2016-05-05 05:34:00,2016-05-05 05:44:13,1,-73.95615975100141,40.797086187198026,-73.98544466676198,40.81420146562194,N,613
id0004717,2,2016-06-02 20:57:00,2016-06-02 21:12:14,1,-73.95977855715005,40.74188958123491,-74.00933270285222,40.76557687346274,N,914
id0004718,2,2016-03-18 01:43:00,2016-03-18 01:58:36,2,-74.03604410454747,40.77093213193396,-74.04882124677886,40.822073655145466,N,936
id0004719,2,2016-01-21 23:00:00,2016-01-21 23:11:14,1,-73.96448152975437,40.76496565100358,-73.99923537974333,40.79037729366873,N,674
id0004720,2,2016-06-03 23:33:00,2016-06-03 23:44:16,1,-73.94146705054294,40.63444737607602,-73.88562715900368,40.637958434051576,N,676
id0004721,2,2016-04-15 23:15:00,2016-04-15 23:24:49,1,-73.92146721935929,40.7172086722737,-73.9492065474771,40.73226123411655,N,589
id0004722,1,2016-03-20 09:32:00,2016-03-20 09:42:11,5,-73.9621141068444,40.75571190223008,-73.95781024084752,40.72998557802043,N,611
id0004723,1,2016-04-16 16:36:00,2016-04-16 16:51:17,1,-74.03808877853024,40.74195248355483,-73.99385195510288,40.72837360102231,N,917
id0004724,1,2016-05-29 18:07:00,2016-05-29 18:36:13,1,-74.02962245312656,40.769119615417374,-73.97202954916101,40.7223700160278,N,1753
id0004725,2,2016-01-01 04:58:00,2016-01-01 05:09:34,1,-74.00893314446891,40.80882670408266,-73.99954797678545,40.86087273708471,N,694
id0004726,1,2016-03-06 13:03:00,2016-03-06 13:09:59,2,-73.97457948505249,40.743530889690575,-73.9572861544049,40.759286395853856,N,419
id0004727,2,2016-06-20 04:22:00,2016-06-20 04:33:24,4,-73.99172298557191,40.71040553417448,-74.03748756380956,40.67834159806311,N,684
id0004728,2,2016-02-24 17:48:00,2016-02-24 18:07:41,1,-74.0468052636097,40.772618324633,-74.00076771449812,40.78211581832619,N,1181
id0004729,2,2016-06-26 07:55:00,2016-06-26 08:22:49,6,-74.04713460188732,40.74330194998945,-73.99027605598394,40.783879119839256,N,1669
id0004730,2,2016-02-21 05:20:00,2016-02-21 05:35:01,1,-74.1,40.750977142463015,-74.15,40.785724873853916,N,901
id0004731,2,2016-03-26 01:55:00,2016-03-26 02:10:31,2,-74.1,40.74487018263812,-74.02066743807589,40.71240283117729,N,931
id0004732,1,2016-01-13 17:39:00,2016-01-13 18:27:17,1,-73.99224800026252,40.858882701000496,-74.02377767627169,40.749198342444714,N,2897
id0004733,1,2016-05-12 01:36:00,2016-05-12 01:43:02,5,-73.85738732936714,40.657168308255095,-73.83062893940105,40.67100682122647,N,422
id0004734,1,2016-02-13 13:54:00,2016-02-13 14:06:55,3,-73.88617712619147,40.74052497435903,-73.88268684857475,40.7094845372447,N,775
id0004735,2,2016-06-03 11:10:00,2016-06-03 11:18:40,2,-74.03880272766676,40.75783399384583,-74.04151964074174,40.77961545655515,N,520
id0004736,1,2016-01-24 14:54:00,2016-01-24 15:05:01,1,-73.97675531864351,40.72284858784728,-73.98604862766597,40.75610805143905,N,661
id0004737,2,2016-01-22 05:46:00,2016-01-22 06:01:00,1,-74.06555187305275,40.798492162445775,-74.11021722299381,40.83746932133649,N,900
id0004738,1,2016-03-26 09:45:00,2016-03-26 10:18:03,1,-74.0571660241972,40.79459659554239,-74.03359376371805,40.85566251255164,N,1983
id0004739,1,2016-01-16 09:36:00,2016-01-16 10:02:47,1,-74.05086099286967,40.75585104216802,-74.06373300296367,40.799123534300726,N,1607
id0004740,1,2016-02-29 21:56:00,2016-02-29 22:17:52,2,-73.9974024276443,40.745819681009536,-74.0563264321039,40.807053890016974,N,1312
id0004741,2,2016-05-05 10:54:00,2016-05-05 11:13:08,1,-73.99503527856166,40.75296194245958,-74.04161048954187,40.80122905447281,N,1148
id0004742,1,2016-04-01 20:55:00,2016-04-01 21:15:06,1,-73.97110139160563,40.75328460058585,-74.02926147347173,40.804602215676624,N,1206
id0004743,2,2016-04-11 19:51:00,2016-04-11 20:02:34,1,-73.94852309856627,40.75447321373434,-73.97212967332986,40.75304282885892,N,694
id0004744,2,2016-01-17 12:15:00,2016-01-17 12:28:44,2,-74.00352845078673,40.74954004043175,-73.98169898190727,40.704413615338616,N,824
id0004745,2,2016-05-03 15:35:00,2016-05-03 16:02:57,1,-73.98300889161355,40.76936021915666,-74.0150092038905,40.856239678063545,N,1677
id0004746,1,2016-01-17 14:20:00,2016-01-17 14:28:41,1,-74.04515968786797,40.791894542917255,-74.00126481781481,40.79409789564981,N,521
id0004747,2,2016-04-14 02:28:00,2016-04-14 02:39:00,1,-74.05894733633414,40.70263829335806,-74.06431198790793,40.745643075597165,N,660
id0004748,1,2016-05-23 22:04:00,2016-05-23 22:13:09,1,-74.06744347903266,40.71072012453451,-74.08046670051553,40.69146050544866,N,549
id0004749,1,2016-05-12 04:52:00,2016-05-12 05:02:46,1,-73.94929137093794,40.67931668867325,-73.94853692657462,40.71305397416234,N,646
id0004750,1,2016-03-05 05:28:00,2016-03-05 05:49:54,1,-74.00358493164485,40.796987883016094,-73.94080295971581,40.71141416663969,N,1314
id0004751,1,2016-01-29 04:38:00,2016-01-29 04:50:45,1,-74.08791161445534,40.769264548193576,-74.14962185559274,40.75489902950854,N,765
id0004752,2,2016-05-31 04:13:00,2016-05-31 04:39:32,1,-73.9884698923976,40.78073703821698,-73.91393337868374,40.77729265029824,N,1592
id0004753,1,2016-02-09 05:49:00,2016-02-09 05:58:37,6,-74.05368517324824,40.693672579273645,-74.01047796834663,40.70986388616433,N,577
id0004754,1,2016-03-31 05:09:00,2016-03-31 05:20:23,1,-73.89367916495648,40.83832266552961,-73.89465370723316,40.87584352921065,N,683
id0004755,2,2016-02-13 03:19:00,2016-02-13 03:32:36,1,-74.01683519468727,40.73060170913346,-73.96359903887262,40.6923067068764,N,816
id0004756,2,2016-01-06 10:06:00,2016-01-06 10:15:32,5,-73.94751717077995,40.76556926132001,-73.9620284491233,40.78866814793222,N,572
id0004757,1,2016-03-16 19:21:00,2016-03-16 19:34:46,3,-73.92510703349383,40.79644730973053,-73.91225150660412,40.83938065391282,N,826
id0004758,1,2016-04-10 03:46:00,2016-04-10 04:07:46,1,-74.03752106489064,40.71358591098918,-74.06188471773002,40.79569281638558,N,1306
id0004759,2,2016-05-18 05:45:00,2016-05-18 05:55:25,1,-73.98081740853449,40.733415403866935,-73.93732602615965,40.75814738330125,N,625
id0004760,1,2016-05-12 02:15:00,2016-05-12 02:22:30,1,-73.95455926542365,40.76606272985704,-73.98638576765926,40.7499800205052,N,450
id0004761,2,2016-05-31 07:32:00,2016-05-31 07:49:14,1,-73.97864496051744,40.88658628839591,-73.98095651102253,40.84207452539712,N,1034
id0004762,1,2016-05-28 03:15:00,2016-05-28 03:33:25,1,-73.96513945823796,40.771550613428346,-73.93457821141332,40.83557269385363,N,1105
id0004763,2,2016-03-14 00:51:00,2016-03-14 01:05:29,1,-74.05812961664576,40.83028625177838,-74.01096108277879,40.85609321952413,N,869
id0004764,2,2016-03-03 02:10:00,2016-03-03 02:17:13,1,-73.9545280079157,40.81225529153364,-73.9914799847953,40.81148614442833,N,433
id0004765,1,2016-04-19 13:45:00,2016-04-19 14:03:09,1,-74.0117390306795,40.77456045164226,-73.97784781009908,40.71786681134449,N,1089
id0004766,2,2016-03-28 07:03:00,2016-03-28 07:21:12,3,-73.96578018271937,40.71348619027662,-74.00996951137004,40.68089475199519,N,1092
id0004767,1,2016-02-23 17:20:00,2016-02-23 18:31:38,1,-73.93440061349467,40.80568891248682,-74.03116550064708,40.82778512259391,N,4298
id0004768,2,2016-01-06 18:53:00,2016-01-06 19:12:50,6,-73.9482155320865,40.69058503462584,-73.98187839621188,40.70296919047025,N,1190
id0004769,2,2016-03-27 14:11:00,2016-03-27 14:29:43,1,-73.96582041509808,40.83003938056547,-73.92826071617465,40.761917776001646,N,1123
id0004770,1,2016-03-26 09:55:00,2016-03-26 10:04:08,6,-73.94968294370985,40.76700023886983,-73.95023270326385,40.78914167834739,N,548
id0004771,2,2016-06-20 05:53:00,2016-06-20 06:07:28,2,-73.94713739203611,40.638739940371586,-73.97121230076515,40.58384466468389,N,868
id0004772,1,2016-05-27 21:05:00,2016-05-27 21:20:09,1,-73.90274743612389,40.74267722572357,-73.90025091156679,40.79006754312465,N,909
id0004773,1,2016-02-19 00:14:00,2016-02-19 00:18:03,1,-73.98687278847045,40.787427651941535,-73.9858648031847,40.79472710896321,N,243
id0004774,2,2016-01-21 02:01:00,2016-01-21 02:06:56,1,-73.97598236536066,40.747333925713214,-73.94799693066177,40.73111417500699,N,356
id0004775,1,2016-05-23 09:44:00,2016-05-23 10:19:00,2,-73.93373632550632,40.79017526149471,-74.00626327210547,40.824830663363585,N,2100
id0004776,1,2016-03-29 16:11:00,2016-03-29 16:19:23,1,-74.011971318537,40.71974891245295,-74.01657720159454,40.73212138754855,N,503
id0004777,2,2016-01-08 16:18:00,2016-01-08 16:33:37,2,-74.05843971099729,40.69923079322456,-74.05284723377792,40.745603259522234,N,937
id0004778,1,2016-05-17 04:40:00,2016-05-17 04:52:56,3,-73.95787234039794,40.75478495686286,-74.01931399777138,40.7576016033315,N,776
id0004779,2,2016-03-03 20:01:00,2016-03-03 20:15:26,1,-73.99633130265387,40.75942045502805,-74.05839001160943,40.76427913285225,N,866
id0004780,2,2016-02-01 03:33:00,2016-02-01 03:39:23,1,-74.05141400764539,40.742322704202195,-74.0678258864996,40.732338939061265,N,383
id0004781,2,2016-04-29 21:33:00,2016-04-29 21:38:28,4,-73.9574701938841,40.8132281015989,-73.95708660113695,40.82243195159575,N,328
id0004782,1,2016-05-22 21:45:00,2016-05-22 22:01:44,2,-73.90628768417339,40.719740668118746,-73.9057456130459,40.77916894891137,N,1004
id0004783,1,2016-05-21 05:34:00,2016-05-21 05:42:35,1,-74.0746358400459,40.77209245232996,-74.09967152170634,40.754495706377824,N,515
id0004784,1,2016-02-19 21:59:00,2016-02-19 22:08:09,1,-73.9287721252631,40.76105864870237,-73.95565218194662,40.78373707892894,N,549
id0004785,2,2016-04-17 18:39:00,2016-04-17 18:53:51,1,-74.1,40.68794778215388,-74.11778293446656,40.657132256748596,N,891
id0004786,2,2016-03-25 18:45:00,2016-03-25 19:16:56,1,-74.00701576465998,40.69864364173492,-73.99358228539928,40.626308017616175,N,1916
id0004787,1,2016-06-07 04:45:00,2016-06-07 04:58:10,1,-73.88377162482666,40.758535995731194,-73.82776367952097,40.76579705164415,N,790
id0004788,1,2016-02-04 12:46:00,2016-02-04 13:11:37,5,-74.00305782266821,40.847153999940915,-74.1029756825582,40.860118189762346,N,1537
id0004789,2,2016-05-29 09:11:00,2016-05-29 09:23:11,1,-73.98005338822985,40.78406714153545,-73.95201829277127,40.78021534710496,N,731
id0004790,1,2016-03-04 00:44:00,2016-03-04 00:53:01,1,-73.94304235895746,40.6803464328685,-73.94804418371116,40.62798695889147,N,541
id0004791,1,2016-04-22 09:15:00,2016-04-22 09:31:21,1,-74.07940604327334,40.618028037069635,-74.0557485406239,40.62867857468209,N,981
id0004792,1,2016-04-01 09:29:00,2016-04-01 09:49:23,4,-73.98103478595381,40.7909874116852,-73.92768533577707,40.80030838888008,N,1223
id0004793,1,2016-03-04 08:36:00,2016-03-04 08:51:29,1,-73.98146828104213,40.75367039326824,-74.01544895445387,40.72256307118,N,929
id0004794,2,2016-02-12 02:59:00,2016-02-12 03:17:03,1,-73.88257234647132,40.80935696862797,-73.84007863596594,40.76198476362641,N,1083
id0004795,1,2016-03-07 04:41:00,2016-03-07 04:53:42,1,-74.05296574570488,40.71836769356799,-74.10939767459963,40.70953411609828,N,762
id0004796,1,2016-04-20 13:11:00,2016-04-20 13:19:30,1,-74.00598466240476,40.77375956240363,-74.00024269693023,40.79661208604085,N,510
id0004797,1,2016-04-21 22:44:00,2016-04-21 22:51:40,1,-74.0360595684953,40.796077805836255,-74.04697282311542,40.810660721448976,N,460
id0004798,2,2016-04-23 10:27:00,2016-04-23 10:38:11,1,-74.04189264920302,40.73786413628071,-74.03981007314269,40.70703484135652,N,671
id0004799,1,2016-04-29 11:49:00,2016-04-29 12:03:27,1,-73.92299285001145,40.7388261493396,-73.96749939282968,40.74361852731537,N,867
id0004800,2,2016-01-10 07:23:00,2016-01-10 07:38:20,1,-73.98353416738995,40.75913682739943,-73.96387441186769,40.790186251591074,N,920
id0004801,2,2016-03-12 19:33:00,2016-03-12 20:13:11,1,-74.01555619580346,40.78242043559522,-73.9441732688553,40.74137713577088,N,2411
id0004802,1,2016-02-27 07:54:00,2016-02-27 08:10:24,2,-74.01348152456283,40.757354969796964,-74.05721508374957,40.75956540767847,N,984
id0004803,1,2016-03-13 08:21:00,2016-03-13 08:40:25,1,-74.015977489232,40.80182983519918,-74.00744344075716,40.84871726950516,N,1165
id0004804,1,2016-03-10 13:44:00,2016-03-10 13:59:54,6,-74.01105917475742,40.73721291648299,-73.97254488430886,40.6925902910477,N,954
id0004805,2,2016-02-02 04:10:00,2016-02-02 04:22:48,1,-74.05454449393591,40.698222215754164,-74.06789782670336,40.7386656359409,N,768
id0004806,2,2016-06-24 14:34:00,2016-06-24 14:57:31,1,-73.99923012484109,40.846963891565096,-73.93801244337104,40.90363545239638,N,1411
id0004807,1,2016-01-01 01:15:00,2016-01-01 01:21:23,1,-74.00475636804087,40.73079148185559,-74.02409234340472,40.72301428847461,N,383
id0004808,1,2016-04-18 09:30:00,2016-04-18 09:35:54,1,-74.02667881885219,40.7324201062327,-74.03191208049614,40.720414804567135,N,354
id0004809,1,2016-03-24 23:47:00,2016-03-25 00:01:39,1,-73.97647245590322,40.755038850551756,-74.02116439474241,40.79119715521744,N,879
id0004810,2,2016-05-08 00:35:00,2016-05-08 00:39:17,1,-73.9718060785935,40.76102314993443,-73.96610951252536,40.7545085868084,N,257
id0004811,2,2016-05-31 05:06:00,2016-05-31 05:24:40,5,-74.01561559678605,40.74059923608803,-74.01547956423859,40.6582398015637,N,1120
id0004812,1,2016-04-28 02:16:00,2016-04-28 02:23:58,1,-73.99292737829214,40.7572154746373,-73.96431182227411,40.753757663823166,N,478
id0004813,2,2016-05-19 12:15:00,2016-05-19 12:22:51,1,-73.86627569502045,40.756210699585736,-73.89490496683945,40.77267483847255,N,471
id0004814,2,2016-02-19 20:13:00,2016-02-19 20:24:31,1,-73.86837617077688,40.765866869715936,-73.89906597388166,40.791769804591326,N,691
id0004815,1,2016-06-29 21:31:00,2016-06-29 21:44:41,1,-74.04297496045713,40.65191306434557,-74.02216281515163,40.621091043579256,N,821
id0004816,1,2016-01-16 21:11:00,2016-01-16 21:25:22,1,-74.03529461616237,40.84263943381536,-73.97242104410903,40.833196394633816,N,862
id0004817,2,2016-05-01 19:57:00,2016-05-01 20:21:38,2,-74.04326718023457,40.751372025890944,-74.01496171909118,40.78556378013627,N,1478
id0004818,1,2016-01-27 16:13:00,2016-01-27 16:41:37,5,-73.92686203330153,40.78412801787512,-73.84372848211403,40.782028066125655,N,1717
id0004819,1,2016-02-12 13:43:00,2016-02-12 14:00:32,5,-74.00691911147666,40.695985439630974,-73.98193027527168,40.64247960984234,N,1052
id0004820,2,2016-05-30 04:44:00,2016-05-30 04:56:23,1,-73.9718179166022,40.73680498824378,-73.94844973808875,40.780122318580496,N,743
id0004821,1,2016-05-03 06:39:00,2016-05-03 06:49:09,1,-73.87516679666955,40.72774578601558,-73.8445986170394,40.72025190023238,N,609
id0004822,1,2016-04-25 07:01:00,2016-04-25 07:26:44,1,-73.98557556368708,40.824137569402886,-73.91860787967701,40.862330226604236,N,1544
id0004823,1,2016-05-30 18:47:00,2016-05-30 19:12:57,1,-73.94615632030334,40.731638387692385,-73.89046566732807,40.682797403337055,N,1557
id0004824,2,2016-02-20 16:13:00,2016-02-20 16:28:59,1,-73.95637685878847,40.7921135994123,-74.00519637927837,40.787879063246685,N,959
id0004825,2,2016-04-26 15:52:00,2016-04-26 16:01:31,1,-74.01735195434328,40.72873107962971,-73.98132576940083,40.746571840458415,N,571
id0004826,1,2016-02-06 18:00:00,2016-02-06 18:06:10,1,-73.9267461047542,40.73763214771557,-73.91480506199326,40.73458207756304,N,370
id0004827,1,2016-03-28 16:10:00,2016-03-28 16:24:36,3,-74.03173354450051,40.74695024256597,-74.04046512021552,40.70554502548474,N,876
id0004828,2,2016-03-14 16:24:00,2016-03-14 17:09:10,2,-73.91130661174557,40.81577303070732,-73.99108842374116,40.7322349149678,N,2710
id0004829,1,2016-04-22 13:39:00,2016-04-22 14:00:00,5,-74.0173098030865,40.67295663034365,-74.08661704404821,40.72627090987626,N,1260
id0004830,2,2016-01-12 19:44:00,2016-01-12 19:52:55,1,-74.01128822462948,40.698795140012656,-74.02768924953457,40.707476477079204,N,535
id0004831,1,2016-01-05 16:42:00,2016-01-05 17:09:12,3,-74.04486683029947,40.67037126754396,-74.11077344817903,40.71120930439165,N,1632
id0004832,1,2016-01-06 18:08:00,2016-01-06 18:28:10,1,-74.03583426759492,40.70906240461074,-74.05130332443885,40.74156582308836,N,1210
id0004833,1,2016-02-18 06:00:00,2016-02-18 06:11:18,1,-74.00847203772807,40.72147799769636,-73.97632668135378,40.742367636610545,N,678
id0004834,1,2016-04-14 20:20:00,2016-04-14 20:28:48,1,-74.1,40.685348343565934,-74.12614303455553,40.67410153613579,N,528
id0004835,1,2016-01-29 16:59:00,2016-01-29 17:06:53,1,-73.99783327876466,40.724963351402344,-73.99407746164086,40.742105193799716,N,473
id0004836,1,2016-06-29 09:46:00,2016-06-29 10:30:53,1,-74.01293858304828,40.667337848358,-74.06108642117084,40.71747664148098,N,2693
id0004837,2,2016-03-16 05:47:00,2016-03-16 05:53:41,2,-73.94154938957635,40.712190507430456,-73.92810486175266,40.715095889920036,N,401
id0004838,1,2016-02-25 04:21:00,2016-02-25 04:41:43,1,-73.96173605939038,40.812018917995964,-73.93886996677425,40.87857845454994,N,1243
id0004839,2,2016-06-11 12:47:00,2016-06-11 13:05:19,5,-74.02392005871046,40.77616146316265,-74.0879521002761,40.723681697136314,N,1099
id0004840,2,2016-02-01 21:19:00,2016-02-01 21:36:53,1,-74.01022029176842,40.766436045247765,-74.04405517511533,40.71019424385358,N,1073
id0004841,1,2016-02-04 04:57:00,2016-02-04 05:09:48,2,-73.99790399211865,40.71287496496744,-74.05492665415198,40.747457597475616,N,768
id0004842,2,2016-03-10 07:17:00,2016-03-10 07:36:16,5,-73.90327238950383,40.68887617684299,-73.88035772364702,40.66022017406476,N,1156
id0004843,1,2016-01-13 22:03:00,2016-01-13 22:24:43,1,-74.0302267574251,40.70673797660096,-74.02284646220043,40.77825476881597,N,1303
id0004844,1,2016-05-04 00:21:00,2016-05-04 00:30:01,3,-74.02458683657228,40.75605555778968,-74.02682386731288,40.802862505782834,N,541
id0004845,1,2016-05-21 09:35:00,2016-05-21 09:58:18,1,-74.04707212833894,40.797067955087705,-74.0528447975553,40.852632957824234,N,1398
id0004846,1,2016-03-05 08:27:00,2016-03-05 08:45:05,1,-74.06651217136898,40.79860653377109,-74.05198457677452,40.829561804465385,N,1085
id0004847,2,2016-06-06 23:00:00,2016-06-06 23:10:34,1,-73.96811480070059,40.786377556311756,-73.95268648356007,40.75412212948329,N,634
id0004848,1,2016-01-02 08:00:00,2016-01-02 08:38:39,1,-73.97384031679097,40.724809941116945,-73.99614130401258,40.66673298511221,N,2319
id0004849,2,2016-04-06 17:07:00,2016-04-06 17:34:09,1,-73.91444809809406,40.759104742458184,-73.94304995426822,40.8114400558798,N,1629
id0004850,2,2016-05-12 20:41:00,2016-05-12 21:04:12,1,-73.92772250457502,40.74353958614833,-73.93037728835168,40.69105469893791,N,1392
id0004851,1,2016-03-09 12:50:00,2016-03-09 13:07:36,1,-73.85315858070075,40.74894646064274,-73.86169665111073,40.80441745971321,N,1056
id0004852,1,2016-06-21 06:51:00,2016-06-21 07:11:14,1,-73.98906300221476,40.84967075536319,-73.89633230208754,40.87310727197122,N,1214
id0004853,2,2016-03-19 08:34:00,2016-03-19 08:41:54,6,-73.99932912600879,40.67870998933484,-74.01660438626548,40.67604114645114,N,474
id0004854,1,2016-06-16 02:02:00,2016-06-16 02:08:57,5,-74.05651244898233,40.7474395432835,-74.04347750993719,40.76291121223523,N,417
id0004855,1,2016-04-29 22:28:00,2016-04-29 22:35:25,1,-73.9466882007888,40.81252870082383,-73.92572150881605,40.82881388356455,N,445
id0004856,2,2016-02-12 00:13:00,2016-02-12 00:25:39,1,-73.97848061672045,40.69203488272349,-73.9154570236428,40.68495051912294,N,759
id0004857,1,2016-05-31 06:54:00,2016-05-31 07:09:45,1,-73.9491803532244,40.72903136586302,-73.98568365985298,40.7789304190852,N,945
id0004858,2,2016-01-06 14:21:00,2016-01-06 14:38:11,1,-74.04765183205811,40.734193267609456,-73.98736767974674,40.78289229773044,N,1031
id0004859,2,2016-02-04 11:28:00,2016-02-04 11:31:20,1,-73.96566176960353,40.74795196250757,-73.97229457044797,40.753400038071305,N,200
id0004860,1,2016-05-21 22:18:00,2016-05-21 22:37:12,2,-73.97371402101253,40.68618192781772,-73.86115348567844,40.66518212428321,N,1152
id0004861,2,2016-06-13 05:03:00,2016-06-13 05:18:21,1,-73.97735307280584,40.78478787271521,-73.96103597294066,40.830496264269364,N,921
id0004862,1,2016-03-11 14:59:00,2016-03-11 15:26:12,1,-74.02257962495048,40.787982927713095,-74.07788143577127,40.717193314408235,N,1632
id0004863,2,2016-04-29 15:28:00,2016-04-29 15:32:39,1,-73.91958714432957,40.78087688962581,-73.9284592845985,40.79641313087121,N,279
id0004864,2,2016-05-06 22:30:00,2016-05-06 22:48:21,4,-73.8722330831562,40.7188331846569,-73.81210096207643,40.74471831344422,N,1101
id0004865,2,2016-05-14 08:51:00,2016-05-14 09:20:30,1,-74.04606892144636,40.76189298558543,-74.04239956949786,40.732900671368206,N,1770
id0004866,1,2016-06-13 19:59:00,2016-06-13 20:20:32,1,-73.94537558112239,40.717525189219394,-73.94805872446426,40.751607681279715,N,1292
id0004867,2,2016-01-16 19:37:00,2016-01-16 19:51:28,1,-74.1,40.74303315026528,-74.06764512762595,40.7421096451192,N,868
id0004868,2,2016-02-05 01:10:00,2016-02-05 01:15:59,1,-73.94822645277847,40.85490605672269,-73.96375134885851,40.83580655245447,N,359
id0004869,1,2016-06-16 03:19:00,2016-06-16 03:31:55,1,-74.0878585039098,40.762306291991834,-74.09734149682004,40.79601910888006,N,775
id0004870,1,2016-04-09 02:42:00,2016-04-09 02:54:20,1,-74.01387320413446,40.70456130408058,-74.05638355708138,40.66656234907616,N,740
id0004871,1,2016-04-06 03:09:00,2016-04-06 03:29:01,1,-74.05721635639648,40.766115090329876,-73.979419421253,40.796536857109615,N,1201
id0004872,2,2016-03-14 08:00:00,2016-03-14 08:34:55,1,-73.99685863222221,40.697169183327155,-74.05187613978835,40.62778706584348,N,2095
id0004873,1,2016-03-06 21:41:00,2016-03-06 21:45:44,5,-73.93886634658976,40.70404453233683,-73.93124034690041,40.71404418797242,N,284
id0004874,1,2016-02-14 13:20:00,2016-02-14 13:28:32,2,-74.08715222950498,40.71114945888231,-74.06555742484129,40.712683997349785,N,512
id0004875,2,2016-03-13 14:33:00,2016-03-13 14:41:50,3,-74.00477138292337,40.738006074651196,-74.0053856833197,40.719116722810895,N,530
id0004876,1,2016-01-14 08:27:00,2016-01-14 08:41:14,1,-74.01323528228488,40.80016360480152,-74.06965910808192,40.813800475177636,N,854
id0004877,1,2016-02-23 07:58:00,2016-02-23 08:12:56,5,-73.89804232238704,40.78402791891076,-73.94298670363405,40.78124296438288,N,896
id0004878,1,2016-06-29 19:54:00,2016-06-29 20:11:18,2,-73.96125314456823,40.78153478977113,-73.93773988324219,40.81844913672683,N,1038
id0004879,1,2016-01-30 15:51:00,2016-01-30 16:04:55,1,-74.04974694123004,40.70854839454843,-74.08484151011687,40.72815367915655,N,835
id0004880,2,2016-05-13 06:19:00,2016-05-13 06:50:18,1,-74.01092119084667,40.7336408540054,-74.10416196585865,40.749485152156005,N,1878
id0004881,1,2016-01-07 07:23:00,2016-01-07 07:30:23,1,-73.8994142668888,40.77024004980974,-73.88200024236329,40.78045519193435,N,443
id0004882,2,2016-05-13 13:19:00,2016-05-13 13:26:19,2,-73.94570990757742,40.729725600657524,-73.98497219967544,40.71319977467838,N,439
id0004883,1,2016-02-18 02:56:00,2016-02-18 03:04:27,1,-74.0355028404323,40.74547351018645,-74.00709797312165,40.7349103859373,N,507
id0004884,1,2016-05-07 19:57:00,2016-05-07 20:02:12,1,-73.99968887961107,40.777861141163854,-74.00876183803116,40.78654869557158,N,312
id0004885,2,2016-03-31 09:11:00,2016-03-31 09:18:36,2,-73.99793100316245,40.742305229345945,-74.00917255794558,40.736237647297195,N,456
id0004886,2,2016-05-21 03:56:00,2016-05-21 04:07:15,2,-74.01458900599357,40.7681726815096,-74.0122382877578,40.807073530574755,N,675
id0004887,1,2016-05-01 08:24:00,2016-05-01 08:35:03,1,-74.07906166859769,40.82967278052088,-74.13029386845041,40.83294353715491,N,663
id0004888,2,2016-04-11 13:37:00,2016-04-11 13:47:40,4,-74.02226919434645,40.750266354045586,-74.05941458328834,40.76342518531946,N,640
id0004889,2,2016-05-13 11:15:00,2016-05-13 11:28:09,1,-73.9085940381774,40.81107020143737,-73.92029062037136,40.76197626375102,N,789
id0004890,2,2016-06-24 18:58:00,2016-06-24 19:26:33,2,-74.00596294678836,40.78317165302883,-74.05745837840304,40.81618471255094,N,1713
id0004891,2,2016-04-18 09:35:00,2016-04-18 09:49:37,1,-73.99067894967536,40.691974110293096,-73.95855715499958,40.67163303451449,N,877
id0004892,2,2016-02-01 15:28:00,2016-02-01 15:41:12,1,-73.97727108942306,40.70840383368314,-73.99110314354502,40.67191095830276,N,792
id0004893,1,2016-01-22 02:57:00,2016-01-22 03:21:49,1,-73.86300222329083,40.72048818526186,-73.92822687036512,40.778104695580794,N,1489
id0004894,2,2016-04-09 15:56:00,2016-04-09 16:03:59,2,-73.98451188757207,40.71953242873803,-74.00966819161758,40.743949182023165,N,479
id0004895,2,2016-03-19 13:00:00,2016-03-19 13:09:43,1,-73.92483300555291,40.7539369614252,-73.92027889013143,40.78813531158641,Y,583
id0004896,1,2016-04-20 18:10:00,2016-04-20 18:21:56,1,-74.01789990946281,40.78565898216368,-74.03797397987084,40.80156634856544,N,716
id0004897,1,2016-05-01 11:13:00,2016-05-01 11:19:34,1,-73.99926695932764,40.81448212875171,-73.98127524443984,40.81122185089508,N,394
id0004898,1,2016-02-04 00:38:00,2016-02-04 00:45:11,1,-73.98430960022894,40.77186787899263,-73.95847796450087,40.76208173871066,N,431
id0004899,2,2016-05-15 06:11:00,2016-05-15 06:33:12,1,-74.02757731180172,40.73794441997761,-73.91950079938383,40.76521327646859,N,1332
id0004900,1,2016-06-29 10:08:00,2016-06-29 10:27:43,1,-73.99620447793316,40.66429914403666,-73.94442548887193,40.703937310515,N,1183
id0004901,2,2016-02-29 01:26:00,2016-02-29 01:39:02,2,-73.93615719853027,40.761176530893785,-74.00979386402662,40.75879009971638,N,782
id0004902,1,2016-06-18 00:43:00,2016-06-18 01:02:06,1,-74.02902005086005,40.75915965871628,-74.045230512685,40.831698658980805,N,1146
id0004903,1,2016-06-17 23:25:00,2016-06-17 23:30:11,1,-73.984995103297,40.766231793909256,-73.99699396145715,40.759325644669374,N,311
id0004904,1,2016-03-17 04:14:00,2016-03-17 04:27:49,1,-73.94601965465893,40.852780813396656,-73.92014146314982,40.803990517825504,N,829
id0004905,1,2016-05-24 18:13:00,2016-05-24 18:42:31,1,-74.0303456326847,40.81382684457869,-74.07235700586628,40.7535735486439,N,1771
id0004906,2,2016-06-18 16:37:00,2016-06-18 17:10:40,1,-73.92475224140618,40.79332774132125,-73.94865858879511,40.734255603445476,N,2020
id0004907,2,2016-06-04 00:21:00,2016-06-04 00:34:07,1,-73.98099140861588,40.71470652914678,-74.0369899430318,40.70022311640675,N,787
id0004908,2,2016-03-11 17:27:00,2016-03-11 17:38:19,1,-73.99408174098366,40.73491523628615,-74.02118369854078,40.7267946055472,N,679
id0004909,2,2016-05-01 07:28:00,2016-05-01 07:39:22,1,-74.09544812931901,40.75373199268822,-74.12087157894535,40.77762298000702,N,682
id0004910,2,2016-04-17 20:19:00,2016-04-17 20:22:52,1,-74.00554868431074,40.72310667941954,-74.01963394588928,40.722105398185654,N,232
id0004911,2,2016-03-16 07:18:00,2016-03-16 07:36:58,1,-73.964562417112,40.780520903624335,-74.0179554902734,40.810038889836534,N,1138
id0004912,2,2016-04-26 09:21:00,2016-04-26 09:38:17,1,-73.88900602396586,40.77406089821471,-73.84481486569283,40.775632147356504,N,1037
id0004913,1,2016-06-19 00:26:00,2016-06-19 00:30:23,1,-73.95376609652386,40.70902614931254,-73.93251647269636,40.709499399226985,N,263
id0004914,2,2016-01-05 17:38:00,2016-01-05 18:01:21,1,-73.92305810725219,40.81185675190933,-73.98825544702434,40.791643731319034,N,1401
id0004915,1,2016-06-13 01:30:00,2016-06-13 01:44:22,5,-74.05150075154921,40.7626039650214,-74.05033196928667,40.81239456113532,N,862
id0004916,1,2016-03-07 23:39:00,2016-03-07 23:59:15,6,-73.99197523726092,40.6801917983966,-74.06241170684933,40.62658984801637,N,1215
id0004917,2,2016-05-30 18:46:00,2016-05-30 19:06:33,1,-73.91785894567191,40.75568957137448,-73.85745743800071,40.76623543154947,N,1233
id0004918,1,2016-01-20 15:01:00,2016-01-20 15:17:02,1,-74.03382534527199,40.77065429051653,-73.96119046847994,40.76429652435531,N,962
id0004919,1,2016-06-11 04:26:00,2016-06-11 04:34:31,1,-73.93191275540647,40.80177565626461,-73.93442093363146,40.829137067177264,N,511
id0004920,1,2016-03-22 13:01:00,2016-03-22 13:13:24,1,-73.94466751744699,40.74281356185931,-73.98303654997795,40.74208453281885,N,744
id0004921,2,2016-06-15 19:45:00,2016-06-15 19:55:37,1,-73.96989019933525,40.795257222035126,-73.99978231907706,40.79555975173168,N,637
id0004922,2,2016-03-18 20:27:00,2016-03-18 20:36:48,6,-74.00307864438248,40.76642138940466,-74.0234970380849,40.75708900262382,N,588
id0004923,2,2016-05-15 20:05:00,2016-05-15 20:22:53,1,-74.03924623350149,40.69882254259331,-74.04405345911809,40.74758651673793,N,1073
id0004924,1,2016-04-18 11:50:00,2016-04-18 12:06:10,1,-73.88735413882432,40.69431749519329,-73.82568300469103,40.6944017011704,N,970
id0004925,2,2016-02-06 11:04:00,2016-02-06 11:24:35,1,-73.95024756152517,40.808515194156726,-73.90724548006126,40.8774529865632,N,1235
id0004926,2,2016-02-15 09:10:00,2016-02-15 09:25:10,1,-73.96626611314285,40.81181928802718,-73.92257091047482,40.82134793588414,N,910
id0004927,1,2016-04-08 00:22:00,2016-04-08 00:24:27,1,-74.00770673615112,40.772530915368215,-74.00003071397084,40.77329250979612,N,147
id0004928,1,2016-03-29 14:10:00,2016-03-29 14:24:24,4,-73.98291706037256,40.825306802453106,-74.03482958794993,40.8202203588582,N,864
id0004929,2,2016-04-22 02:39:00,2016-04-22 02:51:29,1,-73.97594055015165,40.805547443206876,-74.01059310208507,40.82529608469586,N,749
id0004930,1,2016-05-26 20:14:00,2016-05-26 20:23:31,1,-73.96300683733965,40.78876329282659,-73.9602743804978,40.768169524774834,N,571
id0004931,2,2016-05-20 18:05:00,2016-05-20 18:21:33,1,-73.94461128413404,40.71699098300699,-73.99866078849203,40.72209196697335,N,993
id0004932,1,2016-01-11 15:58:00,2016-01-11 16:02:30,2,-74.02803593392203,40.835914293796456,-74.01435670114718,40.83619908929023,N,270
id0004933,2,2016-03-31 02:48:00,2016-03-31 02:55:08,1,-74.06566283310178,40.782133564449374,-74.02943227463831,40.79351723392366,N,428
id0004934,1,2016-01-27 23:33:00,2016-01-27 23:42:37,1,-73.98036455317995,40.74063725514248,-73.95582401054183,40.752888316561645,N,577
id0004935,2,2016-04-03 08:13:00,2016-04-03 08:24:19,2,-74.08109695355286,40.727927849761265,-74.05836342727153,40.7419976705677,N,679
id0004936,2,2016-04-07 12:58:00,2016-04-07 13:18:57,6,-74.00280135472465,40.76955527016813,-74.0867840739727,40.77287693628419,N,1257
id0004937,1,2016-06-30 04:37:00,2016-06-30 04:54:53,1,-74.01300544065614,40.682802341182274,-73.95300442980594,40.7377153634145,N,1073
id0004938,1,2016-03-11 16:23:00,2016-03-11 16:46:42,2,-73.9579538494289,40.78948529739088,-74.02848618928034,40.80427520595727,N,1422
id0004939,1,2016-03-23 07:13:00,2016-03-23 07:43:06,1,-73.87595716304826,40.71508931333877,-73.88283087767132,40.80629883343135,N,1806
id0004940,2,2016-04-03 02:12:00,2016-04-03 02:15:57,1,-74.09195248431469,40.774677364897094,-74.06411802484432,40.7764221641969,N,237
id0004941,2,2016-01-24 15:52:00,2016-01-24 16:01:16,1,-73.85991982333249,40.734527084818886,-73.84378293466317,40.76808905005482,N,556
id0004942,2,2016-01-11 21:42:00,2016-01-11 22:05:44,1,-73.99781913375155,40.74610115792739,-74.05532176846862,40.72068943563428,N,1424
id0004943,1,2016-05-09 03:53:00,2016-05-09 04:11:50,4,-73.96587052248051,40.72393905572557,-74.01529517551118,40.77296667966147,N,1130
id0004944,2,2016-02-24 17:06:00,2016-02-24 17:18:17,1,-74.06281576866931,40.75074467559687,-74.04989754566101,40.72609473780977,N,737
id0004945,1,2016-03-06 23:34:00,2016-03-06 23:42:32,1,-73.93017206363756,40.84302207957079,-73.90718403801793,40.85897781019925,N,512
id0004946,1,2016-06-29 14:01:00,2016-06-29 14:14:24,1,-73.98271901050066,40.820327683217194,-74.03254318350824,40.81107273116245,N,804
id0004947,1,2016-02-15 05:37:00,2016-02-15 05:46:47,1,-73.98838070761535,40.7739515529748,-73.97071403886193,40.78977182587389,N,587
id0004948,2,2016-06-13 13:19:00,2016-06-13 13:33:41,5,-74.09155618131966,40.75686175804958,-74.15,40.74864388975908,N,881
id0004949,2,2016-04-24 09:07:00,2016-04-24 09:23:41,2,-73.98094117523839,40.79598905358118,-73.95284365865972,40.768365202293936,N,1001
id0004950,2,2016-02-18 06:07:00,2016-02-18 06:18:11,1,-73.93847944219009,40.80884866773484,-73.9782523241696,40.79934293759192,N,671
id0004951,2,2016-06-22 16:40:00,2016-06-22 17:05:14,1,-73.99799532495157,40.72065817280066,-73.99437221934525,40.77461347714562,N,1514
id0004952,2,2016-04-23 05:59:00,2016-04-23 06:03:48,1,-73.92041903598957,40.75451525095655,-73.92435193214287,40.77086992035423,N,288
id0004953,2,2016-02-26 22:20:00,2016-02-26 22:33:28,6,-73.92269076554598,40.67601187966944,-73.87046118578998,40.63090212862367,N,808
id0004954,1,2016-03-23 03:31:00,2016-03-23 03:44:17,1,-74.02026024605074,40.80853959496174,-74.00936439475922,40.846877989505145,N,797
id0004955,1,2016-03-08 18:04:00,2016-03-08 18:15:39,1,-73.89726873776614,40.85092609159654,-73.92422832122496,40.819723095285084,N,699
id0004956,1,2016-06-02 20:59:00,2016-06-02 21:09:12,1,-73.98250877696212,40.76160371810804,-73.96632710521263,40.78762129319008,N,612
id0004957,1,2016-03-25 17:15:00,2016-03-25 17:56:35,5,-73.98226401120667,40.66237454437937,-73.88585541544172,40.68173532454522,N,2495
id0004958,2,2016-01-07 16:52:00,2016-01-07 17:05:27,1,-73.97955603275685,40.78540007324597,-73.94625050129893,40.80697093956476,N,807
id0004959,1,2016-05-05 05:09:00,2016-05-05 05:24:21,2,-73.98118763369824,40.71731598752329,-73.98385014931625,40.78217760833918,N,921
id0004960,1,2016-05-17 18:17:00,2016-05-17 18:42:37,1,-74.1,40.728149275125105,-74.1375125837102,40.699146842753535,N,1537
id0004961,2,2016-03-13 01:30:00,2016-03-13 01:39:47,1,-73.99520285190043,40.7861959375406,-74.02294496942778,40.807573754696634,N,587
id0004962,1,2016-06-16 18:41:00,2016-06-16 19:05:49,1,-74.06001705594143,40.76945493564808,-74.02941737446784,40.81354053708321,N,1489
id0004963,1,2016-03-18 08:47:00,2016-03-18 08:59:10,3,-73.89555153637814,40.736035105109764,-73.93541265213261,40.7135181455529,N,730
id0004964,2,2016-02-18 01:42:00,2016-02-18 01:50:00,2,-73.89776543545533,40.72876774653293,-73.89764444120677,40.7026663712149,N,480
id0004965,2,2016-05-07 13:33:00,2016-05-07 13:46:24,5,-73.93814339171495,40.763662622484944,-73.87345054065968,40.75361105862791,N,804
id0004966,2,2016-01-24 05:43:00,2016-01-24 05:48:23,1,-73.99811570905364,40.739574050136945,-73.99134805136757,40.75093970639072,N,323
id0004967,1,2016-06-28 07:04:00,2016-06-28 07:34:45,3,-74.0404408215132,40.708084328987866,-74.08900175212159,40.65871765939923,N,1845
id0004968,2,2016-05-04 08:54:00,2016-05-04 09:19:00,1,-74.02116695507016,40.74303465683348,-73.92316380169989,40.76233372651352,N,1500
id0004969,2,2016-02-27 14:29:00,2016-02-27 14:51:48,1,-73.87815469514656,40.77328166804649,-73.798844521739,40.72398813208539,N,1368
id0004970,2,2016-01-15 20:59:00,2016-01-15 21:10:40,1,-74.0230708562586,40.74998534399312,-74.00051791113154,40.79525192289638,N,700
id0004971,2,2016-04-16 12:42:00,2016-04-16 12:58:59,2,-74.1,40.694392113078834,-74.04259100648973,40.71237395206199,N,1019
id0004972,2,2016-04-16 17:57:00,2016-04-16 18:21:44,1,-73.92834089703331,40.8025079079619,-73.94035498268435,40.86946780348665,N,1484
id0004973,2,2016-05-24 13:57:00,2016-05-24 14:08:11,1,-73.90247232875102,40.634753485337555,-73.86987187725607,40.65816091695888,N,671
id0004974,1,2016-02-21 14:39:00,2016-02-21 14:47:57,1,-73.89374313720585,40.73791356802372,-73.91280242843898,40.72724695223449,N,537
id0004975,2,2016-02-08 14:34:00,2016-02-08 14:52:34,2,-73.9278908597663,40.730091069545075,-73.98888453611427,40.702137369812455,N,1114
id0004976,2,2016-03-16 02:53:00,2016-03-16 03:13:52,1,-73.91891641775209,40.764668049504216,-73.80227990026425,40.77302923653694,N,1252
id0004977,2,2016-05-28 22:25:00,2016-05-28 22:39:56,1,-73.98208862592705,40.783274781351125,-74.0453828389251,40.7822160107544,N,896
id0004978,2,2016-06-14 06:24:00,2016-06-14 06:36:58,1,-74.09919625929204,40.80870441637175,-74.08580614339444,40.85021928259245,N,778
id0004979,2,2016-03-05 14:20:00,2016-03-05 14:33:21,1,-73.9834665427175,40.72594178069915,-73.97060209188447,40.69344012212673,N,801
id0004980,2,2016-01-09 16:03:00,2016-01-09 16:33:59,1,-73.95081349751693,40.78439620518001,-73.9275932462284,40.855127775196145,N,1859
id0004981,1,2016-01-21 04:56:00,2016-01-21 05:08:54,2,-73.99243985311114,40.76681182745467,-73.99647564508977,40.81142902041469,N,774
id0004982,1,2016-04-09 02:02:00,2016-04-09 02:07:40,2,-73.99494598653068,40.68098072811676,-73.99851222947595,40.67385740105776,N,340
id0004983,2,2016-01-05 12:46:00,2016-01-05 13:06:41,1,-74.038026492146,40.84352431149454,-74.03179796414344,40.906448042911855,N,1241
id0004984,2,2016-05-11 17:48:00,2016-05-11 18:04:07,1,-74.04009563087996,40.69325511927419,-74.01850154921962,40.665845635947186,N,967
id0004985,2,2016-01-07 00:31:00,2016-01-07 00:34:54,1,-73.88390183168787,40.77687737725394,-73.88398356795223,40.78407301990097,N,234
id0004986,1,2016-03-18 02:28:00,2016-03-18 02:44:14,2,-73.88191094965659,40.7755481974889,-73.8849872012187,40.730871710683964,N,974
id0004987,1,2016-05-25 04:06:00,2016-05-25 04:24:07,4,-73.98514559221853,40.77040365520481,-74.0445955396508,40.83503357917536,N,1087
id0004988,1,2016-03-26 03:42:00,2016-03-26 04:01:45,1,-73.96951620171988,40.73574404030273,-73.8789004905835,40.67808550184489,N,1185
id0004989,1,2016-05-02 20:07:00,2016-05-02 20:30:30,5,-74.03894719313703,40.795226369301325,-74.01484073141843,40.74481090993215,N,1410
id0004990,2,2016-03-01 18:09:00,2016-03-01 18:22:58,1,-73.94965838325334,40.68778346367257,-73.94025757899465,40.665568504925425,N,838
id0004991,2,2016-05-24 09:57:00,2016-05-24 10:16:46,4,-73.88821929556121,40.755037704509675,-73.9163203238065,40.80131903312334,N,1186
id0004992,1,2016-03-18 15:49:00,2016-03-18 16:04:16,5,-74.06910769289696,40.732625639555145,-74.11427033157521,40.76604521056791,N,916
id0004993,2,2016-05-17 00:52:00,2016-05-17 01:01:21,1,-73.95948641851636,40.72752159260698,-73.92078702835423,40.731793364595,N,561
id0004994,1,2016-06-22 07:01:00,2016-06-22 07:15:31,5,-73.95535377665452,40.77729365043541,-73.96254758398332,40.81295606782626,N,871
id0004995,2,2016-03-10 08:06:00,2016-03-10 08:20:52,1,-73.95598164168109,40.80648653442239,-73.92803373537531,40.8024470540575,N,892
id0004996,2,2016-02-12 05:14:00,2016-02-12 05:28:56,1,-73.89464502826833,40.74255349071734,-73.95549178428487,40.75733849799172,N,896
id0004997,1,2016-06-18 19:25:00,2016-06-18 19:56:29,2,-73.87301899833058,40.79313064904666,-73.80341053035163,40.85094106169463,N,1889
id0004998,2,2016-05-03 22:07:00,2016-05-03 22:15:57,1,-73.99784160228299,40.76023832994501,-73.95727961768957,40.751606669382866,N,537
id0004999,2,2016-06-08 18:51:00,2016-06-08 19:04:31,1,-73.9479754480314,40.71782705058429,-73.95162326920581,40.69100400885728,N,811
id0005000,2,2016-03-09 20:47:00,2016-03-09 20:56:34,1,-73.98036714618506,40.74639215580415,-73.95932400235603,40.7628551658056,N,574
id0005001,1,2016-03-04 09:35:00,2016-03-04 09:53:43,1,-74.01976634111168,40.74452313491438,-73.9864211449326,40.770432735676586,N,1123
id0005002,1,2016-01-23 13:52:00,2016-01-23 14:05:10,2,-73.97010522137154,40.726650303937255,-74.03026934614019,40.73051597473734,N,790
id0005003,1,2016-05-20 16:12:00,2016-05-20 16:47:08,2,-73.94806752593249,40.777281731789515,-73.87256531582003,40.812400077769226,N,2108
id0005004,2,2016-06-02 15:19:00,2016-06-02 15:24:53,4,-73.97306892230206,40.768559078446714,-73.95132217738833,40.76151500867854,N,353
id0005005,2,2016-05-29 04:16:00,2016-05-29 04:24:35,3,-74.03346496652173,40.68642076357788,-74.0651495694607,40.6908848739133,N,515
id0005006,1,2016-02-22 23:50:00,2016-02-23 00:02:18,1,-74.01049583519206,40.683681330214235,-74.05984245974197,40.69679145110396,N,738
id0005007,1,2016-03-29 21:36:00,2016-03-29 21:46:15,4,-74.0100749081096,40.77711080039426,-73.96565550974732,40.78716843672557,N,615
id0005008,2,2016-03-30 18:05:00,2016-03-30 18:26:13,1,-74.0313344175212,40.72131211070425,-74.02183225364598,40.77777661772936,N,1273
id0005009,1,2016-01-22 21:59:00,2016-01-22 22:06:13,2,-73.96775532301169,40.771591851979515,-73.94603828237975,40.784526320729526,N,433
id0005010,2,2016-01-01 00:42:00,2016-01-01 00:45:06,1,-73.96200383470388,40.793141921014914,-73.96080392974885,40.782505346292666,N,186
id0005011,1,2016-03-01 19:09:00,2016-03-01 19:21:47,1,-73.93112653195121,40.70080712231675,-73.97624999796413,40.71928648186894,N,767
id0005012,2,2016-04-02 21:04:00,2016-04-02 21:17:22,1,-74.03216922914883,40.694480823544076,-74.00928142860207,40.72979060295353,N,802
id0005013,1,2016-06-28 23:07:00,2016-06-28 23:15:23,1,-74.01676132774259,40.833349425707794,-74.02565040900436,40.86044766616095,N,503
id0005014,2,2016-06-08 00:41:00,2016-06-08 00:52:41,5,-73.89949868014378,40.77382068523331,-73.90047478083596,40.79897895022401,N,701
id0005015,1,2016-05-10 07:12:00,2016-05-10 08:02:07,1,-73.99404727252401,40.7391341704497,-73.88708215076727,40.68670241542671,N,3007
id0005016,1,2016-06-24 05:19:00,2016-06-24 05:42:41,4,-73.98334279339116,40.71597267963092,-73.94423468219175,40.62873473804151,N,1421
id0005017,1,2016-05-20 23:56:00,2016-05-21 00:10:31,1,-73.99463070467677,40.73503016179917,-73.95292628373765,40.779664420650896,N,871
id0005018,1,2016-04-05 18:38:00,2016-04-05 19:12:10,1,-73.9226833049703,40.7044242448749,-73.80025976423562,40.719784255492115,N,2050
id0005019,1,2016-06-14 23:17:00,2016-06-14 23:22:59,1,-73.92055052256067,40.79775354783408,-73.90324469831256,40.79699833825254,N,359
id0005020,2,2016-06-16 10:06:00,2016-06-16 10:14:37,5,-73.92377355446762,40.723046198087715,-73.9183867153274,40.74734715406002,N,517
id0005021,2,2016-02-06 21:40:00,2016-02-06 22:03:21,1,-73.98353878137533,40.80720905646974,-74.01410311209794,40.874664904218044,N,1401
id0005022,2,2016-02-21 10:34:00,2016-02-21 10:46:55,1,-74.03298397876189,40.739971698610354,-74.05334881238213,40.78944528941498,N,775
id0005023,1,2016-06-25 05:59:00,2016-06-25 06:16:17,5,-73.87911328072325,40.71104924173722,-73.97123295021791,40.74472696178529,N,1037
id0005024,1,2016-01-02 00:56:00,2016-01-02 01:12:53,2,-73.93790300626745,40.73881642853938,-73.90233395602115,40.70778103139024,N,1013
id0005025,2,2016-04-04 07:14:00,2016-04-04 07:37:58,2,-74.01011624397658,40.63991249501244,-74.06712768885555,40.61342481690849,N,1438
id0005026,1,2016-03-10 16:07:00,2016-03-10 16:53:53,1,-73.90668996341806,40.75256541404967,-73.86606684423005,40.6690412502018,N,2813
id0005027,2,2016-05-15 12:45:00,2016-05-15 12:54:46,1,-74.01445849033925,40.75034463639915,-74.01639466110248,40.77251760798512,N,586
id0005028,1,2016-06-23 09:41:00,2016-06-23 10:00:31,1,-73.90741131282462,40.795113423594664,-73.90164867066022,40.8339153755058,N,1171
id0005029,1,2016-02-27 21:56:00,2016-02-27 22:10:33,1,-73.90369434758385,40.67311627824075,-73.90560090444035,40.714772509857454,N,873
id0005030,1,2016-02-10 02:50:00,2016-02-10 03:05:15,1,-74.03568155244245,40.810283986238865,-73.97330820314272,40.83392405273355,N,915
id0005031,1,2016-02-29 22:50:00,2016-02-29 23:01:50,2,-73.95300329333385,40.7949269682749,-73.89857838713671,40.78953462823694,N,710
id0005032,1,2016-05-10 05:51:00,2016-05-10 05:58:39,5,-73.94197951128213,40.81434196036644,-73.94327962453659,40.79459224919959,N,459
id0005033,1,2016-03-06 10:43:00,2016-03-06 10:56:05,2,-73.84117999402275,40.755627538079814,-73.88163517746135,40.72673977021664,N,785
id0005034,2,2016-04-26 21:58:00,2016-04-26 22:10:37,2,-74.02582656146986,40.80362535753463,-73.98425155172991,40.79790548781384,N,757
id0005035,2,2016-03-04 08:19:00,2016-03-04 08:41:57,1,-73.90621011976533,40.69179401842919,-73.95006599347901,40.657570099542816,N,1377
id0005036,2,2016-05-14 18:12:00,2016-05-14 18:52:16,1,-73.98404596900815,40.79008714043421,-74.05401472710847,40.85154553270951,N,2416
id0005037,2,2016-01-12 09:00:00,2016-01-12 09:22:19,2,-74.05327503009693,40.7232976757055,-74.03084928601498,40.677714671348205,N,1339
id0005038,1,2016-03-03 08:32:00,2016-03-03 08:51:16,1,-73.99159929434089,40.68368691754097,-73.93676724785975,40.676790052849846,N,1156
id0005039,1,2016-02-26 08:13:00,2016-02-26 08:47:12,1,-73.98486443813951,40.707413676682606,-74.00309327069023,40.639646032212525,N,2052
id0005040,2,2016-04-18 19:41:00,2016-04-18 19:51:10,4,-74.04323896062134,40.75824890123832,-74.02503566465077,40.76862832138375,N,610
id0005041,1,2016-04-27 19:45:00,2016-04-27 19:52:23,1,-73.96783045096316,40.72090653563021,-73.98653577249137,40.72082310578871,N,443
id0005042,2,2016-05-12 08:08:00,2016-05-12 08:17:57,1,-73.93232049094757,40.77492330892631,-73.89983079025671,40.76243564654893,N,597
id0005043,1,2016-06-13 03:49:00,2016-06-13 04:05:09,1,-73.9718989640266,40.67662931002482,-73.92262262813804,40.64398189571377,N,969
id0005044,1,2016-05-24 22:09:00,2016-05-24 22:14:43,2,-74.01480142491589,40.66228061053729,-74.02663035956758,40.66236677478285,N,343
id0005045,2,2016-01-08 13:59:00,2016-01-08 14:07:16,1,-73.99316596376238,40.81975743453646,-74.03940810585989,40.800701303385964,N,496
id0005046,2,2016-05-03 07:55:00,2016-05-03 08:18:30,1,-73.98524988462364,40.79867100582307,-74.05081626174116,40.79388062969523,N,1410
id0005047,1,2016-01-04 00:37:00,2016-01-04 00:51:40,1,-73.97304731048854,40.71078164238388,-73.93139133102783,40.77929169245101,N,880
id0005048,2,2016-03-16 06:30:00,2016-03-16 06:41:34,2,-73.9239593080768,40.75786501604383,-73.97510480020365,40.76389121860007,N,694
id0005049,2,2016-04-17 19:35:00,2016-04-17 19:45:51,3,-73.97004331356376,40.803877817709065,-73.95330222270965,40.82252816998815,N,651
id0005050,1,2016-02-28 02:06:00,2016-02-28 02:14:21,1,-74.06214831457463,40.77686402737308,-74.02716499649472,40.76060776022426,N,501
id0005051,2,2016-05-07 08:10:00,2016-05-07 08:30:26,2,-74.01592765895938,40.76467003932826,-74.03848624349416,40.73721479648964,N,1226
id0005052,1,2016-05-24 21:03:00,2016-05-24 21:06:59,1,-73.97586884220068,40.80728193365907,-73.98334833045878,40.80647841368837,N,239
id0005053,2,2016-04-20 16:47:00,2016-04-20 17:32:31,1,-73.92317315332753,40.725117938615945,-73.87821619818972,40.81275534878577,N,2731
id0005054,1,2016-04-05 12:47:00,2016-04-05 12:56:29,1,-73.91361844571549,40.75940303018991,-73.94998716614555,40.74934306086862,N,569
id0005055,1,2016-06-26 02:15:00,2016-06-26 02:29:59,1,-73.88739230621269,40.75719681127684,-73.92832932843922,40.76984713439461,N,899
id0005056,1,2016-04-28 17:26:00,2016-04-28 17:43:10,6,-73.97781620813313,40.7457257078548,-73.98836381308755,40.71673175982664,N,1030
id0005057,1,2016-02-11 15:41:00,2016-02-11 16:11:44,2,-73.94301799534736,40.74045875198607,-73.88551192555393,40.64402423064201,N,1844
id0005058,1,2016-04-29 11:26:00,2016-04-29 11:49:34,4,-74.06499538439216,40.76127907070229,-73.992512485135,40.73363497408468,N,1414
id0005059,1,2016-03-28 14:04:00,2016-03-28 14:32:23,1,-73.96135651347612,40.75954833731935,-73.96580174939595,40.842873170776734,N,1703
id0005060,2,2016-01-05 07:48:00,2016-01-05 08:01:36,2,-74.04413952558035,40.71082075608595,-74.07618499884236,40.73165941640132,N,816
id0005061,2,2016-06-15 16:39:00,2016-06-15 17:09:54,1,-73.98843965576651,40.79408081594552,-73.94055449805013,40.85151316298239,N,1854
id0005062,2,2016-05-24 20:00:00,2016-05-24 20:14:35,1,-73.81835888861202,40.71406266565052,-73.89347718978675,40.701892387427904,N,875
id0005063,1,2016-04-22 09:13:00,2016-04-22 09:42:02,2,-73.96830451700953,40.74817949499538,-73.95716202857287,40.66569040636389,N,1742
id0005064,1,2016-05-02 11:37:00,2016-05-02 11:50:46,3,-74.03250972705492,40.7447123787276,-74.03448583873268,40.70590756360641,N,826
id0005065,1,2016-04-15 00:52:00,2016-04-15 01:04:08,4,-73.96257160467232,40.774114662569666,-73.90434935171372,40.78801052920621,N,728
id0005066,1,2016-03-03 10:40:00,2016-03-03 10:53:43,5,-74.01343913526242,40.66264032269022,-73.95066330097869,40.670956807822996,N,823
id0005067,1,2016-06-18 18:39:00,2016-06-18 18:51:01,1,-74.03784092622367,40.79809094167183,-74.08025471133129,40.79772610879159,N,721
id0005068,1,2016-04-10 16:21:00,2016-04-10 16:30:23,3,-73.86932732566352,40.727535434357456,-73.86178181406714,40.70897671892219,N,563
id0005069,2,2016-03-02 16:19:00,2016-03-02 16:37:31,5,-73.92632533855533,40.81289834826497,-73.9520025339562,40.84578839730309,N,1111
id0005070,2,2016-05-04 15:03:00,2016-05-04 15:09:18,1,-73.96599548562523,40.736482578396775,-73.97919521794603,40.71893544480674,N,378
id0005071,2,2016-01-29 14:32:00,2016-01-29 14:42:41,1,-74.00655028096361,40.755802038641974,-73.9787678311085,40.766575629097666,N,641
id0005072,1,2016-02-28 03:45:00,2016-02-28 03:49:54,1,-74.00209342156347,40.84412037180308,-74.01716365705761,40.85095685757922,N,294
id0005073,2,2016-01-24 12:28:00,2016-01-24 12:33:49,1,-73.90016349732358,40.74551978060429,-73.89143685177982,40.73262219508661,N,349
id0005074,2,2016-01-16 11:36:00,2016-01-16 11:49:10,1,-73.96813823542846,40.813748244810306,-73.92506098799086,40.78290288302392,N,790
id0005075,2,2016-05-29 13:56:00,2016-05-29 14:11:09,5,-74.1,40.75975702885041,-74.03181772242918,40.744800475815104,N,909
id0005076,2,2016-03-20 13:11:00,2016-03-20 13:34:29,6,-73.85184838163876,40.77669384736321,-73.83885777512234,40.842270609757634,N,1409
id0005077,2,2016-06-04 23:09:00,2016-06-04 23:20:29,4,-73.97493157036652,40.761148136523516,-73.96963212704972,40.800083811737835,N,689
id0005078,2,2016-04-26 00:33:00,2016-04-26 00:46:38,1,-73.96611470468459,40.79615332318351,-74.01594276186127,40.83186692877838,N,818
id0005079,2,2016-02-12 13:34:00,2016-02-12 13:58:35,1,-73.92523178526109,40.72715107742162,-73.85387085482611,40.6996248476845,N,1475
id0005080,1,2016-02-08 11:19:00,2016-02-08 11:34:12,1,-73.95940284449786,40.71371781646414,-73.93709629644559,40.663398691910295,N,912
id0005081,1,2016-03-24 04:29:00,2016-03-24 04:41:21,1,-73.94392002602558,40.729264071433036,-73.93778989542368,40.767641368984584,N,741
id0005082,1,2016-01-18 05:54:00,2016-01-18 06:00:12,1,-74.00830479070507,40.76248696693459,-74.00447757570622,40.79415382105034,N,372
id0005083,1,2016-04-16 10:37:00,2016-04-16 10:42:36,5,-74.05263874281815,40.74806315465024,-74.03640933650816,40.752866868834126,N,336
id0005084,2,2016-03-24 14:35:00,2016-03-24 14:43:51,2,-73.96958719701897,40.789962369441206,-73.93485662497433,40.77699347337578,N,531
id0005085,2,2016-01-26 07:18:00,2016-01-26 07:40:45,3,-73.9062611941249,40.816712926491974,-73.86596142026902,40.765474863593745,N,1365
id0005086,1,2016-04-05 11:53:00,2016-04-05 12:19:01,1,-74.02062914071107,40.71408727482443,-73.94814305539977,40.744446290377674,N,1561
id0005087,2,2016-06-03 11:36:00,2016-06-03 11:47:43,1,-74.02504131971509,40.724972304377374,-74.01412033683202,40.766487033401184,N,703
id0005088,1,2016-06-14 09:14:00,2016-06-14 09:43:18,1,-73.9178439406791,40.693369226175925,-73.83890488581216,40.66960099117873,N,1758
id0005089,2,2016-03-17 05:39:00,2016-03-17 05:51:23,1,-74.01014848628276,40.84936678458416,-73.96255093870604,40.82267579855828,N,743
id0005090,2,2016-01-14 07:30:00,2016-01-14 07:44:47,4,-74.00758079526089,40.77171012746049,-74.01028670741351,40.815147294835796,N,887
id0005091,1,2016-06-06 03:39:00,2016-06-06 03:55:50,1,-74.00552293501204,40.77959110440232,-74.08055475279198,40.75712584820105,N,1010
id0005092,1,2016-04-10 06:49:00,2016-04-10 07:05:47,1,-73.98857395395447,40.697690622673605,-73.9847236520611,40.75995772994858,N,1007
id0005093,2,2016-05-18 08:00:00,2016-05-18 08:22:00,4,-74.07155009527462,40.757947350494696,-74.00141859405456,40.7541305389694,N,1320
id0005094,1,2016-01-09 05:31:00,2016-01-09 05:42:27,1,-74.0146637061898,40.78091615929859,-74.04955054704574,40.767386499558256,N,687
id0005095,1,2016-02-23 16:21:00,2016-02-23 16:24:46,1,-73.97232975894731,40.74662590392595,-73.96861893981149,40.748204683968424,N,226
id0005096,2,2016-02-21 23:31:00,2016-02-21 23:35:26,4,-73.97272191351038,40.80640675311719,-73.9652870625909,40.792874642414446,N,266
id0005097,2,2016-05-10 09:59:00,2016-05-10 10:23:24,2,-73.92131038210812,40.86203240065393,-73.87891468547572,40.9014498341761,N,1464
id0005098,2,2016-05-03 23:26:00,2016-05-03 23:39:15,2,-73.88383342777928,40.71538217278078,-73.90128494742953,40.746385527665915,N,795
id0005099,1,2016-05-14 19:23:00,2016-05-14 19:39:38,1,-73.90181341043346,40.71200607393105,-73.94093567911395,40.75008979417733,N,998
id0005100,1,2016-03-13 06:45:00,2016-03-13 06:50:43,1,-73.93469411887594,40.718500977051214,-73.90904402207087,40.724959167975506,N,343
id0005101,1,2016-02-26 15:35:00,2016-02-26 15:44:41,1,-73.9931804024922,40.830278962200744,-74.02663281834889,40.81430655475995,N,581
id0005102,2,2016-02-04 10:27:00,2016-02-04 10:45:55,1,-74.01926879884763,40.80490598926634,-74.10186653969403,40.80458874900637,N,1135
id0005103,1,2016-02-16 04:19:00,2016-02-16 04:36:57,1,-73.98401668621204,40.75190124819929,-73.90119994961279,40.73700186049433,N,1077
id0005104,1,2016-01-30 21:14:00,2016-01-30 21:31:37,1,-73.95279316766249,40.75964518489804,-73.9110767878663,40.810976062859446,N,1057
id0005105,1,2016-05-29 20:43:00,2016-05-29 21:03:52,1,-73.93979342109648,40.72125553682115,-73.85504097075271,40.756335117154094,N,1252
id0005106,1,2016-05-03 07:47:00,2016-05-03 08:00:42,1,-73.95073028465663,40.798051222098444,-73.91139971077094,40.79484791475844,N,822
id0005107,1,2016-05-03 09:12:00,2016-05-03 09:33:52,1,-73.99166465092569,40.74090441791512,-73.96104822944953,40.70847779442813,N,1312
id0005108,1,2016-06-10 05:42:00,2016-06-10 05:56:13,1,-73.94172257680867,40.74629655572453,-73.92509347330476,40.80022594481166,N,853
id0005109,2,2016-05-14 14:27:00,2016-05-14 14:31:10,4,-73.9156520122204,40.78539553971882,-73.92402328489071,40.79017948446287,N,250
id0005110,1,2016-02-28 08:11:00,2016-02-28 08:22:55,1,-73.93659117887628,40.749540227786255,-73.91354638269055,40.74498436667937,N,715
id0005111,2,2016-02-26 23:25:00,2016-02-26 23:37:17,1,-73.98676071803399,40.7474265302926,-74.01165617983082,40.801664375482765,N,737
id0005112,2,2016-01-24 03:59:00,2016-01-24 04:08:04,1,-74.03086167808783,40.75847588424881,-74.0789769908494,40.74062767578058,N,544
id0005113,2,2016-05-11 10:32:00,2016-05-11 10:37:19,2,-74.03216620861635,40.79379099362069,-74.0471163703778,40.78262855207416,N,319
id0005114,2,2016-06-08 03:03:00,2016-06-08 03:17:16,1,-74.02246696929757,40.83209218839678,-73.96434981618675,40.82401562520363,N,856
id0005115,2,2016-05-10 00:05:00,2016-05-10 00:20:24,1,-73.97086086407288,40.784346880451075,-74.02631916498451,40.738266959443614,N,924
id0005116,2,2016-03-26 15:36:00,2016-03-26 15:47:08,1,-73.95641079355444,40.7941491400631,-74.01115404284045,40.805199877853006,N,668
id0005117,2,2016-03-01 15:44:00,2016-03-01 15:52:13,1,-74.06279927748692,40.749006567205456,-74.03619036516484,40.722324501141706,N,493
id0005118,1,2016-03-20 18:18:00,2016-03-20 18:27:56,1,-74.01271973096,40.726149096157414,-74.03139827265966,40.70617383552653,N,596
id0005119,2,2016-02-19 05:22:00,2016-02-19 05:33:44,1,-73.9716192994082,40.78742938045058,-73.94977202237602,40.762774138671524,N,704
id0005120,1,2016-01-31 02:41:00,2016-01-31 02:53:11,1,-74.03448239505536,40.76570583710703,-73.98993881062079,40.74515837999139,N,731
id0005121,1,2016-03-19 12:19:00,2016-03-19 12:28:53,1,-73.96113527158172,40.69398171080626,-73.94036630979012,40.66461970456571,N,593
id0005122,2,2016-02-13 02:00:00,2016-02-13 02:06:43,1,-74.00190855600042,40.74323686694585,-74.03035960704095,40.75188936316255,N,403
id0005123,1,2016-05-14 12:21:00,2016-05-14 12:38:08,1,-74.02478811494181,40.75426963394333,-73.96705609355803,40.74882387570633,N,1028
id0005124,1,2016-06-13 23:38:00,2016-06-13 23:44:34,4,-73.98207370121531,40.73502939598372,-73.94867818049815,40.73670968082101,N,394
id0005125,2,2016-02-05 05:35:00,2016-02-05 05:57:17,1,-73.96342458187316,40.8246781017544,-73.96221732843462,40.90706068443058,N,1337
id0005126,2,2016-01-02 02:21:00,2016-01-02 02:24:49,1,-74.03166909028485,40.779592756660605,-74.03264031691027,40.774148115322134,N,229
id0005127,1,2016-06-08 02:46:00,2016-06-08 02:52:58,1,-73.99834368088977,40.81979287130499,-73.9815140166133,40.840966038083266,N,418
id0005128,1,2016-02-23 11:51:00,2016-02-23 11:59:18,1,-73.95927768924811,40.76985413677435,-73.97331695575973,40.79501037275111,N,498
id0005129,2,2016-02-16 11:02:00,2016-02-16 11:19:51,1,-74.02691496008242,40.76166245263913,-74.10031917134482,40.75946247078638,N,1071
id0005130,1,2016-06-04 16:16:00,2016-06-04 16:29:13,5,-74.07617662622332,40.71585309820754,-74.04241952764154,40.725436067811614,N,793
id0005131,2,2016-06-01 19:31:00,2016-06-01 19:41:13,1,-74.06951156151294,40.75853682899385,-74.03842812561874,40.75926126565303,N,613
id0005132,1,2016-04-15 16:10:00,2016-04-15 16:46:30,1,-74.00799279752313,40.758587426655396,-74.11154076597948,40.7656769705053,N,2190
id0005133,1,2016-01-29 08:34:00,2016-01-29 08:44:50,2,-74.05751300519678,40.696479875218465,-74.0345325787772,40.67595178759128,N,650
id0005134,1,2016-05-08 09:53:00,2016-05-08 10:30:38,1,-74.0041247042347,40.73372126386033,-73.92508294498467,40.71642386802504,N,2258
id0005135,1,2016-05-14 13:52:00,2016-05-14 14:02:46,1,-73.8934281431855,40.743452283066766,-73.94417186907832,40.74404456193167,N,646
id0005136,1,2016-03-21 16:27:00,2016-03-21 17:00:08,4,-74.06082291132287,40.77660657948251,-74.06412101941295,40.707589951947725,N,1988
id0005137,2,2016-04-12 04:10:00,2016-04-12 04:26:15,1,-74.00054326683127,40.77876075503936,-74.0087324709673,40.83112330268114,N,975
id0005138,2,2016-04-07 15:11:00,2016-04-07 15:43:09,1,-73.86772324951508,40.73184066831157,-73.79300471246839,40.807470698941536,N,1929
id0005139,2,2016-04-30 09:15:00,2016-04-30 09:32:52,5,-73.96255284543633,40.77909913211439,-73.91211022844927,40.785061391211755,N,1072
id0005140,2,2016-04-03 20:19:00,2016-04-03 20:30:02,1,-74.00522478081116,40.74980644817932,-74.04475350740422,40.77309786938311,N,662
id0005141,1,2016-06-26 07:01:00,2016-06-26 07:18:37,2,-73.99362854489856,40.62886709888153,-73.97823321134742,40.666704117333296,N,1057
id0005142,1,2016-01-07 09:42:00,2016-01-07 10:19:31,1,-73.96138506203837,40.736188408562185,-73.85776481608589,40.68982496767695,N,2251
id0005143,2,2016-01-10 13:34:00,2016-01-10 13:48:00,1,-73.8917325438155,40.80655448880641,-73.91984439927684,40.83904421689137,N,840
id0005144,1,2016-01-28 12:19:00,2016-01-28 12:26:38,1,-74.01419694841125,40.68231874095176,-74.01469886867592,40.66739334814656,N,458
id0005145,1,2016-01-28 03:23:00,2016-01-28 03:47:42,3,-74.02666856555885,40.7630711040187,-74.0035607369019,40.84324645206229,N,1482
id0005146,2,2016-03-31 18:32:00,2016-03-31 18:44:55,1,-74.06083448030292,40.82933675463834,-74.08828693504029,40.82274766968839,N,775
id0005147,1,2016-01-15 09:26:00,2016-01-15 09:48:11,1,-73.97932971821196,40.72377241711453,-73.89998557938728,40.75555879492554,N,1331
id0005148,2,2016-02-04 19:10:00,2016-02-04 19:18:56,1,-74.06231280533999,40.75809670861925,-74.08358287885274,40.751852256056644,N,536
id0005149,2,2016-04-04 13:46:00,2016-04-04 14:11:00,1,-74.0105080443652,40.699319268424745,-74.07301462517579,40.77620351489631,N,1500
id0005150,1,2016-06-12 17:34:00,2016-06-12 17:47:24,1,-74.03497758926108,40.831225401374866,-74.05860178101231,40.8132931437785,N,804
id0005151,1,2016-05-26 02:39:00,2016-05-26 02:52:56,4,-73.92592320693713,40.754250031785155,-73.89653730305875,40.79502813934161,N,836
id0005152,1,2016-02-09 10:42:00,2016-02-09 10:54:38,1,-74.01296180130517,40.760098207925736,-74.0488796369641,40.78203193381155,N,758
id0005153,2,2016-01-10 23:28:00,2016-01-10 23:33:49,1,-73.96316883195969,40.818943520947755,-73.94956985946067,40.833094369606,N,349
id0005154,1,2016-05-14 11:53:00,2016-05-14 11:58:19,1,-74.07322506009287,40.78776652775905,-74.0479102902865,40.795781786795615,N,319
id0005155,1,2016-05-21 20:26:00,2016-05-21 20:46:03,1,-73.9777671175051,40.71859670703765,-74.03216914939868,40.695251268918256,N,1203
id0005156,2,2016-06-18 02:01:00,2016-06-18 02:25:22,1,-74.05117381682234,40.72887249341608,-74.07654041661408,40.63836052255088,N,1462
id0005157,2,2016-03-19 19:35:00,2016-03-19 19:51:03,1,-74.00841066749614,40.780271908703554,-73.99270697881693,40.817875632499714,N,963
id0005158,2,2016-01-11 15:13:00,2016-01-11 15:24:02,4,-73.8633838584159,40.72991455252217,-73.83177531121574,40.712805183660116,N,662
id0005159,2,2016-06-20 08:09:00,2016-06-20 08:34:05,1,-73.93373040925175,40.66272405095458,-73.9579756901413,40.70366005598345,N,1505
id0005160,1,2016-02-22 07:13:00,2016-02-22 07:21:43,1,-73.99206269205573,40.755604164061246,-73.98523293809457,40.767913585938295,N,523
id0005161,2,2016-03-10 15:36:00,2016-03-10 15:55:03,1,-73.80905819496192,40.691390430249385,-73.82183532620049,40.73339941758509,N,1143
id0005162,1,2016-03-16 09:18:00,2016-03-16 09:35:39,1,-74.03533460797053,40.83073267891037,-74.0025813502845,40.85879891711421,N,1059
id0005163,2,2016-06-28 04:43:00,2016-06-28 05:15:51,2,-73.92091309898585,40.76595544369935,-73.8975394879234,40.67969111238258,N,1971
id0005164,2,2016-03-06 17:38:00,2016-03-06 17:47:01,2,-74.06929709512659,40.71726712244654,-74.08610383081039,40.738788469015226,N,541
id0005165,2,2016-04-11 06:53:00,2016-04-11 07:00:13,1,-73.99841575167063,40.72656154134019,-73.9768857783668,40.71453289934368,N,433
id0005166,1,2016-04-01 18:31:00,2016-04-01 18:52:38,3,-74.05912843625993,40.67297710854567,-74.0776953629906,40.71375250010006,N,1298
id0005167,2,2016-06-29 04:17:00,2016-06-29 04:24:44,1,-73.97084982467,40.70852421509488,-73.95026853672395,40.72921647742467,N,464
id0005168,1,2016-06-22 07:48:00,2016-06-22 08:01:31,1,-73.98192163605317,40.803734544114334,-73.96071338151266,40.82483846044313,N,811
id0005169,2,2016-04-25 00:04:00,2016-04-25 00:18:38,1,-74.0019215639551,40.85843037654716,-73.89522447016951,40.848901878697376,N,878
id0005170,1,2016-01-20 06:14:00,2016-01-20 06:25:29,2,-73.92493686361806,40.790687843093956,-73.94006866451274,40.75874662637018,N,689
id0005171,1,2016-03-04 00:47:00,2016-03-04 00:52:35,1,-74.01619044351516,40.753858085762054,-74.02254752542851,40.73870704219809,N,335
id0005172,1,2016-05-01 05:18:00,2016-05-01 05:34:56,1,-73.9670231538706,40.73856182809558,-73.99614857588824,40.67556559894199,N,1016
id0005173,1,2016-05-26 05:17:00,2016-05-26 05:26:41,4,-73.93986947828508,40.71495768838906,-73.98634654468559,40.69429565767993,N,581
id0005174,1,2016-05-16 20:04:00,2016-05-16 20:18:47,1,-74.0665771664893,40.85068946547029,-74.08711788870096,40.79944389698641,N,887
id0005175,1,2016-03-29 15:02:00,2016-03-29 15:19:12,1,-74.02616278879209,40.74950630841611,-73.99623325750714,40.69918538028458,N,1032
id0005176,1,2016-05-02 01:03:00,2016-05-02 01:11:58,1,-73.98203764679762,40.85320334235281,-73.94885187788691,40.85728010200573,N,538
id0005177,2,2016-02-26 04:52:00,2016-02-26 05:04:31,1,-73.95034156193144,40.820708377932455,-73.93703596892051,40.83940009081509,N,751
id0005178,2,2016-04-25 17:48:00,2016-04-25 17:54:46,1,-73.90683192287432,40.67966416058942,-73.92014134249817,40.67855138878328,N,406
id0005179,1,2016-03-28 01:22:00,2016-03-28 01:30:36,1,-73.99687338893004,40.728032142190834,-74.01907526329693,40.71057447478399,N,516
id0005180,1,2016-05-04 10:44:00,2016-05-04 11:01:48,1,-74.00240590734575,40.72789296941218,-74.04366328031654,40.694733683733816,N,1068
id0005181,2,2016-06-07 16:30:00,2016-06-07 16:41:59,1,-74.03299278166175,40.75440691361524,-74.05805272370509,40.74330515888248,N,719
id0005182,1,2016-05-29 05:57:00,2016-05-29 06:06:06,2,-73.96685087493026,40.75528585860988,-74.02513163759122,40.726508052166906,N,546
id0005183,1,2016-05-13 06:43:00,2016-05-13 07:01:08,2,-74.0013414665534,40.89283075929292,-73.940237842519,40.890631683318674,N,1088
id0005184,1,2016-05-19 18:01:00,2016-05-19 18:40:51,1,-74.00007177445542,40.709524745648636,-73.91739995757092,40.656271133555876,N,2391
id0005185,1,2016-02-01 15:01:00,2016-02-01 15:17:30,1,-73.99016386782387,40.7683036471049,-74.07727769173137,40.7928497623421,N,990
id0005186,1,2016-02-03 15:36:00,2016-02-03 15:43:52,1,-73.95466045658503,40.785742848411054,-73.94164359288176,40.76589675913841,N,472
id0005187,2,2016-06-01 14:59:00,2016-06-01 15:04:57,2,-74.01600518042486,40.757929259798885,-74.00373404243383,40.771098251308764,N,357
id0005188,2,2016-04-08 10:41:00,2016-04-08 10:50:12,4,-74.02746869488999,40.762958126000164,-74.01807229935844,40.79401089584726,N,552
id0005189,2,2016-03-19 12:26:00,2016-03-19 12:34:51,3,-73.96125516976262,40.710983599756204,-73.98792866421721,40.72245908062379,N,531
id0005190,2,2016-05-01 00:50:00,2016-05-01 01:01:30,3,-74.1,40.76279187875712,-74.05398687185598,40.79076131639305,N,690
id0005191,1,2016-01-16 01:58:00,2016-01-16 02:15:26,4,-74.01820229955139,40.78101295482785,-73.99973082098036,40.708680580627956,N,1046
id0005192,2,2016-01-31 01:06:00,2016-01-31 01:18:01,1,-74.0483220224674,40.77274202629221,-74.00178654353903,40.75549204306257,N,721
id0005193,2,2016-01-27 18:50:00,2016-01-27 19:17:08,1,-73.91882079773407,40.78365904067605,-73.95200883680765,40.822266724013666,N,1628
id0005194,1,2016-04-13 00:47:00,2016-04-13 00:58:25,1,-74.00925130193986,40.821567355528636,-74.07149452814946,40.839390389369704,N,685
id0005195,1,2016-01-13 01:00:00,2016-01-13 01:18:58,1,-74.01583938633969,40.80016349438615,-73.9962686375085,40.86485970868045,N,1138
id0005196,1,2016-01-09 03:02:00,2016-01-09 03:21:31,3,-73.98767423668893,40.761208257607386,-74.03100670435076,40.82086157440623,N,1171
id0005197,1,2016-05-03 03:20:00,2016-05-03 03:36:09,1,-74.01774548356558,40.70527087416526,-73.97028850130305,40.71575659887103,N,969
id0005198,2,2016-05-13 17:48:00,2016-05-13 18:24:31,1,-74.00714564869844,40.730999762638,-74.1028436078454,40.72218051097703,N,2191
id0005199,1,2016-02-16 21:02:00,2016-02-16 21:14:27,1,-73.97965892742673,40.74811659816372,-74.00074322269732,40.71457124320637,N,747
id0005200,2,2016-05-05 18:15:00,2016-05-05 18:23:55,1,-74.00821222389784,40.76935556241037,-74.03592870704223,40.75270226261664,N,535
id0005201,1,2016-01-18 12:51:00,2016-01-18 12:59:39,1,-74.00860695987497,40.73647502573253,-74.02356390875741,40.7221863839354,N,519
id0005202,1,2016-03-15 12:27:00,2016-03-15 12:34:09,1,-74.04055867205412,40.715892006036704,-74.02880921381578,40.695128284303344,N,429
id0005203,1,2016-03-07 13:14:00,2016-03-07 13:27:04,1,-74.04845810572863,40.70453105898959,-74.03062749760856,40.67238923781865,N,784
id0005204,2,2016-03-04 01:09:00,2016-03-04 01:16:07,1,-73.98166497063254,40.68369700084251,-73.95287677852838,40.697752181405775,N,427
id0005205,1,2016-06-06 18:54:00,2016-06-06 19:40:23,1,-73.96813697196178,40.747427218330145,-73.93416258556876,40.80680960706513,N,2783
id0005206,2,2016-01-15 06:45:00,2016-01-15 06:53:31,1,-74.06354861540812,40.69186505510684,-74.07126726743836,40.7245290419949,N,511
id0005207,2,2016-04-24 10:17:00,2016-04-24 10:38:04,1,-73.94320322215405,40.71297634421292,-73.84831152587726,40.70169164217346,N,1264
id0005208,2,2016-02-19 19:33:00,2016-02-19 19:55:54,6,-73.94297737980963,40.740274415722006,-73.88055831478157,40.77576542538803,N,1374
id0005209,2,2016-03-29 11:50:00,2016-03-29 11:54:48,1,-73.93139209739468,40.69788372107739,-73.94543156709943,40.71001650141675,N,288
id0005210,2,2016-02-06 14:55:00,2016-02-06 14:58:13,1,-73.96850610033927,40.77508884848245,-73.97466541648566,40.77366419619966,N,193
id0005211,1,2016-05-13 10:35:00,2016-05-13 10:41:10,3,-73.94996048448411,40.79131003786226,-73.96494763515562,40.7877007424646,N,370
id0005212,1,2016-01-12 01:56:00,2016-01-12 02:02:58,3,-73.8648235785482,40.73327578411011,-73.84847514092448,40.726277879280524,N,418
id0005213,2,2016-01-14 19:30:00,2016-01-14 19:47:36,1,-74.00158368804826,40.73833377115755,-74.04532089040468,40.761121085453354,N,1056
id0005214,2,2016-02-29 20:11:00,2016-02-29 20:25:42,1,-74.04251303254892,40.78218433965626,-74.0780422182905,40.78707279253594,N,882
id0005215,2,2016-06-09 15:56:00,2016-06-09 16:12:18,2,-74.06937329357719,40.725870220624444,-74.15,40.70037542270925,N,978
id0005216,1,2016-01-05 08:17:00,2016-01-05 08:31:50,1,-73.88843793383722,40.72277697397812,-73.90637763963201,40.69558715015961,N,890
id0005217,1,2016-02-02 08:21:00,2016-02-02 08:35:13,2,-73.88771670077158,40.811842431518386,-73.83980253749274,40.822549070863246,N,853
id0005218,2,2016-03-30 12:03:00,2016-03-30 12:11:12,1,-74.03585298580639,40.79778844824208,-74.04269753171312,40.81279124079099,N,492
id0005219,1,2016-01-04 21:23:00,2016-01-04 21:27:22,4,-74.02500264469732,40.78506975010548,-74.0293299320639,40.77411010755439,N,262
id0005220,1,2016-04-07 05:47:00,2016-04-07 05:58:15,5,-74.00281950706422,40.79965400796274,-73.99030234559072,40.760033811166615,N,675
id0005221,1,2016-03-06 22:47:00,2016-03-06 23:04:00,2,-73.91766587203198,40.66902245735847,-73.96276655650776,40.71280623645645,N,1020
id0005222,1,2016-04-27 12:06:00,2016-04-27 12:16:23,5,-74.05580162091641,40.81892259960569,-74.05466374134743,40.85527376093914,N,623
id0005223,2,2016-01-11 15:17:00,2016-01-11 15:41:16,1,-74.09316407386889,40.77564279524627,-74.05309924657145,40.7060846177122,N,1456
id0005224,1,2016-02-02 03:49:00,2016-02-02 04:00:55,1,-73.86578670378908,40.80348516228026,-73.85199136129154,40.85037056459623,N,715
id0005225,1,2016-01-31 09:48:00,2016-01-31 10:08:42,1,-73.96781946921939,40.77542228006024,-73.92380205631261,40.76810812715358,N,1242
id0005226,2,2016-05-14 05:07:00,2016-05-14 05:17:37,1,-73.96000726817448,40.76020161711061,-73.90312133239239,40.76685116491156,N,637
id0005227,1,2016-05-14 11:56:00,2016-05-14 12:10:43,1,-73.996280830286,40.74561108544371,-73.9664642910123,40.78544889254555,N,883
id0005228,2,2016-01-22 03:58:00,2016-01-22 04:17:49,1,-73.95938182919551,40.774521496959885,-73.99148334528361,40.832360354491904,N,1189
id0005229,1,2016-03-14 15:52:00,2016-03-14 16:06:16,1,-74.06828132358375,40.7439713440993,-74.08376741494666,40.779071629075894,N,856
id0005230,2,2016-05-08 02:33:00,2016-05-08 02:48:16,1,-74.03125063117731,40.79705442450293,-73.94433363279381,40.805490491966204,N,916
id0005231,1,2016-01-02 06:08:00,2016-01-02 06:23:20,2,-73.97921631635126,40.68660945099516,-73.96507873325147,40.63846202697455,N,920
id0005232,1,2016-01-19 07:30:00,2016-01-19 07:57:30,4,-74.1,40.73362908621926,-74.09185695346024,40.66271097237979,N,1650
id0005233,1,2016-04-27 03:55:00,2016-04-27 04:11:33,1,-74.00163846875978,40.85001704618145,-74.04033663907661,40.880752609047306,N,993
id0005234,1,2016-04-12 18:30:00,2016-04-12 18:45:23,2,-74.0050290403684,40.72982637913925,-74.00914479237109,40.776797441240305,N,923
id0005235,2,2016-05-08 16:39:00,2016-05-08 17:01:23,1,-74.00164796275727,40.74725923246215,-73.9694111513804,40.71874666233282,N,1343
id0005236,2,2016-03-25 22:13:00,2016-03-25 22:18:30,1,-74.01530949943016,40.718283857999246,-74.01464144245782,40.70884155923339,N,330
id0005237,2,2016-06-13 03:46:00,2016-06-13 03:54:25,5,-74.03977405592309,40.773113055279865,-74.06314607649136,40.75360874918638,N,505
id0005238,2,2016-01-23 20:10:00,2016-01-23 20:17:18,1,-74.0852117517649,40.724868079943604,-74.09814412909753,40.70443157737149,N,438
id0005239,1,2016-01-29 03:18:00,2016-01-29 03:30:36,1,-73.97703891240579,40.74964750793369,-73.92340677309507,40.78727114936991,N,756
id0005240,2,2016-04-25 15:03:00,2016-04-25 15:13:52,5,-74.00150681927379,40.79619899412158,-73.97145668270389,40.80384205376796,N,652
id0005241,1,2016-06-05 00:05:00,2016-06-05 00:13:23,1,-74.06064048506127,40.72655564615334,-74.03660867485247,40.71853440525449,N,503
id0005242,2,2016-01-05 04:02:00,2016-01-05 04:23:38,1,-73.98156066229414,40.793487500366936,-73.96172096604145,40.8865007010848,N,1298
id0005243,1,2016-05-08 23:38:00,2016-05-08 23:54:03,1,-74.001222260729,40.79500031920022,-74.05445860889458,40.744795587734956,N,963
id0005244,2,2016-06-26 00:08:00,2016-06-26 00:13:08,1,-74.01035631734142,40.80547302426237,-73.9981006084377,40.82464991211472,N,308
id0005245,1,2016-04-12 13:54:00,2016-04-12 14:11:42,1,-74.1,40.76432434477132,-74.05193966352464,40.727610104790294,N,1062
id0005246,2,2016-05-31 06:11:00,2016-05-31 06:16:03,2,-73.94744778682306,40.9,-73.95918925617798,40.8944897094802,N,303
id0005247,2,2016-02-17 15:24:00,2016-02-17 15:35:47,1,-74.052817807206,40.8054540163444,-74.00883354439976,40.81065635980059,N,707
id0005248,1,2016-05-26 12:02:00,2016-05-26 12:12:47,1,-73.98152013598373,40.77261949309831,-73.95698493365028,40.80218034328554,N,647
id0005249,2,2016-03-24 07:51:00,2016-03-24 08:11:40,1,-74.0294547643888,40.718583401366324,-73.99220948647375,40.709442035035686,N,1240
id0005250,1,2016-02-24 07:54:00,2016-02-24 08:04:38,1,-74.00637995846513,40.75363233933567,-74.00408781657006,40.74078915591278,N,638
id0005251,2,2016-02-06 02:02:00,2016-02-06 02:08:32,1,-73.92162391295375,40.8221847139605,-73.88172756269896,40.81241673553703,N,392
id0005252,2,2016-06-04 05:22:00,2016-06-04 05:39:46,6,-73.95576099895581,40.834929057703185,-74.02167167155974,40.79713071368264,N,1066
id0005253,1,2016-05-10 14:53:00,2016-05-10 15:01:44,2,-73.92284780295408,40.824524809519815,-73.92135624554628,40.84665565259302,N,524
id0005254,2,2016-05-23 12:44:00,2016-05-23 12:54:07,1,-73.96682879779581,40.79333365380283,-73.93474312904732,40.8031803567802,N,607
id0005255,2,2016-05-08 01:16:00,2016-05-08 01:23:29,1,-73.96321210286126,40.7014952907167,-73.9498786241802,40.716726194212725,N,449
id0005256,1,2016-02-16 12:45:00,2016-02-16 12:57:44,3,-74.08296264501244,40.77992228180216,-74.03365958049226,40.7774882767135,N,764
id0005257,2,2016-02-04 20:36:00,2016-02-04 20:39:40,1,-74.00246387466267,40.70213689298762,-74.0095333217965,40.695386164391465,N,220
id0005258,1,2016-04-27 21:31:00,2016-04-27 21:45:53,1,-73.99736999125167,40.69106379629787,-74.0220054785369,40.73220980813595,N,893
id0005259,1,2016-02-15 23:25:00,2016-02-15 23:46:34,1,-73.91769843488063,40.768762140805975,-73.99145680984294,40.80452466726147,N,1294
id0005260,2,2016-04-27 22:33:00,2016-04-27 22:50:09,1,-74.01284261303488,40.78154397512714,-74.02512610555166,40.831061995643594,N,1029
id0005261,2,2016-06-13 00:03:00,2016-06-13 00:10:48,5,-73.9704327270019,40.79865196943164,-73.947173354395,40.811692771733995,N,468
id0005262,1,2016-05-16 07:20:00,2016-05-16 07:48:12,1,-73.97258334613034,40.78037113081738,-73.93833796301162,40.827714374130316,N,1692
id0005263,2,2016-03-26 20:19:00,2016-03-26 20:32:16,1,-73.92132786618455,40.78192136935843,-73.98429121735907,40.76735847696821,N,796
id0005264,1,2016-06-14 09:49:00,2016-06-14 10:04:01,1,-73.99235592452683,40.71369063367535,-73.93946629384213,40.706660821160405,N,901
id0005265,2,2016-04-10 07:16:00,2016-04-10 07:46:56,4,-73.93947171782187,40.75327604918919,-73.98332065477271,40.79510457556806,N,1856
id0005266,2,2016-03-26 12:36:00,2016-03-26 12:46:04,1,-74.07876758237757,40.69017974464645,-74.08421924873582,40.71969949848556,N,604
id0005267,1,2016-06-23 11:16:00,2016-06-23 11:29:43,2,-74.07377106881192,40.667848389176996,-74.09936780598652,40.65768262493498,N,823
id0005268,1,2016-03-01 23:41:00,2016-03-01 23:51:37,2,-74.1,40.79132892194294,-74.08122375522754,40.75470988368225,N,637
id0005269,1,2016-02-07 16:16:00,2016-02-07 16:21:33,4,-73.94177082636767,40.72410940227941,-73.93753746407829,40.71697065503467,N,333
id0005270,2,2016-01-26 07:00:00,2016-01-26 07:13:13,1,-73.94794831842162,40.79726243259644,-73.91743973342999,40.77329203715174,N,793
id0005271,2,2016-04-24 03:18:00,2016-04-24 03:33:35,2,-73.93567448343553,40.80787564100461,-73.85270327578193,40.868233262891714,N,935
id0005272,2,2016-04-02 19:39:00,2016-04-02 19:53:33,1,-74.02225490096384,40.73013072039196,-74.00435153967854,40.756732142915155,N,873
id0005273,1,2016-05-20 20:53:00,2016-05-20 21:01:31,5,-74.01599512116441,40.78456399925499,-74.04194570490294,40.757756709046454,N,511
id0005274,2,2016-01-27 16:42:00,2016-01-27 17:04:52,1,-73.99165762034643,40.72824794721239,-73.97090951410642,40.69167326358911,N,1372
id0005275,2,2016-02-28 03:18:00,2016-02-28 03:33:43,1,-73.90559653833787,40.6749354506418,-73.81806527223469,40.647694486059336,N,943
id0005276,2,2016-01-22 23:45:00,2016-01-22 23:54:37,1,-73.89183945298079,40.76354892319991,-73.86230414110848,40.74399003985359,N,577
id0005277,1,2016-02-26 04:54:00,2016-02-26 05:05:22,3,-73.94134053305872,40.73681067541279,-73.89878432065102,40.73097616162989,N,682
id0005278,1,2016-06-23 18:34:00,2016-06-23 19:00:57,1,-73.96679391513581,40.73819599452358,-74.03850485538123,40.77720512170441,N,1617
id0005279,1,2016-06-12 05:18:00,2016-06-12 05:30:01,1,-73.91155395162649,40.84689044030305,-73.8941444146734,40.81306234910569,N,721
id0005280,1,2016-03-31 06:56:00,2016-03-31 07:26:06,3,-73.99907133514323,40.68933643577703,-74.01113213388989,40.76947023934666,N,1806
id0005281,2,2016-01-19 02:12:00,2016-01-19 02:25:11,1,-74.00650178417652,40.77522920109172,-74.03710740296978,40.742213692802714,N,791
id0005282,2,2016-06-30 01:46:00,2016-06-30 01:59:27,1,-73.99209621663375,40.71323367432849,-73.99310049636041,40.66391700374018,N,807
id0005283,2,2016-01-29 15:19:00,2016-01-29 15:35:34,1,-74.03882929031808,40.79887176341703,-74.0339407611597,40.85796243230335,N,994
id0005284,2,2016-01-19 09:46:00,2016-01-19 10:10:44,5,-73.99462551504044,40.77142940562788,-74.02272315063009,40.81767335162217,N,1484
id0005285,1,2016-03-15 19:03:00,2016-03-15 19:09:17,1,-74.04645744240811,40.77507049571313,-74.03797657319872,40.76868828779166,N,377
id0005286,2,2016-06-20 07:00:00,2016-06-20 07:07:20,1,-73.92862456996052,40.7154799672079,-73.93643148936147,40.728826598237255,N,440
id0005287,2,2016-05-25 07:22:00,2016-05-25 07:39:32,4,-73.95509719349319,40.72354854390203,-73.92348744413997,40.7377784630706,N,1052
id0005288,1,2016-03-06 10:37:00,2016-03-06 10:40:15,3,-73.90637406813487,40.79972627283057,-73.89613320029794,40.80451120783659,N,195
id0005289,2,2016-03-23 19:24:00,2016-03-23 19:42:53,1,-74.07461055416027,40.83768589747774,-74.05769400301206,40.792309113631276,N,1133
id0005290,2,2016-01-12 00:43:00,2016-01-12 01:08:19,1,-73.88040666791929,40.77961385177509,-73.83633420932838,40.69274500038177,N,1519
id0005291,2,2016-02-19 05:49:00,2016-02-19 06:03:49,1,-74.07148614775863,40.71761606756529,-74.04651313406588,40.68805065118397,N,889
id0005292,1,2016-05-01 22:59:00,2016-05-01 23:15:51,1,-74.05090694412958,40.773252233510796,-74.05118074179698,40.83681763790878,N,1011
id0005293,1,2016-03-17 11:50:00,2016-03-17 12:14:54,1,-74.01914518507746,40.867236241995194,-74.1130568078282,40.93217571459063,N,1494
id0005294,2,2016-06-27 03:47:00,2016-06-27 03:55:16,4,-73.91307536194165,40.76260902648235,-73.88995760222087,40.75344473272512,N,496
id0005295,2,2016-03-22 01:46:00,2016-03-22 02:00:30,1,-73.97259345765242,40.82378283867271,-74.01363000625399,40.79025409088438,N,870
id0005296,1,2016-06-03 03:03:00,2016-06-03 03:08:14,1,-73.99841060877868,40.724685178537264,-74.0022913108902,40.73441942122779,N,314
id0005297,2,2016-05-12 07:38:00,2016-05-12 07:46:55,1,-74.02859450890548,40.75610612767637,-74.01189739456879,40.771470469517716,N,535
id0005298,2,2016-04-02 09:35:00,2016-04-02 10:03:00,4,-74.06067643328633,40.785880434275654,-74.00069012721573,40.806905617450944,N,1680
id0005299,2,2016-06-07 02:42:00,2016-06-07 03:12:29,1,-73.92270549719689,40.77587977387183,-73.83980097113162,40.687433769972515,N,1829
id0005300,2,2016-06-07 11:59:00,2016-06-07 12:32:19,1,-73.94107484064233,40.723512509395,-73.98252966355155,40.83403397582888,N,1999
id0005301,2,2016-02-28 11:13:00,2016-02-28 11:28:44,1,-73.91061522925992,40.721571714429125,-73.96982905869623,40.76120832781065,N,944
id0005302,1,2016-02-20 16:13:00,2016-02-20 16:25:00,6,-73.96317500301603,40.802472798139625,-73.94851773040263,40.79554756850874,N,720
id0005303,1,2016-05-08 22:54:00,2016-05-08 23:04:34,1,-74.1,40.81161978656926,-74.08909075106828,40.78647306951363,N,634
id0005304,1,2016-01-05 22:33:00,2016-01-05 22:53:02,1,-74.05345206129748,40.82604646011549,-74.10753647580407,40.86060215940828,N,1202
id0005305,1,2016-05-07 15:39:00,2016-05-07 15:46:03,5,-73.95943207817842,40.83917687174638,-73.96017921326528,40.85651568327259,N,423
id0005306,2,2016-03-20 04:09:00,2016-03-20 04:15:05,1,-74.00533443638798,40.76405787463452,-73.97844509382938,40.767283036715725,N,365
id0005307,1,2016-05-19 14:01:00,2016-05-19 14:14:59,1,-74.01573630818105,40.743996034009584,-74.07109313567909,40.76003774618701,N,839
id0005308,1,2016-01-24 15:56:00,2016-01-24 16:08:56,1,-74.04567747206892,40.818794592245034,-74.09043381471481,40.814849406097174,N,776
id0005309,1,2016-04-14 16:44:00,2016-04-14 16:54:41,1,-73.9328825737922,40.790088117683325,-73.9618697708835,40.80415329698343,N,641
id0005310,1,2016-04-07 13:36:00,2016-04-07 13:45:54,1,-73.95990940494221,40.71378951335996,-73.96946111614736,40.73921221314333,N,594
id0005311,2,2016-01-03 16:12:00,2016-01-03 16:27:51,1,-73.95743448274006,40.71148639505165,-73.92620576498015,40.723502485644524,N,951
id0005312,1,2016-04-05 11:29:00,2016-04-05 11:37:13,1,-74.01984812368318,40.78013685906104,-74.03453975399407,40.79031912550231,N,493
id0005313,2,2016-04-29 08:49:00,2016-04-29 09:13:36,5,-73.97530417326051,40.750022640233226,-73.9728149160894,40.798772744895615,N,1476
id0005314,1,2016-03-14 17:55:00,2016-03-14 18:50:33,2,-74.0585770709408,40.75681065203667,-73.95749906858,40.70091190285702,N,3333
id0005315,2,2016-04-21 10:30:00,2016-04-21 10:43:55,1,-73.99214053894654,40.80626400141196,-74.03517450166709,40.778338121662415,N,835
id0005316,2,2016-02-29 09:19:00,2016-02-29 09:30:09,1,-74.1,40.79215667152433,-74.12938470287855,40.79308629553367,N,669
id0005317,2,2016-04-21 07:07:00,2016-04-21 07:19:16,1,-74.0712463876524,40.81784429617883,-74.04073238830931,40.79229893077631,N,736
id0005318,1,2016-02-14 07:10:00,2016-02-14 07:25:14,6,-74.00272715143386,40.6710808752132,-73.95826520783288,40.657219736374664,N,914
id0005319,2,2016-02-21 04:42:00,2016-02-21 04:53:24,1,-73.85436850195488,40.769402906274955,-73.83570246264081,40.8144738686761,N,684
id0005320,2,2016-01-13 22:15:00,2016-01-13 22:30:52,1,-74.08404086903836,40.78926098350788,-74.00263732844392,40.78404699941936,N,952
id0005321,2,2016-01-18 19:33:00,2016-01-18 20:07:44,2,-74.05339693258969,40.689303636449054,-74.03911141552045,40.62528125047906,N,2084
id0005322,1,2016-01-25 11:29:00,2016-01-25 11:52:49,1,-73.9730773861819,40.72852969614105,-74.06200205193984,40.71371273561435,N,1429
id0005323,1,2016-02-04 11:05:00,2016-02-04 11:09:44,1,-73.8876817401692,40.7201781676952,-73.88331693423407,40.722212128789884,N,284
id0005324,1,2016-05-10 19:16:00,2016-05-10 19:25:51,1,-73.97388051266566,40.758976417697696,-73.99957477575005,40.76036555133367,N,591
id0005325,2,2016-02-09 08:23:00,2016-02-09 08:45:27,4,-73.94638219812327,40.83125342859123,-73.88411066942477,40.85071473903836,N,1347
id0005326,1,2016-03-05 16:06:00,2016-03-05 16:26:54,2,-74.00356820628721,40.849016523209926,-73.96016012339754,40.865620123326366,N,1254
id0005327,1,2016-02-01 14:19:00,2016-02-01 14:31:08,1,-74.01308418739167,40.72135706011171,-74.0846202723324,40.7164981466633,N,728
id0005328,2,2016-03-18 03:43:00,2016-03-18 03:59:50,1,-73.98047986063628,40.781695076272214,-73.91971554777484,40.73993868473362,N,1010
id0005329,1,2016-02-14 12:08:00,2016-02-14 12:22:31,3,-74.02120591648443,40.78314590334641,-73.9789343668885,40.76770602953909,N,871
id0005330,2,2016-02-29 20:19:00,2016-02-29 20:28:28,1,-73.94516518637052,40.775443159718165,-73.95976598218006,40.7536459802364,N,568
id0005331,2,2016-01-13 12:02:00,2016-01-13 12:07:05,1,-74.073344954442,40.77595408356327,-74.07687483968846,40.76597545046925,N,305
id0005332,2,2016-04-01 21:10:00,2016-04-01 21:32:16,3,-73.93605071320883,40.77166841261031,-73.87340274635768,40.79585931134434,N,1336
id0005333,2,2016-02-19 00:24:00,2016-02-19 00:42:30,3,-73.98283778432335,40.833940655436294,-74.07155582053322,40.848084251671025,N,1110
id0005334,1,2016-04-28 12:31:00,2016-04-28 12:41:03,1,-73.99680964777305,40.80761099314657,-73.97676673754626,40.83645119312753,N,603
id0005335,1,2016-06-30 14:45:00,2016-06-30 14:58:00,1,-74.07536415081026,40.71029307460808,-74.02616071722963,40.69685016248199,N,780
id0005336,2,2016-03-29 07:08:00,2016-03-29 07:29:40,2,-74.03888837695989,40.793807448639626,-74.04288046334193,40.846600075529594,N,1300
id0005337,2,2016-04-03 01:42:00,2016-04-03 01:51:06,1,-73.91907416897767,40.79815680185302,-73.88991822738629,40.821706149793904,N,546
id0005338,2,2016-05-31 03:28:00,2016-05-31 03:32:44,1,-73.99647294489183,40.77217352792184,-73.99183099074673,40.776101741786306,N,284
id0005339,2,2016-03-03 16:26:00,2016-03-03 16:38:56,2,-73.969688084377,40.80891409667262,-74.00496985151403,40.83003122712585,N,776
id0005340,1,2016-01-26 16:11:00,2016-01-26 16:26:28,1,-74.03337426073234,40.76646333154346,-74.06978061151598,40.74281171703138,N,928
id0005341,1,2016-05-11 03:05:00,2016-05-11 03:24:01,1,-73.9865980049924,40.76702104744843,-73.95456118796034,40.69321464988982,N,1141
id0005342,2,2016-04-28 05:51:00,2016-04-28 06:00:47,2,-74.0604683626466,40.76345582451047,-74.08907516529582,40.74222145159303,N,587
id0005343,2,2016-03-26 10:36:00,2016-03-26 10:50:08,5,-73.97950647601417,40.667179016139016,-74.04811261824197,40.69334000964249,N,848
id0005344,1,2016-03-11 09:01:00,2016-03-11 09:06:56,2,-73.96461475065014,40.75438207227424,-73.95910680952268,40.75718963366335,N,356
id0005345,2,2016-01-06 08:50:00,2016-01-06 08:57:02,1,-73.96736619000482,40.72792872414955,-73.9904548539484,40.72313951760582,N,422
id0005346,2,2016-04-11 09:18:00,2016-04-11 09:41:15,6,-74.03469716567696,40.70460984098134,-74.08865703131275,40.67493543850412,N,1395
id0005347,2,2016-04-09 14:59:00,2016-04-09 15:17:58,1,-74.00381280412553,40.822530822813285,-74.00058416963748,40.75407691890621,N,1138
id0005348,2,2016-04-03 20:25:00,2016-04-03 20:49:26,1,-73.955454321971,40.78068933833406,-73.9209268686671,40.83055893506258,N,1466
id0005349,1,2016-02-25 08:09:00,2016-02-25 08:14:22,1,-73.9966290677403,40.756657601357496,-73.99572231485169,40.74938128539409,N,322
id0005350,2,2016-01-28 14:49:00,2016-01-28 14:59:44,1,-74.00080179602871,40.732583849200395,-74.04878263455167,40.71755001983399,N,644
id0005351,1,2016-04-13 22:55:00,2016-04-13 23:04:31,1,-73.8803092815256,40.771327631308296,-73.85862812121744,40.74782001196008,N,571
id0005352,2,2016-04-22 20:11:00,2016-04-22 20:24:39,2,-74.03730440153764,40.80261462419929,-73.9907223643442,40.84652291091623,N,819
id0005353,1,2016-02-01 12:36:00,2016-02-01 12:58:02,1,-73.9255769842551,40.72078653704039,-73.82599044690674,40.75163381547367,N,1322
id0005354,1,2016-01-22 22:32:00,2016-01-22 22:51:44,1,-74.04850743649277,40.75778272324756,-73.98362445513081,40.723929342000176,N,1184
id0005355,1,2016-03-28 19:46:00,2016-03-28 20:10:07,3,-73.94898704028257,40.7970629924483,-73.99422816784151,40.837821996224825,N,1447
id0005356,1,2016-01-09 17:15:00,2016-01-09 17:25:28,1,-73.94605160930318,40.67087994919122,-73.90743788608893,40.665802484528975,N,628
id0005357,2,2016-02-05 05:49:00,2016-02-05 05:54:51,1,-74.01307008352813,40.75540936069176,-74.00152650709855,40.734040384112205,N,351
id0005358,2,2016-04-25 19:44:00,2016-04-25 19:59:33,5,-74.05196122690741,40.73868188832537,-74.10380568914653,40.72840545478745,N,933
id0005359,2,2016-02-24 09:13:00,2016-02-24 09:27:35,1,-74.09337382620919,40.751977656401024,-74.0806030416772,40.724562252633,N,875
id0005360,2,2016-03-24 19:20:00,2016-03-24 19:44:26,1,-74.0188312429909,40.73542671496327,-73.93249079158508,40.68919601636706,N,1466
id0005361,1,2016-05-05 01:32:00,2016-05-05 01:41:02,1,-73.95605797436262,40.764193107234334,-73.90224408488027,40.79135769102714,N,542
id0005362,2,2016-02-02 04:01:00,2016-02-02 04:11:35,1,-74.04426954864047,40.84456322491903,-74.08987478992113,40.836838554852925,N,635
id0005363,1,2016-02-11 10:23:00,2016-02-11 10:31:27,1,-73.97966782804919,40.743423488673216,-73.97905055328937,40.7650258223508,N,507
id0005364,2,2016-02-24 03:09:00,2016-02-24 03:15:17,5,-74.0662036388851,40.77112699540924,-74.0440782895213,40.781179461998775,N,377
id0005365,2,2016-03-16 22:03:00,2016-03-16 22:22:42,1,-73.99786385056572,40.847763588828414,-74.07570951263948,40.866962527725775,N,1182
id0005366,2,2016-04-11 21:37:00,2016-04-11 22:05:08,1,-74.04808741473093,40.733249298973234,-74.12438211409696,40.661639760783984,N,1688
id0005367,1,2016-01-14 07:28:00,2016-01-14 07:41:31,4,-73.98928892760419,40.83966039070181,-73.9823306746193,40.809323781974314,N,811
id0005368,2,2016-03-27 05:41:00,2016-03-27 05:46:52,1,-74.01255937082841,40.75823953529822,-74.00501399358139,40.77816730173729,N,352
id0005369,2,2016-05-05 01:31:00,2016-05-05 01:49:06,2,-74.05047013749306,40.838185330163924,-74.13321698949889,40.793566255869166,N,1086
id0005370,2,2016-06-03 22:58:00,2016-06-03 23:07:21,2,-74.0212380412839,40.79175905062259,-74.00377923262705,40.804816328556015,N,561
id0005371,2,2016-04-08 02:06:00,2016-04-08 02:23:43,1,-74.0363786274233,40.771819876316215,-73.98746530576588,40.72314521601557,N,1063
id0005372,2,2016-04-23 21:45:00,2016-04-23 21:48:54,1,-74.05726585851306,40.75504661931511,-74.06708943361151,40.755622158737424,N,234
id0005373,1,2016-05-28 02:38:00,2016-05-28 02:53:19,1,-73.92544897960909,40.72991813520544,-73.92275744923049,40.7862677989932,N,919
id0005374,1,2016-05-12 08:28:00,2016-05-12 08:41:40,2,-74.0048096175448,40.761410619748396,-73.97909609029401,40.788521623785,N,820
id0005375,1,2016-04-07 09:12:00,2016-04-07 09:44:25,1,-74.1,40.798381265655905,-74.08024368256676,40.73360533249548,N,1945
id0005376,1,2016-04-13 01:24:00,2016-04-13 01:36:35,2,-74.0192804444177,40.75740998560515,-74.09436845701514,40.78710298475622,N,755
id0005377,2,2016-06-29 22:43:00,2016-06-29 23:03:51,3,-73.93469085574,40.74375197377222,-73.97542130938511,40.80753031170776,N,1251
id0005378,2,2016-05-17 18:47:00,2016-05-17 19:28:14,1,-74.02687472482916,40.746714785962006,-74.04468812945764,40.844610346317666,N,2474
id0005379,1,2016-02-13 21:15:00,2016-02-13 21:24:10,5,-73.90262408670264,40.80266144761124,-73.94136130398802,40.819289098422644,N,550
id0005380,1,2016-03-23 13:57:00,2016-03-23 14:22:38,1,-74.03211641302289,40.813132265479496,-73.96610283061392,40.765377568143506,N,1538
id0005381,2,2016-05-15 01:31:00,2016-05-15 01:39:36,1,-73.95731255693009,40.727978226880424,-73.92876113970806,40.74319195611128,N,516
id0005382,2,2016-04-05 00:35:00,2016-04-05 00:52:38,1,-73.92798487784749,40.72791354641487,-73.97792252110834,40.78377472235682,N,1058
id0005383,2,2016-03-19 16:24:00,2016-03-19 16:29:52,1,-73.96023933152287,40.77507115138502,-73.96988444062363,40.76852306509376,N,352
id0005384,2,2016-04-20 17:18:00,2016-04-20 17:38:18,1,-74.06059716860526,40.826738942914076,-74.009729522438,40.863247755214964,N,1218
id0005385,1,2016-03-09 10:12:00,2016-03-09 10:20:29,1,-74.03683577173068,40.80956956387407,-74.06591654434315,40.78018345891335,N,509
id0005386,2,2016-05-03 10:20:00,2016-05-03 10:29:46,1,-73.92064609552874,40.701666650451905,-73.88232482208325,40.71469901431134,N,586
id0005387,2,2016-05-13 03:19:00,2016-05-13 03:37:33,5,-74.02925363009825,40.74611658135037,-73.96701054402303,40.65898129831942,N,1113
id0005388,1,2016-06-12 10:32:00,2016-06-12 10:46:10,2,-73.93133779173537,40.71612284003898,-73.87661144832627,40.68286110167469,N,850
id0005389,2,2016-06-22 21:52:00,2016-06-22 21:55:57,1,-74.00866565969982,40.745961936513815,-74.00054747319355,40.74574771385895,N,237
id0005390,2,2016-05-09 11:45:00,2016-05-09 11:58:20,6,-73.97722094744294,40.830198449821594,-73.92092482256376,40.817480964251416,N,800
id0005391,1,2016-05-17 12:21:00,2016-05-17 12:33:46,2,-74.06123590023616,40.69398297080477,-74.08473661098249,40.648461358505116,N,766
id0005392,2,2016-05-20 13:12:00,2016-05-20 13:41:20,2,-74.01845471660918,40.685151061802394,-73.90659005640161,40.66766309486942,N,1760
id0005393,1,2016-03-01 01:58:00,2016-03-01 02:01:59,1,-74.03314185092418,40.72071506309549,-74.02230362155963,40.73225298979187,N,239
id0005394,2,2016-06-15 15:02:00,2016-06-15 15:15:42,1,-73.9725920192193,40.77092897711592,-73.92098628192436,40.767911011567065,N,822
id0005395,2,2016-04-02 19:12:00,2016-04-02 19:18:50,1,-73.97987413311563,40.78593396692884,-73.99616453177131,40.78806678187432,N,410
id0005396,2,2016-06-06 21:21:00,2016-06-06 21:31:38,1,-73.9595542557065,40.77768517956877,-73.93708060171018,40.80330408767677,N,638
id0005397,1,2016-02-09 12:28:00,2016-02-09 12:35:03,1,-74.01197873767009,40.8109058431454,-73.98752288104033,40.798895148619735,N,423
id0005398,2,2016-02-26 11:24:00,2016-02-26 11:38:23,2,-74.0361626539212,40.67866114825948,-74.07796016926312,40.726232374166294,N,863
id0005399,2,2016-04-22 21:12:00,2016-04-22 21:26:00,1,-73.97494990029506,40.81147514422616,-74.01807985194108,40.77685065691261,N,840
id0005400,2,2016-04-15 07:14:00,2016-04-15 07:45:04,1,-74.0416273896654,40.743955710597916,-74.05083000470441,40.811435799955,N,1864
id0005401,1,2016-03-14 06:30:00,2016-03-14 06:45:38,1,-73.92568676104676,40.79091724394122,-73.87594679657369,40.829873596008525,N,938
id0005402,1,2016-02-10 04:56:00,2016-02-10 05:09:49,1,-73.9912987312624,40.69844585579566,-74.07371297523542,40.68598593347773,N,829
id0005403,1,2016-02-11 12:29:00,2016-02-11 12:36:38,1,-74.00293743103377,40.75822305136541,-74.01926564591994,40.74809689671732,N,458
id0005404,1,2016-05-12 07:29:00,2016-05-12 07:51:52,3,-73.95958034074874,40.768632184676505,-73.90063607271976,40.775867930382915,N,1372
id0005405,2,2016-01-04 20:07:00,2016-01-04 20:20:51,4,-73.98920004746874,40.810008796687434,-74.04464587017344,40.830962279232956,N,831
id0005406,1,2016-01-22 17:33:00,2016-01-22 17:57:58,3,-74.07619284442593,40.686663541982654,-74.01976731457943,40.72497273161582,N,1498
id0005407,2,2016-06-17 09:48:00,2016-06-17 10:14:07,2,-74.04337864446642,40.759383864684075,-74.09412932841197,40.71246317100355,N,1567
id0005408,2,2016-06-27 05:01:00,2016-06-27 05:11:12,1,-73.92682602128744,40.709164411898605,-73.96807039392124,40.724474903670746,N,612
id0005409,2,2016-01-15 08:17:00,2016-01-15 09:03:38,1,-73.98038636086855,40.780747321989374,-73.98701134087297,40.70666932315318,N,2798
id0005410,2,2016-01-26 21:39:00,2016-01-26 21:57:06,1,-74.07748622912999,40.79297474414053,-73.99318057105285,40.78676922713629,N,1086
id0005411,1,2016-02-29 22:25:00,2016-02-29 22:41:33,5,-73.96563383633067,40.81592266091287,-73.99443416016922,40.86680959854543,N,993
id0005412,1,2016-04-16 15:25:00,2016-04-16 15:52:24,1,-74.01575923509283,40.733923674556124,-74.09374256056913,40.68430735842848,N,1644
id0005413,2,2016-02-04 15:54:00,2016-02-04 16:17:31,1,-74.03309749738798,40.799725191856,-74.09618461952455,40.74375186934489,N,1411
id0005414,1,2016-06-27 18:38:00,2016-06-27 18:51:36,2,-74.04796799990986,40.81924057143647,-74.00603033134759,40.826968399920645,N,816
id0005415,1,2016-03-30 22:20:00,2016-03-30 22:42:53,1,-73.93000387907747,40.68405388635651,-73.99096719190663,40.73261390710255,N,1373
id0005416,2,2016-04-07 17:57:00,2016-04-07 18:13:41,1,-74.09310241046029,40.78555552140443,-74.03964400456364,40.79694436219242,N,1001
id0005417,2,2016-02-05 11:31:00,2016-02-05 11:54:39,3,-74.03106426409417,40.80113300642011,-74.02792367714464,40.734471380029255,N,1419
id0005418,1,2016-02-26 00:07:00,2016-02-26 00:19:45,1,-73.97839302787489,40.74635731261257,-73.97984523307255,40.687447818155945,N,765
id0005419,1,2016-05-13 23:46:00,2016-05-13 23:50:45,5,-73.8981900312103,40.70351518901137,-73.88481134014214,40.7069363141639,N,285
id0005420,2,2016-04-25 03:17:00,2016-04-25 03:26:11,1,-73.95453779920074,40.800433009024935,-73.99057921431609,40.759159524349585,N,551
id0005421,2,2016-02-10 22:00:00,2016-02-10 22:03:51,1,-74.0315313538543,40.7040221027599,-74.02532711738702,40.7088061230466,N,231
id0005422,2,2016-03-21 08:29:00,2016-03-21 08:49:44,1,-73.90088556002412,40.74997418544701,-73.95457384487729,40.75683401441135,N,1244
id0005423,2,2016-02-03 18:04:00,2016-02-03 18:28:54,1,-74.05953178698377,40.75619441739885,-73.99883169514933,40.739052904525835,N,1494
id0005424,2,2016-03-15 04:02:00,2016-03-15 04:21:23,1,-73.97040651090546,40.790199212326684,-74.01663479625144,40.85371561261489,N,1163
id0005425,1,2016-02-09 11:21:00,2016-02-09 11:28:27,1,-73.95817184448363,40.72980157982194,-73.93842221591207,40.75046793199464,N,447
id0005426,1,2016-06-27 07:06:00,2016-06-27 07:30:29,1,-74.03346135707602,40.727193734002746,-74.08002512067775,40.76959941476054,N,1469
id0005427,2,2016-02-24 03:45:00,2016-02-24 03:54:22,1,-73.94663238214615,40.76245119654434,-73.97062658853827,40.79467155808385,N,562
id0005428,2,2016-03-27 05:34:00,2016-03-27 05:40:21,1,-74.01326395709175,40.803287571492895,-74.03008639862894,40.79803499682465,N,381
id0005429,1,2016-04-26 19:31:00,2016-04-26 20:06:42,1,-73.94676716648651,40.86093525002939,-73.81260650734505,40.85412959623252,N,2142
id0005430,2,2016-01-08 11:14:00,2016-01-08 11:21:20,1,-74.08617775209224,40.69016334600996,-74.08682782599533,40.67974664472095,N,440
id0005431,2,2016-02-08 03:39:00,2016-02-08 03:53:03,1,-73.96657631503741,40.7721903908004,-74.00354515590422,40.7960289696379,N,843
id0005432,2,2016-06-28 23:37:00,2016-06-28 23:46:24,1,-74.00766586699815,40.70910592381946,-74.02767086952798,40.68634314261144,N,564
id0005433,2,2016-05-06 19:50:00,2016-05-06 20:18:14,5,-73.92176629193676,40.80384650594431,-73.9894765567672,40.864222658915516,N,1694
id0005434,1,2016-02-14 00:47:00,2016-02-14 00:55:34,1,-73.9874189401374,40.71576549537109,-73.99474430660288,40.68966006974255,N,514
id0005435,2,2016-03-19 06:59:00,2016-03-19 07:24:27,2,-73.9162923756454,40.7276408301818,-73.832993475747,40.735147457712195,N,1527
id0005436,1,2016-06-05 01:12:00,2016-06-05 01:17:31,1,-73.95708129792318,40.731482811342126,-73.94195951902908,40.72346498292052,N,331
id0005437,1,2016-02-05 20:32:00,2016-02-05 20:42:52,1,-73.99201296524765,40.75457104775761,-73.95135992250995,40.73879328175408,N,652
id0005438,2,2016-02-24 09:36:00,2016-02-24 10:02:38,1,-73.9416781879712,40.772543891858646,-73.98262565176243,40.848576031694876,N,1598
id0005439,1,2016-02-13 16:30:00,2016-02-13 16:38:13,1,-73.94132678445101,40.77976656271239,-73.95047718206689,40.764399660762955,N,493
id0005440,2,2016-05-01 00:01:00,2016-05-01 00:07:44,2,-73.95904494975298,40.75774046042178,-73.94986933116645,40.747075219087044,N,404
id0005441,1,2016-04-05 23:23:00,2016-04-05 23:33:04,4,-74.1,40.69815490399018,-74.13263880736918,40.674910228044226,N,604
id0005442,2,2016-04-01 02:50:00,2016-04-01 02:58:34,1,-74.03904082699204,40.79075037676396,-74.02104052383913,40.792186798313075,N,514
id0005443,1,2016-03-09 21:51:00,2016-03-09 21:58:23,1,-73.90887417844218,40.75561686013516,-73.88117989975868,40.75207113727817,N,443
id0005444,1,2016-02-29 16:38:00,2016-02-29 16:58:34,2,-74.05407702204894,40.81027806555066,-74.0296488597613,40.77110420597601,N,1234
id0005445,2,2016-04-03 11:56:00,2016-04-03 12:01:01,1,-73.93646463674638,40.72615175492341,-73.94326338422661,40.71129880967124,N,301
id0005446,1,2016-05-25 10:19:00,2016-05-25 10:33:36,1,-73.94614510387711,40.68589763726921,-73.89705409534776,40.707236666266645,N,876
id0005447,1,2016-05-27 21:20:00,2016-05-27 21:33:47,1,-74.02491637988702,40.75646882987927,-74.03650916462036,40.79241336960904,N,827
id0005448,1,2016-05-22 18:49:00,2016-05-22 18:56:55,1,-74.09473773949142,40.816317870972796,-74.1104346749414,40.817157892426586,N,475
id0005449,1,2016-01-09 08:11:00,2016-01-09 08:37:38,1,-74.01629019288714,40.76524239614773,-73.95142093756762,40.76730721382059,N,1598
id0005450,1,2016-03-30 05:03:00,2016-03-30 05:14:21,1,-73.87070917260019,40.749014859037224,-73.92052265608672,40.73638003152544,N,681
id0005451,1,2016-03-12 15:17:00,2016-03-12 15:36:37,1,-74.03248025107152,40.718834384205415,-74.10911385250687,40.701248924636886,N,1177
id0005452,1,2016-06-19 05:05:00,2016-06-19 05:16:14,1,-74.02868415395297,40.83709949100064,-74.06773588818368,40.80491443495476,N,674
id0005453,2,2016-03-16 14:39:00,2016-03-16 14:51:55,1,-74.03986703256705,40.711667883230184,-74.02244114586654,40.65718515233182,N,775
id0005454,2,2016-02-14 22:08:00,2016-02-14 22:25:32,1,-73.91818685378978,40.72535725840673,-73.86042525813885,40.700771624813,N,1052
id0005455,2,2016-02-15 16:00:00,2016-02-15 16:17:54,1,-73.99836036413939,40.78365153882378,-74.02808369700756,40.8152933891807,N,1074
id0005456,1,2016-02-05 10:52:00,2016-02-05 11:09:29,1,-74.0194248425922,40.674479068955094,-73.93775715417914,40.65962447596069,N,1049
id0005457,1,2016-03-21 10:07:00,2016-03-21 10:12:12,1,-73.90725892905425,40.81535657994216,-73.90603504811182,40.80324592601287,N,312
id0005458,2,2016-02-18 01:48:00,2016-02-18 01:53:24,1,-73.95312782516355,40.786088690139785,-73.95832665478747,40.77329670814977,N,324
id0005459,2,2016-04-13 03:03:00,2016-04-13 03:24:03,1,-74.03556096329406,40.7984653982315,-74.07380817963094,40.84203016653564,N,1263
id0005460,2,2016-02-12 00:24:00,2016-02-12 00:45:58,1,-74.0522971151084,40.78311526553774,-73.9644861325198,40.75062187556914,N,1318
id0005461,1,2016-04-16 11:05:00,2016-04-16 11:09:36,1,-73.9213006519316,40.75074944171447,-73.92806365144246,40.760446308558116,N,276
id0005462,2,2016-04-22 01:10:00,2016-04-22 01:22:44,1,-73.98407665099421,40.710158308043006,-74.04401611217284,40.70776199336805,N,764
id0005463,2,2016-05-01 21:49:00,2016-05-01 22:16:37,1,-74.07019852109208,40.75169660514488,-73.9596034309947,40.7540740440232,N,1657
id0005464,1,2016-06-09 14:52:00,2016-06-09 14:57:58,1,-74.08307136277915,40.714114365971135,-74.0653562085558,40.72266663022021,N,358
id0005465,1,2016-01-14 23:19:00,2016-01-14 23:27:49,1,-74.04638212933598,40.77987698895344,-74.01043475905878,40.78187776186282,N,529
id0005466,2,2016-01-10 15:15:00,2016-01-10 15:38:34,1,-74.05317165234567,40.794305092374664,-73.97750144240784,40.82206085840745,N,1414
id0005467,2,2016-03-24 17:18:00,2016-03-24 17:35:12,1,-74.09753423339959,40.824456388403924,-74.06988341718913,40.82343238192522,N,1032
id0005468,2,2016-04-03 21:57:00,2016-04-03 22:18:49,6,-74.04547288426566,40.77472954382488,-74.00160286319867,40.83578271759478,N,1309
id0005469,1,2016-05-17 21:15:00,2016-05-17 21:18:16,1,-74.03554943089041,40.79960589104679,-74.03310480263565,40.80116268891063,N,196
id0005470,2,2016-02-11 06:49:00,2016-02-11 07:06:57,1,-74.01044747086115,40.744628486824645,-73.97742951792657,40.68500714593364,N,1077
id0005471,2,2016-03-23 19:38:00,2016-03-23 19:55:59,1,-73.89188994751798,40.736477528789635,-73.89342704917303,40.75881839132467,N,1079
id0005472,2,2016-04-21 06:17:00,2016-04-21 06:25:09,5,-73.99967637996541,40.779315235086756,-74.00058583382825,40.793038623270846,N,489
id0005473,2,2016-04-29 11:31:00,2016-04-29 11:34:14,1,-73.99421661607593,40.74060872072774,-73.98882936203191,40.74174779683941,N,194
id0005474,2,2016-04-08 20:00:00,2016-04-08 20:05:53,1,-73.95699095499106,40.77011336049725,-73.97484763656314,40.76102836445051,N,353
id0005475,2,2016-04-17 11:04:00,2016-04-17 11:21:40,2,-73.99805249390866,40.71024635147991,-73.97535549131854,40.63623468415382,N,1060
id0005476,2,2016-01-30 20:40:00,2016-01-30 21:05:42,1,-73.96299158698623,40.71832675428857,-73.94040855410155,40.65018721210927,N,1542
id0005477,2,2016-03-25 13:53:00,2016-03-25 14:08:11,5,-73.96956618176766,40.78659341854583,-73.9327149347724,40.84425659126324,N,911
id0005478,2,2016-04-08 13:21:00,2016-04-08 13:33:20,1,-73.97825762889204,40.797901053393275,-73.94947533571545,40.7774084622848,N,740
id0005479,1,2016-01-15 08:45:00,2016-01-15 09:15:54,2,-73.83284436535696,40.7136454723965,-73.74284242803424,40.747442187360825,N,1854
id0005480,2,2016-06-25 07:13:00,2016-06-25 07:45:29,5,-73.93488807857756,40.788177643972794,-73.88751974029391,40.73207147940938,N,1949
id0005481,1,2016-04-25 05:55:00,2016-04-25 06:03:30,1,-74.04449470915887,40.734026894713416,-74.05382104422752,40.69738685437553,N,510
id0005482,1,2016-05-10 15:09:00,2016-05-10 15:19:31,3,-73.9646377797596,40.758742732929015,-73.94424956208744,40.78249516606987,N,631
id0005483,2,2016-04-07 06:45:00,2016-04-07 06:59:12,1,-74.02854552436628,40.821762498710584,-73.96497410922908,40.81817496246113,N,852
id0005484,1,2016-06-18 09:16:00,2016-06-18 09:36:39,1,-73.9604562079767,40.794336925531034,-74.0032050014824,40.81315527655066,N,1239
id0005485,2,2016-01-02 00:49:00,2016-01-02 01:06:34,1,-74.06063530794096,40.793814239461,-73.96999442725073,40.793337099653456,N,1054
id0005486,2,2016-06-23 08:56:00,2016-06-23 09:11:50,1,-74.04592786964461,40.84389556613056,-74.08078664416335,40.83662704739033,N,950
id0005487,1,2016-02-07 15:33:00,2016-02-07 15:42:24,1,-73.96608508406304,40.72632542965276,-73.92557269136734,40.70252389566664,N,564
id0005488,1,2016-06-09 23:50:00,2016-06-09 23:59:48,1,-73.93012819875212,40.71363562612534,-73.92983117894201,40.67184553316779,N,588
id0005489,1,2016-01-12 04:11:00,2016-01-12 04:24:10,1,-73.95735456081859,40.725504497839715,-73.95964651881474,40.774599042980356,N,790
id0005490,1,2016-02-26 22:27:00,2016-02-26 22:47:31,1,-73.93802354660056,40.74654745259671,-73.99665462591472,40.80140327131125,N,1231
id0005491,1,2016-04-13 18:46:00,2016-04-13 19:03:55,1,-73.964439979268,40.65204522235687,-73.92360247499657,40.615690618940825,N,1075
id0005492,2,2016-04-29 16:25:00,2016-04-29 16:48:00,1,-73.97551271455322,40.748665729348645,-74.03348883288298,40.7100229607784,N,1380
id0005493,2,2016-01-03 18:09:00,2016-01-03 18:40:12,1,-74.01270313008422,40.73349431706473,-74.077627790563,40.72132225707996,N,1872
id0005494,1,2016-03-06 07:23:00,2016-03-06 07:40:41,1,-73.94028490052058,40.79326918953291,-73.88809826469229,40.80518441505312,N,1061
id0005495,2,2016-06-02 07:41:00,2016-06-02 08:07:25,1,-73.92863164219453,40.773858872055456,-73.84809939038384,40.76749523477697,N,1585
id0005496,2,2016-02-03 07:43:00,2016-02-03 08:01:20,6,-73.98847136302314,40.73096865175038,-74.01849742250353,40.74845185403405,N,1100
id0005497,2,2016-06-21 10:28:00,2016-06-21 10:41:12,6,-73.99143093229783,40.78454823804133,-73.94629101723335,40.78282452487493,N,792
id0005498,1,2016-05-09 06:27:00,2016-05-09 06:36:21,1,-73.89747268035528,40.79054683769207,-73.86162899445239,40.78653474774135,N,561
id0005499,1,2016-06-26 13:19:00,2016-06-26 13:46:19,1,-73.9861231978899,40.72341543945939,-73.99024153916992,40.80787319524633,N,1639
id0005500,2,2016-06-13 09:30:00,2016-06-13 09:49:19,1,-73.98083727712987,40.735813908507794,-73.92072551745767,40.71743179470196,N,1159
id0005501,2,2016-02-11 05:43:00,2016-02-11 05:58:07,1,-73.9583675750736,40.65785865658059,-73.96573057318604,40.715256797829454,N,907
id0005502,1,2016-06-20 06:57:00,2016-06-20 07:10:19,1,-73.99037934407748,40.708920301153384,-73.96709030753813,40.75956050852221,N,799
id0005503,1,2016-03-31 02:46:00,2016-03-31 02:55:57,6,-74.03011871775087,40.724588869780945,-74.08653836250129,40.742232142511405,N,597
id0005504,1,2016-02-17 00:51:00,2016-02-17 01:15:34,1,-73.9642118933462,40.76133747794727,-74.018708226703,40.69392286367154,N,1474
id0005505,1,2016-06-11 04:37:00,2016-06-11 04:48:00,1,-73.98713152555122,40.71545777942881,-73.93452450213573,40.71654479159152,N,660
id0005506,2,2016-03-26 15:11:00,2016-03-26 15:23:05,1,-73.88367626339391,40.734894660582796,-73.85887202887311,40.71688034407395,N,725
id0005507,2,2016-05-05 02:16:00,2016-05-05 02:19:26,3,-73.94163532973391,40.70286011932878,-73.94804588915112,40.7035632935292,N,206
id0005508,1,2016-04-21 00:45:00,2016-04-21 01:07:29,2,-74.01775152575436,40.76570012543391,-73.93189849171097,40.72849628770033,N,1349
id0005509,2,2016-02-24 08:55:00,2016-02-24 09:25:08,1,-73.94490168794452,40.777157156756324,-73.85952248271208,40.803626184973076,N,1808
id0005510,1,2016-06-27 21:40:00,2016-06-27 21:54:11,2,-73.96806737908979,40.776106440678895,-73.94830481910058,40.810580916627785,N,851
id0005511,2,2016-05-31 18:42:00,2016-05-31 19:18:13,3,-73.912981553393,40.75855625093574,-73.9784860337135,40.799507101508084,N,2173
id0005512,2,2016-04-06 07:36:00,2016-04-06 07:44:17,2,-74.0138449817056,40.68865171515744,-74.01886693616562,40.67527546008398,N,497
id0005513,2,2016-04-14 10:57:00,2016-04-14 11:12:27,1,-73.97462281184022,40.73010208512483,-74.01208899419002,40.69302220655319,N,927
id0005514,2,2016-01-13 15:57:00,2016-01-13 16:03:20,1,-73.99045015070008,40.73967119974567,-73.9864220391135,40.75198004932215,N,380
id0005515,1,2016-05-12 20:34:00,2016-05-12 20:52:26,2,-73.98178363173179,40.73985171091857,-74.02391700422777,40.801314312193774,N,1106
id0005516,1,2016-06-14 14:03:00,2016-06-14 14:15:54,1,-74.03368594219522,40.761374154809545,-74.08751610879442,40.76380279202102,N,774
id0005517,1,2016-06-25 10:22:00,2016-06-25 10:47:48,1,-73.95332485826478,40.8221493617567,-74.05514245423242,40.837979759770626,N,1548
id0005518,1,2016-04-11 21:59:00,2016-04-11 22:06:45,1,-73.96201196482828,40.79454432957081,-73.95448538572073,40.786322008964945,N,465
id0005519,1,2016-06-30 13:07:00,2016-06-30 13:28:48,1,-73.9143127010693,40.71356169990681,-74.01775704132436,40.69594024270046,N,1308
id0005520,2,2016-05-25 07:06:00,2016-05-25 07:18:21,1,-73.98555142185927,40.788528129388354,-73.99996225150306,40.81156778723951,N,741
id0005521,1,2016-04-01 21:03:00,2016-04-01 21:09:35,1,-74.00765117295364,40.78681360654496,-73.97640330915675,40.7831012696881,N,395
id0005522,2,2016-05-25 16:04:00,2016-05-25 16:25:22,1,-73.94158880921307,40.72172696371718,-73.97408311513726,40.735850265620705,N,1282
id0005523,2,2016-01-29 12:05:00,2016-01-29 12:17:44,1,-74.02868124098798,40.796198966518595,-74.07749852407295,40.813961706523294,N,764
id0005524,2,2016-05-02 23:36:00,2016-05-02 23:40:44,1,-73.92532585057039,40.75078305138246,-73.92837896366053,40.76294614075233,N,284
id0005525,2,2016-04-22 18:14:00,2016-04-22 18:25:08,1,-73.92544369014225,40.69455209294935,-73.96273093892364,40.71407702912792,N,668
id0005526,2,2016-03-30 18:16:00,2016-03-30 18:33:22,1,-73.9158496604376,40.778484122608674,-73.90749505390295,40.74862892196207,N,1042
id0005527,1,2016-04-27 04:21:00,2016-04-27 04:32:10,1,-73.96428573584262,40.76776328206265,-74.01076307979065,40.735772254590515,N,670
id0005528,2,2016-06-04 02:05:00,2016-06-04 02:09:34,6,-74.01175730104288,40.74775450668664,-74.01645952772111,40.74626275045539,N,274
id0005529,2,2016-04-14 03:07:00,2016-04-14 03:11:39,1,-73.9789946750532,40.75631461117575,-73.994583607536,40.75566496496661,N,279
id0005530,2,2016-03-09 23:36:00,2016-03-09 23:41:49,1,-73.96409621077065,40.72564115345002,-73.96461468346867,40.707359854514834,N,349
id0005531,1,2016-03-17 19:30:00,2016-03-17 19:57:04,1,-74.01580779048533,40.78545587267087,-73.94222596875456,40.793890883045385,N,1624
id0005532,1,2016-04-13 10:19:00,2016-04-13 10:30:40,1,-73.91167860410911,40.756044721447104,-73.90268711473784,40.787832331526296,N,700
id0005533,1,2016-04-15 20:15:00,2016-04-15 20:31:26,1,-73.95309537078373,40.76549019797767,-73.93039538528207,40.80705311357304,N,986
id0005534,1,2016-02-27 01:36:00,2016-02-27 01:51:42,3,-74.03407226254271,40.7740713865993,-74.06218795131589,40.82350055214195,N,942
id0005535,1,2016-04-07 04:41:00,2016-04-07 04:54:02,1,-73.88144194779439,40.70604364735082,-73.87139540894418,40.660025589143814,N,782
id0005536,1,2016-02-22 08:03:00,2016-02-22 08:15:46,1,-73.97964358986565,40.71775726401531,-73.992009744675,40.67705231393552,N,766
id0005537,2,2016-06-20 22:25:00,2016-06-20 22:29:36,1,-74.04517566735674,40.658552499317274,-74.04384114552487,40.64841491054682,N,276
id0005538,1,2016-04-07 07:03:00,2016-04-07 07:13:38,1,-74.0306639767511,40.78341340163207,-74.00146142606215,40.786223430567325,N,638
id0005539,1,2016-06-01 10:38:00,2016-06-01 10:46:19,1,-73.9031719021559,40.7034505489314,-73.92568242496702,40.69510591879641,N,499
id0005540,1,2016-03-10 01:36:00,2016-03-10 01:44:35,1,-73.88462582960807,40.76396563694531,-73.90253787422844,40.74462326038892,N,515
id0005541,2,2016-03-12 15:38:00,2016-03-12 15:45:04,1,-73.92947832205854,40.774694470122284,-73.95136698217622,40.76403983171538,N,424
id0005542,1,2016-02-22 12:04:00,2016-02-22 12:12:20,1,-73.91243802432771,40.78510587775017,-73.93519540828103,40.80202186153531,N,500
id0005543,2,2016-04-13 21:32:00,2016-04-13 21:47:48,1,-73.91808614976608,40.70381923887738,-73.91029056439027,40.65728245323966,N,948
id0005544,2,2016-04-22 03:50:00,2016-04-22 04:09:50,3,-73.95436961159798,40.75506772718367,-73.9707487982375,40.83708522822422,N,1190
id0005545,2,2016-04-13 00:31:00,2016-04-13 00:42:11,1,-73.96690270167039,40.833162618935454,-73.89949466530936,40.8338973929539,N,671
id0005546,2,2016-06-01 07:51:00,2016-06-01 08:30:43,4,-73.95530752430379,40.8351441605993,-73.83474520230006,40.8719238193973,N,2383
id0005547,2,2016-04-02 22:49:00,2016-04-02 23:03:30,1,-73.94451915062712,40.80242953923121,-73.97007655346054,40.78212936790745,N,870
id0005548,1,2016-05-29 10:18:00,2016-05-29 10:26:31,2,-74.02578789035896,40.77318719124685,-74.01255776173974,40.79328942698521,N,511
id0005549,2,2016-01-11 13:37:00,2016-01-11 13:50:44,1,-73.94474226988784,40.71277021250196,-73.89803192896535,40.71627340005096,N,824
id0005550,1,2016-03-06 12:32:00,2016-03-06 12:42:56,2,-73.90477607339866,40.7903379731426,-73.91673478118975,40.82032626692869,N,656
id0005551,2,2016-05-09 16:36:00,2016-05-09 16:48:52,1,-73.99635048355809,40.7508890447064,-74.04109808482684,40.74393640258257,N,772
id0005552,1,2016-03-10 19:02:00,2016-03-10 20:00:33,1,-74.0022286281927,40.78322377238728,-73.92401082917678,40.83752849723542,N,3513
id0005553,2,2016-05-13 02:11:00,2016-05-13 02:26:28,1,-73.95878995299188,40.729522044531656,-73.92791287477064,40.67730008986961,N,928
id0005554,1,2016-04-17 17:27:00,2016-04-17 17:41:52,5,-74.02073116527245,40.75021800992221,-74.00639009488866,40.78344609397914,N,892
id0005555,1,2016-03-29 02:55:00,2016-03-29 03:08:59,1,-74.05742502391452,40.76538663120344,-73.99215151590863,40.7695418226471,N,839
id0005556,2,2016-04-11 12:38:00,2016-04-11 12:49:54,2,-73.92187545279421,40.76908251411723,-73.88721495997214,40.73344107967418,N,714
id0005557,1,2016-06-13 02:04:00,2016-06-13 02:20:24,3,-74.00980231930129,40.780217522150714,-74.01195939591952,40.848539827602366,N,984
id0005558,2,2016-05-03 12:00:00,2016-05-03 12:24:24,1,-73.98398532817039,40.73193622569638,-74.0279337171293,40.79664064612624,N,1464
id0005559,2,2016-06-28 01:46:00,2016-06-28 02:04:20,3,-74.01855687725545,40.69755219965504,-74.04075680575454,40.62496672358622,N,1100
id0005560,1,2016-01-18 10:15:00,2016-01-18 10:32:01,1,-73.91477848517978,40.83111532679549,-73.86056144093955,40.837302780352594,N,1021
id0005561,1,2016-05-27 22:48:00,2016-05-27 22:59:33,1,-73.93807531129438,40.870016437606054,-73.90738145682793,40.89471462702163,N,693
id0005562,1,2016-06-11 04:59:00,2016-06-11 05:04:01,1,-73.99824067476345,40.77813393200411,-74.00664067263544,40.79359360029523,N,301
id0005563,2,2016-06-17 20:54:00,2016-06-17 21:17:25,2,-74.04989435506195,40.69842035573715,-73.97039901130965,40.75146389202689,N,1405
id0005564,2,2016-04-08 02:48:00,2016-04-08 03:01:25,1,-74.0040811392672,40.723206219742075,-74.01115609715478,40.76897336450509,N,805
id0005565,2,2016-03-29 17:24:00,2016-03-29 17:45:36,1,-73.95364160150277,40.780910290607295,-73.90920329326987,40.79019184807839,N,1296
id0005566,1,2016-04-16 05:37:00,2016-04-16 05:57:46,1,-73.97462503627561,40.81835020252566,-73.9647232791477,40.898048828960064,N,1246
id0005567,1,2016-06-15 09:24:00,2016-06-15 09:54:29,2,-73.97899960755514,40.70341992144562,-73.89201672087111,40.73620954974039,N,1829
id0005568,2,2016-06-06 18:00:00,2016-06-06 18:11:01,1,-73.97335656822916,40.752405023061804,-73.93946952131141,40.740105515730576,N,661
id0005569,1,2016-06-19 04:11:00,2016-06-19 04:19:04,1,-73.9432662072676,40.76681694289998,-73.941189030613,40.747484777080984,N,484
id0005570,1,2016-06-25 08:51:00,2016-06-25 09:07:11,1,-73.98730225622357,40.796906030307866,-73.99534832276808,40.840422982911946,N,971
id0005571,1,2016-04-23 11:44:00,2016-04-23 11:53:26,1,-73.96024926022473,40.74253795075199,-73.96094102277253,40.714784552823424,N,566
id0005572,2,2016-02-17 03:28:00,2016-02-17 03:38:06,1,-74.03928055642598,40.68762833889052,-74.07192343362739,40.67328749910947,N,606
id0005573,1,2016-01-28 10:20:00,2016-01-28 10:32:25,3,-73.84453820726635,40.785953890175385,-73.90603984845559,40.77756887397447,N,745
id0005574,2,2016-06-12 08:59:00,2016-06-12 09:06:22,1,-74.0006122625624,40.808615818432706,-73.98671917000749,40.82106368719737,N,442
id0005575,2,2016-01-28 17:16:00,2016-01-28 17:32:26,1,-73.97380238456638,40.75428338422147,-73.99781071766778,40.74751234151782,N,986
id0005576,2,2016-01-13 19:31:00,2016-01-13 19:52:51,3,-73.95384439613676,40.776235804108794,-73.9779722809308,40.73014182273199,N,1311
id0005577,1,2016-03-26 23:01:00,2016-03-26 23:14:54,1,-74.00759347818203,40.736647894675784,-74.01159128882666,40.77732068550546,N,834
id0005578,1,2016-05-15 06:20:00,2016-05-15 06:24:40,2,-73.98456963631628,40.71994022423734,-73.98221958158841,40.70578627152986,N,280
id0005579,1,2016-05-13 21:00:00,2016-05-13 21:19:37,1,-73.98523785989387,40.80418915562463,-73.98490593937255,40.874886890032606,N,1177
id0005580,1,2016-02-16 06:06:00,2016-02-16 06:20:43,1,-74.03527209509153,40.775437313151656,-73.95704880426015,40.78607696340575,N,883
id0005581,2,2016-04-01 06:05:00,2016-04-01 06:22:34,2,-73.96087758159531,40.780066586973085,-73.9310705055393,40.82441884892716,N,1054
id0005582,1,2016-06-11 18:48:00,2016-06-11 19:20:54,3,-74.07570720110422,40.82559518165976,-73.98085550007936,40.84767533465609,N,1974
id0005583,1,2016-05-25 13:44:00,2016-05-25 13:59:14,1,-73.88860103566708,40.71053209495567,-73.90835560231098,40.756559064456646,N,914
id0005584,2,2016-06-15 20:20:00,2016-06-15 20:36:36,1,-73.94138660132619,40.73315881793283,-73.90611917238542,40.753120682802084,N,996
id0005585,1,2016-05-20 02:26:00,2016-05-20 02:31:18,1,-73.94984827032907,40.76510700069756,-73.96710183465741,40.773337909887275,N,318
id0005586,1,2016-01-17 14:08:00,2016-01-17 14:18:12,3,-74.08051531618383,40.73260590430075,-74.10576624979045,40.77086909751573,N,612
id0005587,1,2016-02-07 01:21:00,2016-02-07 01:45:39,1,-74.02858907703111,40.79324114408726,-73.93203965884283,40.88025016809798,N,1479
id0005588,2,2016-01-31 18:23:00,2016-01-31 18:37:48,1,-73.90858601835572,40.74956703505932,-73.94315269047851,40.74012414220815,N,888
id0005589,2,2016-01-25 03:54:00,2016-01-25 04:13:07,1,-73.75668172316283,40.71333602366263,-73.85710975330784,40.741158468233,N,1147
id0005590,1,2016-06-05 05:53:00,2016-06-05 05:58:57,1,-73.91929191442186,40.76095972538345,-73.95114963333428,40.7607761530956,N,357
id0005591,1,2016-05-08 11:05:00,2016-05-08 11:19:05,1,-73.92796811243619,40.76566524468631,-74.01834267721482,40.783377310403566,N,845
id0005592,1,2016-06-15 07:10:00,2016-06-15 07:19:22,4,-73.95612641745372,40.800060692830336,-73.99893602000195,40.80153624234551,N,562
id0005593,1,2016-02-28 07:25:00,2016-02-28 08:01:25,1,-74.03161234576406,40.775691340641636,-74.0702523077023,40.70017033964177,N,2185
id0005594,2,2016-06-27 07:52:00,2016-06-27 07:59:42,1,-73.93026542542398,40.7787515876112,-73.92867774600566,40.77174505249036,N,462
id0005595,1,2016-06-18 12:20:00,2016-06-18 12:42:58,3,-74.04556640354033,40.772413125780325,-74.13779825176795,40.80739755332863,N,1378
id0005596,2,2016-01-20 07:06:00,2016-01-20 07:21:22,6,-74.05158218408269,40.749529986541866,-73.99776433390905,40.722747754727465,N,922
id0005597,2,2016-06-07 01:38:00,2016-06-07 02:05:10,3,-74.05504411289911,40.72577013981999,-74.13945372975246,40.758003265327496,N,1630
id0005598,1,2016-01-21 03:48:00,2016-01-21 03:50:35,2,-73.93133525444242,40.77099772582468,-73.93708404146184,40.77742404657834,N,155
id0005599,2,2016-03-23 03:00:00,2016-03-23 03:04:42,5,-73.98815777302102,40.74300938553524,-74.00274473951546,40.73630721695534,N,282
id0005600,1,2016-02-02 21:39:00,2016-02-02 21:52:20,1,-73.97945280450526,40.83404201791985,-73.9423120383097,40.86574555640477,N,800
id0005601,1,2016-04-15 15:38:00,2016-04-15 15:47:37,3,-73.98584721653779,40.8183982032648,-73.97002776916726,40.84223430728955,N,577
id0005602,1,2016-01-04 05:13:00,2016-01-04 05:27:37,1,-74.0469144097659,40.786477760955826,-73.99350512830917,40.80119690844776,N,877
id0005603,2,2016-06-03 04:09:00,2016-06-03 04:19:37,1,-74.02189019983096,40.77503101226819,-74.03815559796998,40.8105875193655,N,637
id0005604,1,2016-03-27 16:42:00,2016-03-27 16:49:27,1,-74.01912344134394,40.75404184270585,-74.040037044179,40.76115028389145,N,447
id0005605,2,2016-06-07 14:08:00,2016-06-07 14:22:54,1,-74.0622899295974,40.701249432089384,-74.04371433527001,40.64368612093477,N,894
id0005606,2,2016-03-19 20:52:00,2016-03-19 21:03:45,2,-74.01273155524152,40.74827224995052,-73.96641747066276,40.735038019390885,N,705
id0005607,2,2016-04-11 08:51:00,2016-04-11 09:29:50,4,-74.04447185510179,40.76256300150324,-74.0073437457781,40.69940891670594,N,2330
id0005608,2,2016-05-14 07:53:00,2016-05-14 08:06:16,1,-73.95322784041231,40.76832554135001,-73.93874620080626,40.79133331026731,N,796
id0005609,2,2016-06-25 21:18:00,2016-06-25 21:27:36,3,-73.94864659148182,40.779129136515714,-73.93817677887976,40.81049613089097,N,576
id0005610,2,2016-03-09 02:46:00,2016-03-09 02:58:07,2,-74.0561501517452,40.7994598589045,-74.05778316231623,40.83241943737915,N,727
id0005611,2,2016-04-04 19:35:00,2016-04-04 19:48:11,1,-74.00131474703365,40.72685306677382,-73.98286788963196,40.743971381246865,N,791
id0005612,2,2016-02-29 01:04:00,2016-02-29 01:19:39,2,-73.88291670652758,40.7272615976756,-73.79134465652602,40.761138977204226,N,939
id0005613,1,2016-01-08 11:33:00,2016-01-08 11:55:43,1,-74.03894195937231,40.823288550588444,-74.04985776154237,40.76810743374908,N,1363
id0005614,1,2016-06-07 21:34:00,2016-06-07 21:40:05,1,-73.96153492002126,40.792694171513695,-73.97793697728495,40.7889293292509,N,365
id0005615,1,2016-04-12 09:51:00,2016-04-12 10:19:16,1,-73.97919629362984,40.740415307604,-73.99904380759773,40.69089324799572,N,1696
id0005616,2,2016-03-08 18:42:00,2016-03-08 18:50:27,4,-73.92489118431875,40.75317549739715,-73.90736941020324,40.74063396094895,N,507
id0005617,2,2016-05-21 09:57:00,2016-05-21 10:24:40,1,-73.96874932372535,40.75337787239963,-74.0642278608347,40.80994668315728,N,1660
id0005618,1,2016-05-29 00:02:00,2016-05-29 00:10:46,1,-74.0087212512858,40.75942083550267,-74.01479902792686,40.79768413688508,N,526
id0005619,1,2016-06-28 06:11:00,2016-06-28 06:24:07,1,-73.981327973319,40.77927073915074,-73.94169886501275,40.802450728377345,N,787
id0005620,2,2016-03-20 12:04:00,2016-03-20 12:10:38,2,-73.98052465308254,40.872074673574495,-74.00420503880633,40.865717965573474,N,398
id0005621,1,2016-01-20 04:14:00,2016-01-20 04:24:09,4,-73.99004323502555,40.76653904525232,-73.98164152668393,40.731763227796726,N,609
id0005622,1,2016-03-29 07:53:00,2016-03-29 08:18:20,1,-74.05755113004282,40.78781691676914,-73.96263103419403,40.794362885701595,N,1520
id0005623,2,2016-03-21 04:15:00,2016-03-21 04:25:22,3,-73.91663012658212,40.68210854822144,-73.90170813220807,40.72098220233522,N,622
id0005624,2,2016-02-07 18:16:00,2016-02-07 18:53:15,1,-73.92634615266746,40.73617950032496,-74.02711135062538,40.75052500244903,N,2235
id0005625,2,2016-04-16 18:29:00,2016-04-16 19:00:23,1,-74.04243039647784,40.81329667512225,-74.10587519297292,40.757797497500796,N,1883
id0005626,2,2016-03-16 08:50:00,2016-03-16 08:56:54,1,-74.0015399097701,40.77610419261105,-74.01283505608411,40.779765574010106,N,414
id0005627,1,2016-06-09 10:13:00,2016-06-09 10:22:14,1,-73.99737971181447,40.6,-74.03355187768403,40.58,N,554
id0005628,1,2016-01-09 16:22:00,2016-01-09 16:37:27,2,-74.04860853402748,40.78833104410423,-74.04395628976646,40.81647747826294,N,927
id0005629,2,2016-05-10 07:00:00,2016-05-10 07:11:26,1,-74.08767379472692,40.844317397758296,-74.1009297157296,40.82006212657596,N,686
id0005630,2,2016-04-19 13:15:00,2016-04-19 13:34:33,1,-74.02188259585517,40.66818415862461,-73.96940937687776,40.62537490962976,N,1173
id0005631,1,2016-02-12 02:05:00,2016-02-12 02:18:28,5,-74.00460212871381,40.826372445404054,-74.05371204383675,40.85500001859968,N,808
id0005632,1,2016-03-05 03:24:00,2016-03-05 03:32:07,4,-74.06426783333502,40.63326199662183,-74.07360530553298,40.652840220923274,N,487
id0005633,2,2016-06-05 09:48:00,2016-06-05 09:56:25,1,-73.97526622297529,40.8002099525274,-73.96548959104791,40.8083439162119,N,505
id0005634,2,2016-03-07 06:20:00,2016-03-07 06:42:16,2,-73.9210429033176,40.75761081182945,-73.90569185336001,40.83432058997974,N,1336
id0005635,2,2016-04-30 21:24:00,2016-04-30 21:34:02,6,-73.93868361196091,40.652251295313995,-73.9320773753249,40.674476289582955,N,602
id0005636,1,2016-04-03 06:44:00,2016-04-03 07:07:08,1,-73.99196771092373,40.77807620222579,-74.10047501497485,40.75550270967833,N,1388
id0005637,2,2016-06-11 22:02:00,2016-06-11 22:13:04,1,-74.08622264330866,40.809787788711844,-74.0824744997983,40.82795992407382,N,664
id0005638,1,2016-04-30 05:22:00,2016-04-30 05:28:35,1,-73.94563637126375,40.774374915171975,-73.95242031804314,40.7643622081531,N,395
id0005639,2,2016-05-31 20:32:00,2016-05-31 20:45:28,2,-73.97694843070146,40.78431724366769,-73.93806349182037,40.82865380243408,N,808
id0005640,1,2016-06-13 10:55:00,2016-06-13 11:08:08,1,-73.961660688993,40.739474574944744,-73.92912702510738,40.749308777183806,N,788
id0005641,2,2016-01-24 12:37:00,2016-01-24 12:43:02,2,-73.87851434598336,40.67423746101505,-73.86767634298866,40.68753477605307,N,362
id0005642,1,2016-05-31 17:45:00,2016-05-31 18:04:21,1,-74.03036463962418,40.78913388100517,-74.01627225384593,40.73865098664834,N,1161
id0005643,2,2016-06-23 19:20:00,2016-06-23 19:42:06,1,-74.1,40.836738926375084,-74.03914276053466,40.838886233057686,N,1326
id0005644,2,2016-01-07 14:08:00,2016-01-07 14:22:02,2,-74.04294000177954,40.80883113844024,-73.99117667696024,40.80686183354096,N,842
id0005645,2,2016-03-23 16:22:00,2016-03-23 16:38:04,1,-73.95826752124528,40.66854558766794,-73.94587758114352,40.632698116735575,N,964
id0005646,2,2016-02-16 09:13:00,2016-02-16 09:50:11,5,-73.98351907540386,40.68982975167551,-73.88697525246069,40.6820771996519,N,2231
id0005647,1,2016-06-27 19:47:00,2016-06-27 20:04:10,1,-74.05185998712793,40.719931451619125,-74.08012882173298,40.735182787144566,N,1030
id0005648,2,2016-03-05 01:22:00,2016-03-05 01:31:48,1,-74.0630844560747,40.686316104692395,-74.1164293959389,40.686163868715354,N,588
id0005649,1,2016-02-04 00:50:00,2016-02-04 01:04:04,2,-74.00450349586995,40.75998854638002,-74.00499120617992,40.710565057174584,N,844
id0005650,2,2016-01-18 09:39:00,2016-01-18 09:45:47,1,-74.05353520684349,40.77570371123313,-74.07035665063916,40.76614112207123,N,407
id0005651,1,2016-05-24 09:12:00,2016-05-24 09:47:27,1,-73.956365161996,40.6936386022541,-74.06730552092206,40.6772577346377,N,2127
id0005652,1,2016-01-11 16:49:00,2016-01-11 17:03:44,1,-74.00762847887444,40.7929707806674,-74.03698561532406,40.799743753973495,N,884
id0005653,2,2016-02-25 11:45:00,2016-02-25 11:50:33,1,-74.01949148363825,40.785049677480906,-74.00403015171703,40.78804331714721,N,333
id0005654,2,2016-04-10 21:35:00,2016-04-10 21:40:55,1,-74.02670520216077,40.73333283938204,-74.02931645071976,40.718926382208124,N,355
id0005655,1,2016-01-09 03:42:00,2016-01-09 03:54:33,1,-73.97052825003807,40.75023651063072,-74.00546901356431,40.7344632901109,N,753
id0005656,2,2016-02-01 19:31:00,2016-02-01 19:34:24,1,-73.9826564926932,40.67025894709562,-73.98075184431318,40.672611737675076,N,204
id0005657,2,2016-06-29 21:58:00,2016-06-29 22:10:33,1,-73.97389235015756,40.74304820296708,-73.96835408859161,40.77675238939161,N,753
id0005658,2,2016-03-24 07:55:00,2016-03-24 08:05:44,5,-73.97509288059068,40.758332323835866,-73.94291453331692,40.768084742130654,N,644
id0005659,1,2016-02-25 05:50:00,2016-02-25 06:03:31,1,-73.98897075451282,40.76559364178527,-74.0178382835616,40.815401068170445,N,811
id0005660,1,2016-06-07 07:14:00,2016-06-07 07:42:36,1,-74.0418221820902,40.77504946104091,-74.00249862651695,40.81471114530037,N,1716
id0005661,1,2016-01-15 15:42:00,2016-01-15 16:03:54,1,-74.02517090697022,40.76899087844538,-74.07424984081189,40.8213747658127,N,1314
id0005662,2,2016-02-18 01:55:00,2016-02-18 02:12:55,2,-74.00670711978265,40.74610453362305,-74.02935908114664,40.79400650143615,N,1075
id0005663,1,2016-06-05 14:39:00,2016-06-05 15:05:33,1,-73.87141426190514,40.770878772414946,-73.79495956783312,40.82558200550087,N,1593
id0005664,1,2016-05-17 00:42:00,2016-05-17 00:57:02,1,-74.05918599762292,40.80309143969897,-74.10526049716479,40.76273144133248,N,902
id0005665,1,2016-03-19 15:03:00,2016-03-19 15:14:20,4,-74.00804370768243,40.75370258670107,-74.03768823675082,40.77636250642794,N,680
id0005666,1,2016-06-27 11:55:00,2016-06-27 12:20:27,5,-73.97959531169393,40.77229177008743,-74.03598530942067,40.814932989437665,N,1527
id0005667,1,2016-04-14 21:56:00,2016-04-14 22:19:21,3,-74.00168330142999,40.749622302180114,-74.03891028867903,40.79858825844509,N,1401
id0005668,1,2016-05-15 15:51:00,2016-05-15 15:59:59,1,-73.92593167522092,40.72889584875842,-73.91970533310963,40.701920690302934,N,539
id0005669,2,2016-06-28 05:47:00,2016-06-28 05:55:20,1,-74.00196738617765,40.78152958501129,-73.97017298299973,40.804537903383896,N,500
id0005670,2,2016-04-01 18:52:00,2016-04-01 18:55:20,1,-73.99789977695329,40.733014832512346,-73.99873849296164,40.73564693978561,N,200
id0005671,1,2016-03-28 11:44:00,2016-03-28 11:59:51,1,-73.9401954317511,40.775376610544654,-73.95480647496603,40.84002371869992,N,951
id0005672,1,2016-04-30 18:48:00,2016-04-30 19:30:02,1,-73.88541085853949,40.75927149171795,-73.94133568341489,40.71071628486415,N,2522
id0005673,2,2016-01-13 05:05:00,2016-01-13 05:16:08,1,-73.90758758943284,40.7443229395566,-73.94030845991603,40.7173978042068,N,668
id0005674,2,2016-03-19 00:11:00,2016-03-19 00:27:24,1,-73.992515963626,40.7432335725534,-74.06208757456845,40.67986138867972,N,984
id0005675,1,2016-05-05 19:06:00,2016-05-05 19:17:59,1,-73.98772328164529,40.7351345553413,-73.95457809852549,40.740196125387456,N,719
id0005676,1,2016-03-09 23:27:00,2016-03-09 23:44:37,2,-73.98243044153686,40.683938947255996,-73.94615714759775,40.76317335668043,N,1057
id0005677,2,2016-05-09 07:53:00,2016-05-09 07:55:07,1,-73.97691503253456,40.775230279282276,-73.97873517450448,40.773678322633614,N,127
id0005678,2,2016-03-14 09:45:00,2016-03-14 09:52:18,3,-74.03160414628913,40.768419607137524,-74.01173885201432,40.77195577342587,N,438
id0005679,2,2016-02-05 08:18:00,2016-02-05 08:38:14,1,-73.93348734106296,40.79623516136019,-73.89405687526234,40.815493518332,N,1214
id0005680,2,2016-01-27 15:02:00,2016-01-27 15:05:24,1,-73.97363649797525,40.7340844393962,-73.96908209802953,40.730014272420945,N,204
id0005681,1,2016-04-09 06:21:00,2016-04-09 06:36:40,5,-73.98746709038484,40.84329226314645,-73.92475460960517,40.85610317381649,N,940
id0005682,1,2016-02-05 05:20:00,2016-02-05 05:33:04,1,-74.05491299571075,40.74091188234677,-74.10098366704163,40.75463929077325,N,784
id0005683,1,2016-03-08 04:45:00,2016-03-08 04:52:47,3,-73.98157425853302,40.71862006610124,-73.99726441879527,40.68902558327797,N,467
id0005684,1,2016-04-04 15:09:00,2016-04-04 15:14:09,2,-74.08912667667714,40.71328417860708,-74.11017507423928,40.709992543702846,N,309
id0005685,2,2016-01-10 02:03:00,2016-01-10 02:11:30,6,-74.01699071392177,40.67997349185467,-73.98786499969044,40.70594114428182,N,510
id0005686,1,2016-03-17 12:22:00,2016-03-17 12:36:07,1,-74.01597037385636,40.826968255157695,-74.08050673367603,40.8594684192374,N,847
id0005687,2,2016-02-26 17:04:00,2016-02-26 17:32:56,1,-73.96921526438018,40.81969803258459,-73.90405640706003,40.86514559055139,N,1736
id0005688,1,2016-02-27 03:18:00,2016-02-27 03:25:59,1,-73.88160824862801,40.78503353232982,-73.85632840150573,40.79677379466722,N,479
id0005689,1,2016-06-14 12:50:00,2016-06-14 13:12:19,2,-73.9535450893884,40.71767600365009,-73.87478183812058,40.730128503543646,N,1339
id0005690,1,2016-06-17 07:55:00,2016-06-17 08:13:24,1,-73.90533788600504,40.83950704567016,-73.90716359060735,40.86576351595267,N,1104
id0005691,2,2016-02-24 15:28:00,2016-02-24 15:39:05,1,-73.9495133304793,40.74217263773153,-73.97427769893358,40.72135568025653,N,665
id0005692,2,2016-06-09 07:55:00,2016-06-09 08:08:43,6,-73.92312205806718,40.74589383759481,-73.89355228402793,40.723641570775186,N,823
id0005693,1,2016-02-10 14:20:00,2016-02-10 14:28:17,1,-73.88285799558813,40.82267665861963,-73.83648256708199,40.818308733601725,N,497
id0005694,2,2016-03-04 03:09:00,2016-03-04 03:23:39,1,-74.02525102577663,40.78765097630164,-74.05739996359785,40.74302535681725,N,879
id0005695,1,2016-06-20 05:54:00,2016-06-20 06:15:46,2,-74.02884074387723,40.85704964124396,-74.1187325867185,40.87129116825346,N,1306
id0005696,2,2016-01-19 11:48:00,2016-01-19 12:11:59,1,-73.94821540047374,40.76919250171436,-74.03039734310899,40.80591037298025,N,1439
id0005697,1,2016-03-10 14:00:00,2016-03-10 14:07:05,1,-73.98520231497342,40.74013361401896,-73.97343999331031,40.71528208644962,N,425
id0005698,2,2016-05-26 12:18:00,2016-05-26 12:34:01,1,-73.97288053919561,40.73046878024431,-73.90357201674135,40.745699001890294,N,961
id0005699,2,2016-06-20 04:21:00,2016-06-20 04:34:47,1,-73.99867667906591,40.67488517202642,-74.05721441903852,40.652865585243454,N,827
id0005700,1,2016-06-21 15:08:00,2016-06-21 15:23:08,1,-74.01779422943636,40.745463190223724,-74.03005071488155,40.7098830476539,N,908
id0005701,1,2016-06-09 04:51:00,2016-06-09 05:10:12,2,-73.89585794321738,40.80950670024723,-73.91153817306781,40.881451336778824,N,1152
id0005702,2,2016-06-24 12:43:00,2016-06-24 13:04:47,1,-74.04549236126009,40.784947537769526,-73.95906841823496,40.749869378008924,N,1307
id0005703,2,2016-03-26 14:59:00,2016-03-26 15:23:02,1,-73.94724842574172,40.75891386029522,-73.84560711685279,40.71413768416215,N,1442
id0005704,1,2016-02-28 19:17:00,2016-02-28 19:26:36,6,-73.95616744428483,40.71322795002827,-73.93706707331211,40.7207429889252,N,576
id0005705,1,2016-03-11 01:30:00,2016-03-11 01:38:45,2,-74.07184573136637,40.76820928581058,-74.0314357148549,40.777607537556705,N,525
id0005706,2,2016-01-22 22:51:00,2016-01-22 23:03:33,1,-74.03069291814964,40.80357661673379,-73.9915339634054,40.82692974167544,N,753
id0005707,1,2016-01-26 01:33:00,2016-01-26 01:55:30,5,-74.02144798085224,40.777382366541154,-74.07906245148585,40.847425348414,N,1350
id0005708,1,2016-06-26 04:59:00,2016-06-26 05:11:43,1,-73.95394787376759,40.7655030826335,-73.92251433807297,40.738303539101686,N,763
id0005709,1,2016-02-04 16:36:00,2016-02-04 17:03:01,1,-74.00518693082618,40.72213690560235,-74.05106922203468,40.70189161627326,N,1621
id0005710,2,2016-04-22 04:02:00,2016-04-22 04:14:40,5,-73.9897074393636,40.79702318163504,-73.99742655166754,40.85333137404078,N,760
id0005711,1,2016-02-12 07:18:00,2016-02-12 07:43:03,1,-74.06517060463416,40.617064283156516,-74.01388243760542,40.64993361494922,N,1503
id0005712,1,2016-04-30 20:32:00,2016-04-30 20:42:07,1,-73.85707485558066,40.77522805689893,-73.85343285591935,40.80323090372059,N,607
id0005713,2,2016-03-26 14:30:00,2016-03-26 14:44:05,2,-73.98108424096932,40.87366448914251,-73.93147190112161,40.853019084799755,N,845
id0005714,1,2016-01-20 03:05:00,2016-01-20 03:27:05,1,-73.95755495064867,40.69012319757007,-73.89908809575918,40.72952928528449,N,1325
id0005715,2,2016-03-08 17:23:00,2016-03-08 17:56:59,1,-74.01473440187108,40.747138374538444,-74.09379641816089,40.77524977324478,N,2039
id0005716,2,2016-05-12 23:47:00,2016-05-13 00:05:58,2,-74.02089450298872,40.75764400544439,-74.11889089331835,40.76427780982857,N,1138
id0005717,1,2016-05-25 16:04:00,2016-05-25 16:20:30,1,-73.87980234397756,40.737183773367455,-73.82750818351016,40.71671130000928,N,990
id0005718,2,2016-02-22 16:46:00,2016-02-22 17:06:12,1,-74.09041968838537,40.80463684091516,-74.03631135673689,40.808371185318755,N,1212
id0005719,1,2016-02-23 23:52:00,2016-02-24 00:07:11,1,-73.96967441123631,40.77926029564599,-73.95812765350267,40.836957336742906,N,911
id0005720,2,2016-05-12 18:53:00,2016-05-12 19:07:03,1,-74.05163271401094,40.76485351676463,-74.03398299324877,40.7265646454235,N,843
id0005721,1,2016-03-18 06:18:00,2016-03-18 06:30:29,1,-74.00727506349183,40.79387726525262,-73.9670879170781,40.7658842978704,N,749
id0005722,1,2016-01-13 18:26:00,2016-01-13 18:48:15,2,-74.02009519572206,40.75875378190823,-73.98074679471124,40.73678069668076,N,1335
id0005723,2,2016-01-23 07:59:00,2016-01-23 08:07:06,1,-74.03922877258806,40.9,-74.0529170518047,40.885621259539654,N,486
id0005724,1,2016-03-09 00:16:00,2016-03-09 00:26:42,2,-73.98305070486614,40.76481061201456,-73.94003744427586,40.76425982798632,N,642
id0005725,2,2016-02-19 08:41:00,2016-02-19 08:56:04,1,-74.1,40.76678769443204,-74.11559129166392,40.800337680419105,N,904
id0005726,2,2016-01-22 15:14:00,2016-01-22 15:21:53,1,-74.00235186650553,40.681028937769206,-73.99139206696812,40.697178431773814,N,473
id0005727,2,2016-05-22 12:13:00,2016-05-22 12:15:59,5,-73.98996594864425,40.73354473527135,-73.9809649381461,40.73567417203897,N,179
id0005728,1,2016-03-24 12:35:00,2016-03-24 12:45:10,1,-74.05976021005233,40.809631995680995,-74.0984349694904,40.81932676730881,N,610
id0005729,1,2016-05-08 16:36:00,2016-05-08 16:54:15,1,-73.90177297032028,40.69790444173381,-73.93520739819968,40.71974412534652,N,1095
id0005730,2,2016-01-01 08:40:00,2016-01-01 09:24:07,6,-74.01769521061385,40.66090992715642,-73.91716031115868,40.60205021903838,N,2647
id0005731,2,2016-03-14 04:53:00,2016-03-14 05:08:55,1,-73.99806163333557,40.75945419620344,-74.0381964922104,40.79695964291486,N,955
id0005732,1,2016-03-28 00:04:00,2016-03-28 00:12:50,1,-74.0175720540153,40.81968350283638,-74.0009238870158,40.79075904983535,N,530
id0005733,2,2016-04-15 02:24:00,2016-04-15 02:31:04,1,-73.98948613662368,40.75990715529133,-73.96339517368268,40.74438429230012,N,424
id0005734,1,2016-06-25 04:37:00,2016-06-25 04:41:29,1,-73.91305207485716,40.74287439288182,-73.91549180796484,40.75478962914144,N,269
id0005735,2,2016-03-24 10:00:00,2016-03-24 10:09:44,1,-73.8489841307842,40.67436804280166,-73.81876708369286,40.67172883882152,N,584
id0005736,2,2016-03-30 01:22:00,2016-03-30 01:31:23,1,-73.94398984379646,40.7783514355216,-73.92918559682319,40.79539400095987,N,563
id0005737,1,2016-06-11 22:19:00,2016-06-11 22:29:33,2,-73.92516034281655,40.78775737989974,-73.96432166248184,40.792721357045714,N,633
id0005738,1,2016-03-13 12:20:00,2016-03-13 12:29:34,1,-73.89059648851875,40.67782203754045,-73.86643971028252,40.6676954074933,N,574
id0005739,1,2016-03-12 20:00:00,2016-03-12 20:20:15,1,-73.97131209077784,40.80905396019138,-73.99582387980134,40.86256049611955,N,1215
id0005740,2,2016-01-30 01:50:00,2016-01-30 02:08:27,1,-73.89863620195135,40.79245629866515,-73.82030608870129,40.817238592285506,N,1107
id0005741,1,2016-05-11 10:11:00,2016-05-11 10:16:08,3,-73.94141793771853,40.80895421741463,-73.92210730024375,40.81952832379438,N,308
id0005742,2,2016-01-04 13:05:00,2016-01-04 13:18:10,4,-73.97708069523786,40.7842586291325,-74.00858760391169,40.80849682356258,N,790
id0005743,2,2016-02-09 18:32:00,2016-02-09 18:46:01,1,-73.96573124310517,40.787415721896515,-73.95032821317749,40.76272918965175,N,841
id0005744,1,2016-03-17 02:14:00,2016-03-17 02:36:01,1,-74.08517793298523,40.781432440441584,-74.12679638273616,40.85754945140517,N,1321
id0005745,1,2016-03-20 00:08:00,2016-03-20 00:19:37,1,-73.96893344067546,40.79708125446756,-73.95733338207575,40.75901395242965,N,697
id0005746,2,2016-01-08 00:29:00,2016-01-08 00:33:16,2,-74.06990611362454,40.676155900389425,-74.08006251415954,40.68011680342969,N,256
id0005747,2,2016-04-06 08:07:00,2016-04-06 08:21:59,4,-74.0743898033386,40.69045232548704,-74.1115990059163,40.680427405735415,N,899
id0005748,1,2016-06-25 21:34:00,2016-06-25 21:46:34,1,-73.97439167210361,40.724879644491466,-74.01216653485777,40.71352514135152,N,754
id0005749,2,2016-01-20 01:05:00,2016-01-20 01:26:55,1,-74.046274322736,40.75215809227474,-73.93670228111866,40.736259105803725,N,1315
id0005750,1,2016-03-30 20:02:00,2016-03-30 20:10:07,2,-73.98539125632169,40.77546616154887,-73.98127860364511,40.74845631151392,N,487
id0005751,2,2016-04-16 21:50:00,2016-04-16 22:03:16,3,-73.97738610143575,40.7726106743953,-73.99681436384407,40.81420265156358,N,796
id0005752,1,2016-02-28 23:21:00,2016-02-28 23:32:09,1,-73.97493227195505,40.808269761515525,-74.00215360894344,40.76610516370513,N,669
id0005753,1,2016-04-14 14:08:00,2016-04-14 14:24:54,1,-74.03472667738731,40.80968228843612,-74.0135242027567,40.84410702489006,N,1014
id0005754,2,2016-03-03 00:38:00,2016-03-03 00:47:10,1,-73.93557246896353,40.71874267012678,-73.96430479051843,40.741441490842014,N,550
id0005755,1,2016-01-29 21:25:00,2016-01-29 21:36:55,1,-73.98990793800563,40.768735924952274,-74.03916574651585,40.7554047353435,N,715
id0005756,1,2016-06-01 22:53:00,2016-06-01 23:00:16,3,-73.96074083759059,40.71984758035252,-73.96219948545128,40.73848883528531,N,436
id0005757,2,2016-06-30 18:06:00,2016-06-30 18:09:59,1,-74.05080417876708,40.749528883274095,-74.0526027877789,40.74400241765471,N,239
id0005758,2,2016-03-11 05:41:00,2016-03-11 05:52:10,2,-73.99480801562378,40.772480611607186,-74.01357458964397,40.733945389759356,N,670
id0005759,2,2016-01-17 20:00:00,2016-01-17 20:15:35,1,-73.92464880342014,40.60460795655877,-73.96475695599493,40.58,N,935
id0005760,2,2016-01-30 18:10:00,2016-01-30 18:25:14,1,-73.93164023025052,40.86650598178379,-73.94923395228668,40.889446434860226,N,914
id0005761,2,2016-06-11 22:41:00,2016-06-11 22:50:28,1,-74.02885109756085,40.78348839048289,-74.04998477895504,40.80461335181186,N,568
id0005762,1,2016-06-09 07:26:00,2016-06-09 07:37:36,1,-74.01500570048161,40.7311933526064,-74.04238208838959,40.73966375210757,N,696
id0005763,1,2016-03-30 10:56:00,2016-03-30 11:01:41,1,-74.03937777015351,40.844731638985365,-74.02693526708276,40.83102856010845,N,341
id0005764,1,2016-06-07 14:09:00,2016-06-07 14:25:07,1,-74.02110271050435,40.742365597328124,-73.92092245127051,40.73570049365104,N,967
id0005765,2,2016-02-10 12:46:00,2016-02-10 12:59:03,2,-74.06194871473886,40.76396337236226,-74.00201928207368,40.752569011861524,N,783
id0005766,2,2016-03-13 20:40:00,2016-03-13 21:02:25,6,-73.99259967298246,40.73607978853211,-73.90521329686449,40.67493674380092,N,1345
id0005767,1,2016-01-21 12:42:00,2016-01-21 12:50:55,1,-73.95017738809995,40.832339632684956,-73.97572349700647,40.83448349644392,N,535
id0005768,1,2016-04-09 03:50:00,2016-04-09 04:06:30,1,-74.02817790750906,40.753275688216235,-73.95281693682286,40.77156160835857,N,990
id0005769,2,2016-05-07 07:04:00,2016-05-07 07:10:42,3,-73.98998334554636,40.76472678453328,-73.97975593380976,40.76709309249052,N,402
id0005770,1,2016-06-24 00:13:00,2016-06-24 00:36:46,1,-73.99712741241973,40.81217019688615,-73.95274105529234,40.87409041790682,N,1426
id0005771,1,2016-05-17 07:26:00,2016-05-17 07:38:40,1,-73.9269684697621,40.78433127558575,-73.90637179164993,40.7491716005167,N,760
id0005772,1,2016-05-01 00:14:00,2016-05-01 00:22:55,3,-74.01863755102424,40.75555433706897,-74.0340845757537,40.73241570697769,N,535
id0005773,1,2016-05-02 13:35:00,2016-05-02 13:45:40,1,-74.01663688592079,40.80796759375609,-73.98425949308351,40.812623258605015,N,640
id0005774,1,2016-04-24 11:49:00,2016-04-24 11:59:18,1,-74.03153116205608,40.872231745324264,-74.00970928714325,40.880763583681,N,618
id0005775,2,2016-03-17 09:59:00,2016-03-17 10:37:59,1,-74.04756302360431,40.77228347019598,-74.12713141607789,40.70574116832006,N,2339
id0005776,1,2016-04-01 00:08:00,2016-04-01 00:15:02,2,-73.95589482547041,40.76325420395427,-73.9614804158705,40.78434863394992,N,422
id0005777,1,2016-02-01 09:48:00,2016-02-01 10:02:30,1,-73.99243109379817,40.76567821876286,-73.95317290540216,40.77436930814731,N,870
id0005778,2,2016-01-04 15:23:00,2016-01-04 15:49:42,1,-73.98198545770971,40.81696932753742,-73.96950148511598,40.74279057450326,N,1602
id0005779,2,2016-05-23 16:42:00,2016-05-23 16:50:10,1,-73.91489473640925,40.73103610192352,-73.89376854271435,40.72695127751255,N,490
id0005780,2,2016-03-31 06:46:00,2016-03-31 06:56:03,1,-73.91173556007396,40.74547570981298,-73.94554963229548,40.71717675654513,N,603
id0005781,1,2016-06-07 13:32:00,2016-06-07 13:38:25,1,-74.07554288693092,40.688815067289305,-74.06401340964271,40.67294875303832,N,385
id0005782,1,2016-01-23 03:59:00,2016-01-23 04:18:47,2,-73.94936909297974,40.704725946181206,-73.95370451048333,40.65789241871748,N,1187
id0005783,2,2016-03-12 07:41:00,2016-03-12 07:46:55,3,-73.97258941908588,40.734698999878596,-73.98174481464302,40.74926560363217,N,355
id0005784,1,2016-02-16 20:10:00,2016-02-16 20:29:50,2,-74.01038750495303,40.75548283526729,-74.04095404421453,40.81714500858725,N,1190
id0005785,1,2016-06-02 02:26:00,2016-06-02 02:36:39,2,-73.96697739721347,40.83760874965966,-73.92580859125363,40.84688457475562,N,639
id0005786,1,2016-03-09 14:10:00,2016-03-09 14:30:59,1,-74.07995107793714,40.78211967622164,-74.06440499170908,40.706541232659916,N,1259
id0005787,1,2016-04-25 16:18:00,2016-04-25 16:24:34,1,-73.9045546711473,40.71695646704146,-73.89355002127502,40.72695232834811,N,394
id0005788,2,2016-01-16 08:20:00,2016-01-16 09:08:27,1,-73.95667807466104,40.725240878158615,-73.86439276484892,40.71842852043165,N,2907
id0005789,1,2016-04-05 21:50:00,2016-04-05 22:02:36,1,-74.0325858759658,40.81986369074538,-74.01126491333751,40.781328252028985,N,756
id0005790,1,2016-03-21 07:46:00,2016-03-21 08:11:02,1,-74.01719756220007,40.80869746568832,-73.96317521125611,40.82107429978701,N,1502
id0005791,2,2016-04-21 03:07:00,2016-04-21 03:16:52,1,-74.07867305615511,40.75926674596009,-74.06639107891486,40.79005851144455,N,592
id0005792,2,2016-04-16 12:35:00,2016-04-16 12:43:09,1,-74.002267648741,40.73808630905076,-74.01816001470152,40.7146890371845,N,489
id0005793,2,2016-01-20 14:39:00,2016-01-20 15:02:14,2,-74.01155025874823,40.80862197760671,-74.05921143822222,40.751091329228295,N,1394
id0005794,2,2016-01-10 02:26:00,2016-01-10 02:45:27,1,-74.0578810712918,40.71330027929739,-74.0470185155319,40.64289175091339,N,1167
id0005795,1,2016-01-23 19:44:00,2016-01-23 20:27:31,2,-73.94228137714596,40.77564136791259,-74.06213840635401,40.75234238963711,N,2611
id0005796,1,2016-02-09 14:55:00,2016-02-09 15:00:07,6,-73.91477615456681,40.860269654590205,-73.9025151361517,40.85482703316611,N,307
id0005797,1,2016-05-12 06:14:00,2016-05-12 06:22:49,5,-73.98650482695244,40.767241005701315,-73.97231189926767,40.749180810974,N,529
id0005798,1,2016-02-18 23:50:00,2016-02-18 23:58:20,2,-74.00181057855654,40.72309757343323,-74.01160111964967,40.69918270019004,N,500
id0005799,1,2016-06-25 12:43:00,2016-06-25 12:49:55,3,-73.96107584688275,40.77646659162022,-73.96523233312439,40.79634307506971,N,415
id0005800,1,2016-01-16 18:52:00,2016-01-16 19:14:21,1,-73.98608014293723,40.73684960764431,-74.04238277124989,40.753048519259416,N,1341
id0005801,2,2016-04-02 10:05:00,2016-04-02 10:18:46,2,-74.04451985689272,40.6952647870311,-73.98216769398954,40.70225055612771,N,826
id0005802,2,2016-05-10 06:39:00,2016-05-10 06:48:47,1,-74.0208972892623,40.78954662120925,-74.03607358228722,40.81812369366129,N,587
id0005803,2,2016-01-10 19:52:00,2016-01-10 20:16:39,6,-74.00130398037115,40.80830254802474,-74.0450481539593,40.785331790676906,N,1479
id0005804,2,2016-04-03 13:24:00,2016-04-03 13:39:01,1,-73.97134973730378,40.74400919975674,-73.94683998936827,40.705699626529686,N,901
id0005805,2,2016-01-13 09:20:00,2016-01-13 09:29:21,1,-73.9844864805168,40.74102439466567,-73.97950245566622,40.722742716067714,N,561
id0005806,2,2016-05-23 18:00:00,2016-05-23 18:09:14,2,-73.97342968410071,40.71472955739952,-73.98955474940445,40.69403396039066,N,554
id0005807,1,2016-03-26 01:26:00,2016-03-26 01:43:44,2,-74.06886553908062,40.751252897978965,-74.08974704052936,40.67945776701732,N,1064
id0005808,2,2016-06-06 08:57:00,2016-06-06 09:05:03,1,-73.94841302407532,40.732693422768456,-73.94866676524867,40.71359852038431,N,483
id0005809,1,2016-04-29 16:40:00,2016-04-29 16:59:59,1,-73.98481212637954,40.712503529098356,-73.92425040770544,40.751173298529736,N,1199
id0005810,2,2016-02-27 16:10:00,2016-02-27 16:31:38,1,-73.84460100202175,40.84314759736799,-73.82347141354985,40.871177467439615,N,1298
id0005811,1,2016-01-29 04:30:00,2016-01-29 04:35:26,1,-74.0063198903597,40.77899217675373,-74.00786826298254,40.7973736117472,N,326
id0005812,1,2016-01-29 19:32:00,2016-01-29 19:48:21,5,-73.96720978276899,40.783757779861325,-73.92885025836154,40.78836441137462,N,981
id0005813,2,2016-01-07 00:17:00,2016-01-07 00:29:44,1,-73.82939294607853,40.79775298060196,-73.82815401097776,40.848464429016936,N,764
id0005814,1,2016-02-24 15:45:00,2016-02-24 16:00:04,3,-73.97432496037733,40.7926966297542,-73.95625510796474,40.755590753433815,N,904
id0005815,2,2016-05-12 18:19:00,2016-05-12 18:35:24,1,-73.98871967966018,40.73941005212415,-73.98191893172078,40.70564110285545,N,984
id0005816,2,2016-03-05 13:23:00,2016-03-05 13:37:34,1,-74.03928070421128,40.77026486803372,-74.01274058540065,40.80961520261282,N,874
id0005817,1,2016-01-27 14:18:00,2016-01-27 14:25:03,1,-73.90094534980351,40.74589362820827,-73.92093183764283,40.74685979959763,N,423
id0005818,1,2016-01-15 13:34:00,2016-01-15 13:52:06,1,-74.04875058723971,40.777730863114954,-74.10002101610003,40.75423962236841,N,1086
id0005819,2,2016-03-20 17:58:00,2016-03-20 18:12:47,2,-73.96150834957335,40.77337608986812,-73.92070018280468,40.7926934518046,N,887
id0005820,2,2016-02-08 04:45:00,2016-02-08 05:04:14,1,-74.01104554267197,40.740780288261114,-73.94332376837038,40.72543394460203,N,1154
id0005821,2,2016-05-13 14:42:00,2016-05-13 14:54:35,1,-73.99541349444179,40.69818155746852,-74.04454814321097,40.66886816512698,N,755
id0005822,2,2016-03-02 07:19:00,2016-03-02 07:39:13,1,-74.06331627477356,40.76458066756345,-74.05524814943696,40.7342933541131,N,1213
id0005823,1,2016-01-23 19:17:00,2016-01-23 19:27:17,6,-73.91112800280463,40.748807873048676,-73.93132716132332,40.760062100684586,N,617
id0005824,2,2016-02-19 15:15:00,2016-02-19 15:27:52,1,-74.0002788518255,40.672933248853106,-73.96052681068547,40.68013679123518,N,772
id0005825,1,2016-03-21 13:56:00,2016-03-21 14:17:38,1,-74.05182993123911,40.780844779599995,-74.04073087317184,40.833930916432955,N,1298
id0005826,1,2016-01-07 20:30:00,2016-01-07 21:08:47,1,-73.9161020171628,40.801440395050925,-73.76636576427344,40.791287271419876,N,2327
id0005827,2,2016-01-21 06:50:00,2016-01-21 06:57:52,2,-74.01272752471705,40.87177604138441,-74.02629203155603,40.86102581067648,N,472
id0005828,1,2016-06-23 21:31:00,2016-06-23 21:53:32,1,-73.96659659895481,40.740396112350574,-73.89741844379093,40.79078328591902,N,1352
id0005829,2,2016-03-04 05:54:00,2016-03-04 06:09:55,1,-73.93872209898261,40.7337579646553,-73.8651637199418,40.76825560242001,N,955
id0005830,1,2016-05-16 03:57:00,2016-05-16 04:05:14,1,-73.95892811181841,40.708076053630236,-73.93491622616115,40.71314749426193,N,494
id0005831,1,2016-06-15 01:30:00,2016-06-15 01:45:58,1,-74.1,40.76738888579192,-74.09833125062798,40.71275344050157,N,958
id0005832,2,2016-01-21 15:54:00,2016-01-21 16:01:46,1,-73.94675538144622,40.76710431812513,-73.94248768505918,40.738689400745216,N,466
id0005833,1,2016-05-04 21:01:00,2016-05-04 21:16:40,1,-73.99053375694658,40.7214916649346,-73.99007453860182,40.684598347026025,N,940
id0005834,2,2016-05-31 14:34:00,2016-05-31 14:48:17,1,-74.00309657832419,40.75012815530983,-73.9520980912656,40.75140396750131,N,857
id0005835,1,2016-01-05 04:52:00,2016-01-05 05:05:17,1,-73.99099912219364,40.66896004498998,-74.03026775556214,40.65116810598103,N,797
id0005836,2,2016-02-26 13:37:00,2016-02-26 13:53:23,2,-74.07355180366676,40.7996869536525,-74.08079608245527,40.855788624901976,N,983
id0005837,2,2016-01-25 11:23:00,2016-01-25 11:39:20,1,-73.9744305996936,40.72331943331476,-73.98712896779116,40.668319130832664,N,980
id0005838,2,2016-01-06 19:09:00,2016-01-06 19:52:31,1,-74.06004152555401,40.75644046418642,-74.13772027450459,40.71579357409448,N,2611
id0005839,1,2016-02-23 11:24:00,2016-02-23 11:32:40,1,-74.00072118402561,40.693798796041605,-73.9620700130863,40.7023608035124,N,520
id0005840,2,2016-02-03 06:42:00,2016-02-03 06:57:25,1,-73.9764054562654,40.73179408802423,-73.92857408410269,40.75004434976598,N,925
id0005841,1,2016-06-11 23:45:00,2016-06-12 00:11:19,2,-73.92592796016068,40.745418398091715,-73.95446778967094,40.65486863001036,N,1579
id0005842,2,2016-02-13 04:43:00,2016-02-13 05:02:51,1,-74.03007872379229,40.75749191188677,-73.98372276324282,40.696752556315985,N,1191
id0005843,1,2016-05-15 23:16:00,2016-05-15 23:32:10,5,-73.90516269454847,40.779587963198516,-73.97642729199514,40.770361833938594,N,970
id0005844,2,2016-01-10 08:51:00,2016-01-10 09:05:14,1,-73.93292307105666,40.82275837875688,-73.93184511841255,40.87021990585885,N,854
id0005845,2,2016-04-22 09:12:00,2016-04-22 09:45:28,1,-74.00861753583698,40.79097199242462,-74.01429916701797,40.857043623407215,N,2008
id0005846,2,2016-05-06 11:30:00,2016-05-06 11:35:56,5,-74.04598120965214,40.801297404441584,-74.04203251777416,40.786789992285875,N,356
id0005847,1,2016-01-28 18:32:00,2016-01-28 18:36:21,1,-74.06440989002267,40.82307468494744,-74.06069535736133,40.81710204073773,N,261
id0005848,1,2016-03-19 10:52:00,2016-03-19 11:01:00,1,-73.97005353816567,40.78363685466852,-73.97352041301063,40.75434655316356,N,540
id0005849,1,2016-06-18 01:19:00,2016-06-18 01:28:13,1,-74.02555062822475,40.75634817619715,-74.04300040941847,40.77851040019316,N,553
id0005850,1,2016-04-21 18:21:00,2016-04-21 18:49:45,1,-73.9190353757095,40.80341003578148,-73.9239271442901,40.85690857123877,N,1725
id0005851,1,2016-05-27 01:54:00,2016-05-27 02:15:13,2,-74.02237381064056,40.806285417868274,-73.961028854881,40.85024614367658,N,1273
id0005852,1,2016-03-18 07:13:00,2016-03-18 07:23:31,1,-74.03453690390286,40.78718546270847,-74.06057925664877,40.78617044126553,N,631
id0005853,2,2016-02-13 13:48:00,2016-02-13 14:05:47,5,-73.97215055068156,40.69254175813338,-73.87066025008816,40.66319314845365,N,1067
id0005854,2,2016-03-26 12:20:00,2016-03-26 12:31:24,5,-74.02273257714377,40.720134293110746,-74.05131497751587,40.72042118826159,N,684
id0005855,2,2016-03-14 14:05:00,2016-03-14 14:20:39,1,-73.98452975036471,40.74563156531863,-73.97372708560346,40.793959099973804,N,939
id0005856,2,2016-06-27 21:20:00,2016-06-27 21:33:20,4,-73.93077058684678,40.793082945933115,-73.90506629420413,40.779064847490986,N,800
id0005857,2,2016-03-18 23:10:00,2016-03-18 23:27:13,1,-73.97855238675822,40.757039411141825,-73.99168140249913,40.69349939511466,N,1033
id0005858,2,2016-04-24 04:15:00,2016-04-24 04:30:41,5,-73.97834695466135,40.809159088505275,-73.91614061010105,40.796558764639165,N,941
id0005859,1,2016-04-16 22:13:00,2016-04-16 22:22:06,1,-73.97371693101003,40.817185648293496,-73.94918240075802,40.807419746921404,N,546
id0005860,1,2016-03-08 15:01:00,2016-03-08 15:18:37,1,-74.0781204444657,40.81196267109048,-74.08734105062447,40.74821723544604,N,1057
id0005861,1,2016-03-09 05:10:00,2016-03-09 05:20:37,1,-73.96344892375382,40.812249325401616,-73.9017420089668,40.82037063202156,N,637
id0005862,1,2016-06-02 17:23:00,2016-06-02 17:41:46,1,-73.97620376328007,40.71133527429036,-74.02190089340338,40.729045437504304,N,1126
id0005863,1,2016-02-08 05:23:00,2016-02-08 05:39:42,2,-73.93589064701591,40.779718597475515,-73.96133740539499,40.844814838994154,N,1002
id0005864,1,2016-03-16 16:51:00,2016-03-16 17:18:17,1,-73.95168040593745,40.73066119315701,-73.9263647365007,40.6840279996675,N,1637
id0005865,2,2016-05-01 09:24:00,2016-05-01 09:44:05,1,-73.9961071747383,40.68379201508884,-73.96004118559465,40.709360265183946,N,1205
id0005866,1,2016-01-11 07:07:00,2016-01-11 07:20:35,4,-73.9282183909669,40.74506379905749,-73.91370040613491,40.77890306434865,N,815
id0005867,2,2016-05-03 07:33:00,2016-05-03 07:40:22,1,-74.0010946883687,40.81761316345323,-74.00681834286576,40.835799896035965,N,442
id0005868,1,2016-05-31 13:22:00,2016-05-31 13:33:30,1,-73.97140635927573,40.778733390455336,-73.98272134233316,40.743495333305795,N,690
id0005869,1,2016-03-21 12:20:00,2016-03-21 12:37:52,6,-74.00211321867637,40.84880142172227,-73.95120017700748,40.81152898789628,N,1072
id0005870,1,2016-04-16 02:29:00,2016-04-16 02:32:02,1,-73.95960332072923,40.76597535653707,-73.9487855615001,40.769377242867,N,182
id0005871,2,2016-03-29 13:41:00,2016-03-29 13:49:15,1,-74.00570693804508,40.86815112391168,-74.04495768280312,40.8713073420063,N,495
id0005872,1,2016-05-01 04:44:00,2016-05-01 04:54:39,1,-73.89438466150821,40.76598845514827,-73.936230267852,40.74640827128626,N,639
id0005873,1,2016-01-10 05:19:00,2016-01-10 05:33:30,1,-73.87404504945259,40.75901161332692,-73.80593929038587,40.804218908800586,N,870
id0005874,2,2016-04-22 08:44:00,2016-04-22 08:59:21,1,-73.93693339601977,40.700427446043534,-73.96927766855926,40.686401140656315,N,921
id0005875,2,2016-03-24 00:14:00,2016-03-24 00:32:19,1,-73.90022868428223,40.80797532331318,-73.8879557862634,40.74169579726901,N,1099
id0005876,1,2016-01-07 11:54:00,2016-01-07 12:08:01,1,-74.06965679644725,40.73540436919768,-74.00886600688408,40.72756239119001,N,841
id0005877,1,2016-05-25 16:08:00,2016-05-25 16:17:41,1,-74.06317577588013,40.72888285622661,-74.03878094779505,40.745692423415214,N,581
id0005878,2,2016-01-28 14:53:00,2016-01-28 15:03:52,2,-74.00268583116471,40.81565537536932,-74.03677973950987,40.827624015691455,N,652
id0005879,1,2016-04-17 15:35:00,2016-04-17 15:48:42,1,-73.98273229691075,40.81012002009582,-74.02843853119403,40.82181781064572,N,822
id0005880,1,2016-06-03 17:50:00,2016-06-03 18:20:32,1,-73.99590140799548,40.80894231152448,-73.91175642671739,40.861231927026964,Y,1832
id0005881,1,2016-06-16 13:36:00,2016-06-16 13:51:45,1,-74.07531743872981,40.74170139896753,-74.12216984536693,40.70268372895795,N,945
id0005882,1,2016-04-24 07:56:00,2016-04-24 08:07:45,2,-73.9216624561522,40.75570608606127,-73.94655957167777,40.74087629386899,N,705
id0005883,1,2016-05-10 09:43:00,2016-05-10 10:14:32,1,-73.86651909716537,40.75530655210369,-73.84975643342756,40.80938344343405,N,1892
id0005884,1,2016-04-16 10:27:00,2016-04-16 10:44:29,2,-73.9145456776455,40.79321331813026,-73.92439520785395,40.724356072086515,N,1049
id0005885,1,2016-05-21 12:43:00,2016-05-21 12:49:26,1,-73.92529622021674,40.82791041008225,-73.89947498599643,40.82603110443015,N,386
id0005886,1,2016-06-26 14:45:00,2016-06-26 15:02:10,1,-73.972563421717,40.77456659498393,-74.0386131673611,40.817578834017226,N,1030
id0005887,2,2016-03-24 10:21:00,2016-03-24 10:40:26,1,-74.03136485539,40.84687009884109,-74.04083282766578,40.88936066762378,N,1166
id0005888,1,2016-03-16 03:57:00,2016-03-16 04:06:51,1,-73.98101095710503,40.79837374881149,-73.95051496347462,40.821477821861116,N,591
id0005889,2,2016-02-01 13:37:00,2016-02-01 13:50:20,1,-73.86919265797371,40.74743402726485,-73.83854436950793,40.77142440282651,N,800
id0005890,2,2016-06-27 05:43:00,2016-06-27 05:54:31,1,-74.00435934618788,40.795292013275805,-74.03011974362157,40.758856203968875,N,691
id0005891,2,2016-06-15 00:25:00,2016-06-15 00:38:15,1,-74.01002264863031,40.8347673125419,-74.05599960063721,40.88282851047942,N,795
id0005892,1,2016-05-08 12:58:00,2016-05-08 13:11:21,2,-73.92409829874929,40.84792300425036,-73.91448120891543,40.805920844355356,N,801
id0005893,1,2016-04-29 23:22:00,2016-04-29 23:39:00,1,-73.92044726720898,40.81141011050696,-73.97950808626207,40.7714956548289,N,1020
id0005894,1,2016-02-07 06:11:00,2016-02-07 06:22:14,4,-74.03163459931761,40.75915535041461,-73.97384242249923,40.77273094500534,N,674
id0005895,2,2016-06-14 12:35:00,2016-06-14 12:42:42,5,-73.99938165372805,40.748248803567485,-73.9922982593372,40.730993296217385,N,462
id0005896,1,2016-01-11 13:18:00,2016-01-11 13:26:09,1,-74.01260480227458,40.783923127660266,-74.04396132320457,40.79115751212666,N,489
id0005897,2,2016-04-22 09:20:00,2016-04-22 09:34:38,1,-73.98116708415164,40.8333288522872,-74.028619647484,40.84840570006201,N,878
id0005898,2,2016-02-16 03:25:00,2016-02-16 03:40:15,1,-73.92429723309766,40.77751961049965,-73.95278478305832,40.839753451377796,N,915
id0005899,2,2016-03-23 17:10:00,2016-03-23 17:43:52,1,-74.02922151366205,40.7784539342341,-74.09950841170755,40.793634294728925,N,2032
id0005900,2,2016-01-18 07:31:00,2016-01-18 07:40:45,1,-73.92506843532696,40.76031290344427,-73.90280337716774,40.738664202798724,N,585
id0005901,2,2016-01-25 12:32:00,2016-01-25 12:42:01,1,-73.97940918130932,40.7432449021816,-74.01553727790225,40.76692198071812,N,601
id0005902,2,2016-03-09 14:30:00,2016-03-09 14:41:24,1,-73.85705943250271,40.750703947201025,-73.83907420322369,40.72159255019815,N,684
id0005903,2,2016-03-13 09:10:00,2016-03-13 09:32:04,1,-73.9674643013596,40.764094169336055,-73.94327474407379,40.79605461268922,N,1324
id0005904,2,2016-06-09 10:44:00,2016-06-09 10:55:08,5,-73.99033052132961,40.835314499830794,-73.94686064589489,40.837576477015716,N,668
id0005905,2,2016-04-18 18:06:00,2016-04-18 18:15:02,1,-73.95339069000862,40.74721287996611,-73.94205754814385,40.76123191353161,N,542
id0005906,2,2016-01-06 16:40:00,2016-01-06 17:16:20,1,-74.0035430430838,40.76036754341602,-73.95290749638144,40.698044654217,N,2180
id0005907,1,2016-06-18 09:34:00,2016-06-18 10:07:11,1,-74.08374002178435,40.71905800528171,-74.02136505222106,40.64028190945036,N,1991
id0005908,2,2016-04-21 02:20:00,2016-04-21 02:32:58,5,-73.99822866458491,40.79024839799129,-73.98660898191287,40.73769854985682,N,778
id0005909,2,2016-05-30 22:24:00,2016-05-30 22:45:02,3,-73.99909614849881,40.819500563042325,-73.98476245262867,40.880602542991774,N,1262
id0005910,1,2016-06-17 04:20:00,2016-06-17 04:30:50,1,-74.07257746033024,40.83110240306806,-74.09766378128292,40.790916984268414,N,650
id0005911,1,2016-04-03 09:24:00,2016-04-03 09:38:31,2,-73.9890169354387,40.76715140361131,-74.03346004696385,40.79278224668092,N,871
id0005912,2,2016-02-02 15:09:00,2016-02-02 15:27:40,1,-74.09869106235351,40.78384594274757,-74.0409977094345,40.76137916978569,N,1120
id0005913,2,2016-03-22 12:49:00,2016-03-22 12:57:38,1,-74.00412277593355,40.75109023550235,-73.97686430887377,40.74268918202968,N,518
id0005914,2,2016-05-04 23:34:00,2016-05-04 23:39:57,1,-73.97160222043755,40.78176084058626,-73.94069491290634,40.780195631658835,N,357
id0005915,2,2016-01-07 01:20:00,2016-01-07 01:36:55,2,-73.9796652102574,40.77212843186247,-74.00624714256185,40.82966067683587,N,1015
id0005916,2,2016-06-21 04:22:00,2016-06-21 04:38:44,1,-74.00760882100877,40.76062189742632,-73.93453235334623,40.781079591004016,N,1004
id0005917,2,2016-03-04 21:59:00,2016-03-04 22:04:18,1,-73.98970417210714,40.76419891615247,-73.99999179870986,40.77767507606369,N,318
id0005918,2,2016-04-30 01:23:00,2016-04-30 01:37:40,1,-74.02812354406127,40.778336502752715,-74.06420637613812,40.82372094787661,N,880
id0005919,1,2016-06-27 14:23:00,2016-06-27 14:34:34,4,-73.98440509143175,40.74476314043195,-74.01022042706559,40.72260125020029,N,694
id0005920,2,2016-06-06 11:53:00,2016-06-06 12:13:33,6,-73.98180524763745,40.74708764435649,-73.91110162488509,40.78447964854979,N,1233
id0005921,2,2016-05-14 20:47:00,2016-05-14 20:59:09,1,-74.03451374878458,40.83483129061522,-74.08451089195502,40.866376881445774,N,729
id0005922,2,2016-02-24 09:02:00,2016-02-24 09:34:51,1,-73.970276543972,40.87997460459809,-74.00407705692453,40.91112108231162,N,1971
id0005923,2,2016-04-05 12:06:00,2016-04-05 12:41:58,1,-73.97062010397057,40.70380348731597,-73.84018718463366,40.69837790271407,N,2158
id0005924,2,2016-04-01 06:10:00,2016-04-01 06:23:16,5,-73.99414154524696,40.70132379580308,-73.95179484711234,40.68601777445087,N,796
id0005925,2,2016-06-05 22:31:00,2016-06-05 22:42:50,1,-73.85184241300422,40.71492812274864,-73.88482992604835,40.68448429516771,N,710
id0005926,1,2016-01-08 05:46:00,2016-01-08 06:02:01,1,-73.99273863126764,40.753352021323266,-74.0414037624082,40.725100638549435,N,961
id0005927,2,2016-01-05 04:42:00,2016-01-05 04:57:35,1,-74.00035788349551,40.79831012299668,-74.07562925719617,40.766214662709636,N,935
id0005928,1,2016-01-22 12:17:00,2016-01-22 12:23:32,1,-74.00823162100643,40.78460638239218,-74.00386148442647,40.79744605405609,N,392
id0005929,1,2016-06-23 06:54:00,2016-06-23 07:02:50,1,-74.0384016572692,40.765741401155125,-74.00564074131871,40.75774963019067,N,530
id0005930,2,2016-04-08 09:02:00,2016-04-08 09:21:23,1,-73.9472756452086,40.78180209961311,-73.87892972576306,40.79690110653191,N,1163
id0005931,2,2016-05-07 08:09:00,2016-05-07 08:36:45,2,-74.02274358324107,40.72685612295172,-74.10797284439342,40.74393199363957,N,1665
id0005932,1,2016-01-18 04:49:00,2016-01-18 05:05:37,3,-74.01623714808487,40.747014475271136,-74.07587931570065,40.709923013371046,N,997
id0005933,2,2016-01-03 10:09:00,2016-01-03 10:21:55,1,-74.01460328577463,40.75709574532309,-74.01998306176513,40.71895384669927,N,775
id0005934,1,2016-04-28 08:13:00,2016-04-28 08:59:28,1,-74.03917189337167,40.68671026475077,-73.91372674085801,40.67870715133971,N,2788
id0005935,2,2016-05-08 09:45:00,2016-05-08 10:11:19,1,-74.08130958328996,40.70574104078749,-74.04144397068208,40.678611815461004,N,1579
id0005936,1,2016-03-18 17:58:00,2016-03-18 18:12:36,1,-74.01046169269375,40.70752952724251,-73.99368570287477,40.67671510235909,N,876
id0005937,2,2016-01-16 03:06:00,2016-01-16 03:23:12,1,-73.93696655780083,40.792384870065774,-73.99208811937453,40.85173391538339,N,1032
id0005938,2,2016-03-30 02:46:00,2016-03-30 03:19:29,1,-73.97416611069941,40.76904097268576,-74.06956544915886,40.71537355567005,N,2009
id0005939,2,2016-04-26 09:45:00,2016-04-26 10:09:00,1,-73.89916836013965,40.78549775400333,-73.89742012428808,40.85630500895806,N,1440
id0005940,1,2016-02-08 20:28:00,2016-02-08 20:33:57,6,-73.9436974032256,40.67521552545889,-73.94816903023758,40.68532619887646,N,357
id0005941,1,2016-02-24 18:16:00,2016-02-24 18:37:20,1,-73.95618193543493,40.69123949912768,-73.96823327385974,40.72575783903331,N,1280
id0005942,1,2016-05-15 21:37:00,2016-05-15 21:49:05,1,-73.8814543037541,40.78784469481155,-73.89857381879833,40.81823634341811,N,725
id0005943,1,2016-02-08 14:25:00,2016-02-08 14:34:30,1,-73.99034300772517,40.63295986612503,-74.02401893864496,40.65455343732934,N,570
id0005944,2,2016-01-19 01:08:00,2016-01-19 01:27:47,3,-73.98153083795722,40.813108321091995,-74.02552473367382,40.87127243406201,N,1187
id0005945,1,2016-04-24 07:27:00,2016-04-24 07:54:13,1,-73.9856305431913,40.67595072854148,-73.92310269227104,40.63806614444479,N,1633
id0005946,2,2016-01-05 05:07:00,2016-01-05 05:14:43,1,-73.9000917297849,40.79595052013663,-73.9399855031281,40.79047727691439,N,463
id0005947,2,2016-03-19 23:53:00,2016-03-20 00:01:28,1,-73.98486165759475,40.718013691885936,-73.99728832023932,40.68816404994841,N,508
id0005948,2,2016-04-13 15:51:00,2016-04-13 16:15:18,1,-74.02065525557424,40.805200667182724,-74.02241377033147,40.74583788359659,N,1458
id0005949,2,2016-01-12 17:50:00,2016-01-12 18:07:24,1,-73.95267784541204,40.9,-73.92089523033563,40.87685656085046,N,1044
id0005950,2,2016-04-28 21:11:00,2016-04-28 21:29:30,1,-74.02989428960814,40.655707006644555,-74.06822665496198,40.72124617888239,N,1110
id0005951,2,2016-05-29 15:59:00,2016-05-29 16:09:58,1,-73.95565906680623,40.78929197165373,-73.91164600583872,40.78322063724411,N,658
id0005952,2,2016-06-26 04:19:00,2016-06-26 04:37:44,1,-73.9622387486222,40.676632677888286,-73.98832373489209,40.74605572785496,N,1124
id0005953,1,2016-02-18 10:25:00,2016-02-18 10:48:34,1,-73.99541714672935,40.77720460149979,-74.00270251934589,40.8502085522203,N,1414
id0005954,2,2016-02-29 13:06:00,2016-02-29 13:35:17,1,-73.95388036353522,40.74869525264017,-73.87994092718053,40.85352481536953,N,1757
id0005955,2,2016-04-22 12:20:00,2016-04-22 12:44:22,5,-74.06682844616697,40.763840204510785,-74.1104436932564,40.83053246017923,N,1462
id0005956,2,2016-04-19 01:41:00,2016-04-19 02:08:55,1,-73.97603708332713,40.71697411756523,-73.9435963712673,40.79950873285191,N,1675
id0005957,2,2016-04-20 21:41:00,2016-04-20 21:53:25,2,-74.01045209615667,40.793124349927346,-73.965244607094,40.804505213864296,N,745
id0005958,2,2016-02-27 06:25:00,2016-02-27 06:30:59,1,-73.82757550324935,40.69282389729133,-73.81363010214854,40.700815385470364,N,359
id0005959,1,2016-01-11 05:18:00,2016-01-11 05:22:24,2,-73.97642962116979,40.81387367683045,-73.98171850816811,40.824193054472985,N,264
id0005960,2,2016-01-05 12:54:00,2016-01-05 13:16:16,1,-74.01780156273809,40.73958373620255,-73.92214488115938,40.73958591336391,N,1336
id0005961,2,2016-06-30 12:16:00,2016-06-30 12:20:27,5,-74.06080659548292,40.69487891951687,-74.06142963823179,40.70011712924773,N,267
id0005962,1,2016-03-14 22:57:00,2016-03-14 23:03:23,1,-73.91320265917632,40.829772157050336,-73.90401917167485,40.85609854683071,N,383
id0005963,2,2016-03-22 11:22:00,2016-03-22 11:28:51,1,-74.00425179957381,40.75496958062359,-74.0193955043983,40.738665955688205,N,411
id0005964,1,2016-04-23 22:46:00,2016-04-23 23:02:21,1,-74.02852436368914,40.843843618669894,-74.02172568010705,40.79562677034659,N,981
id0005965,2,2016-02-07 08:59:00,2016-02-07 09:13:49,1,-73.9665035432295,40.81296102581911,-73.92311823418771,40.825687683734145,N,889
id0005966,2,2016-03-10 12:28:00,2016-03-10 12:37:29,1,-73.94926546427268,40.72208344328461,-73.9616542046137,40.69783527408324,N,569
id0005967,2,2016-03-20 11:42:00,2016-03-20 12:09:38,1,-73.95013258867347,40.754175458957846,-74.04501645943034,40.73355088654635,N,1658
id0005968,1,2016-01-18 06:38:00,2016-01-18 06:42:21,1,-73.98391372673173,40.763446707284864,-73.96080306850497,40.75845034422387,N,261
id0005969,1,2016-04-19 18:10:00,2016-04-19 18:30:22,1,-73.97624454247124,40.826683643999395,-74.02476959232114,40.81365863131571,N,1222
id0005970,1,2016-02-05 06:29:00,2016-02-05 06:48:36,1,-73.97223796083756,40.77768829710152,-73.9388535209494,40.816539784339604,N,1176
id0005971,1,2016-01-01 13:16:00,2016-01-01 13:20:37,2,-73.96649820539041,40.76593316794934,-73.96655781831811,40.76009721406602,N,277
id0005972,2,2016-04-23 00:30:00,2016-04-23 00:47:22,1,-73.96163131422541,40.74900541858058,-73.9191914045764,40.78962115590627,N,1042
id0005973,2,2016-02-24 14:59:00,2016-02-24 15:10:42,1,-73.92480509867819,40.755724933386546,-73.96748056823446,40.76293550209952,N,702
id0005974,1,2016-05-10 15:28:00,2016-05-10 15:36:02,1,-73.98189718258858,40.816706643855525,-74.00598213676113,40.81360812878778,N,482
id0005975,2,2016-04-07 14:41:00,2016-04-07 14:45:14,1,-74.02992417962066,40.75816674078589,-74.04522580079036,40.76370445780593,N,254
id0005976,2,2016-01-06 06:59:00,2016-01-06 07:18:53,2,-73.99293604367072,40.740225122791585,-74.0596387427885,40.69501807755086,N,1193
id0005977,1,2016-05-06 09:28:00,2016-05-06 09:49:46,6,-73.94354205496957,40.73259717754739,-73.89352814557738,40.74442987917887,N,1306
id0005978,2,2016-01-08 09:48:00,2016-01-08 10:10:06,1,-74.08325903771117,40.733080568077376,-74.15,40.7628021934484,N,1326
id0005979,2,2016-02-27 00:31:00,2016-02-27 00:44:35,1,-74.08294137074546,40.69490568017808,-74.03356225793644,40.7295854451177,N,815
id0005980,1,2016-05-04 20:35:00,2016-05-04 20:54:21,1,-73.93449481332343,40.72423311112531,-73.91539688178311,40.67690701813708,N,1161
id0005981,2,2016-03-14 12:16:00,2016-03-14 12:36:33,1,-73.90139324507318,40.82542891240427,-73.91034227502861,40.772264605325766,N,1233
id0005982,1,2016-03-11 01:20:00,2016-03-11 01:28:22,1,-74.05458600192607,40.74870303327447,-74.0390557752375,40.72991438489664,N,502
id0005983,1,2016-02-10 06:19:00,2016-02-10 06:32:05,2,-73.9794747401042,40.78969852508503,-73.96517674212933,40.83816170761478,N,785
id0005984,1,2016-03-21 18:57:00,2016-03-21 19:07:35,1,-74.00697498121043,40.64645595669447,-74.02499423723144,40.65419009546977,N,635
id0005985,1,2016-02-23 08:00:00,2016-02-23 08:15:56,1,-73.99934565617329,40.783574008903464,-73.9859289145271,40.756459675512275,N,956
id0005986,2,2016-06-21 04:59:00,2016-06-21 05:15:37,5,-73.9681957945184,40.750739128303394,-73.93529254473513,40.69988624696083,N,997
id0005987,1,2016-05-05 02:22:00,2016-05-05 02:32:19,1,-74.0561078625956,40.73633519896993,-74.09861858408755,40.712395573314055,N,619
id0005988,2,2016-06-14 09:57:00,2016-06-14 10:10:24,1,-74.04589696252708,40.76614319808395,-74.0303181896718,40.739838908585995,N,804
id0005989,1,2016-03-02 09:09:00,2016-03-02 09:55:17,1,-74.00156881451066,40.73568786357846,-74.11975344384179,40.76843448373105,N,2777
id0005990,2,2016-06-21 21:42:00,2016-06-21 22:04:23,1,-73.99299565788418,40.66242562860503,-74.07982765337968,40.69786467733358,N,1343
id0005991,1,2016-02-20 21:22:00,2016-02-20 21:35:17,1,-74.04692753081262,40.799501157352736,-74.02152383149259,40.76275459182605,N,797
id0005992,1,2016-02-26 05:46:00,2016-02-26 05:54:40,1,-73.9415693778866,40.76893579026067,-73.96037169331959,40.79529660241602,N,520
id0005993,2,2016-02-24 08:06:00,2016-02-24 08:28:58,1,-74.0079658535211,40.74387258953635,-74.0463705712833,40.76664908098999,N,1378
id0005994,2,2016-04-17 07:14:00,2016-04-17 07:27:58,3,-74.00819996833367,40.71452165825674,-74.01058611464373,40.67323282974004,N,838
id0005995,2,2016-04-21 12:01:00,2016-04-21 12:06:52,1,-73.96945376653736,40.691856411775184,-73.9872715910067,40.688922757316206,N,352
id0005996,2,2016-01-12 19:45:00,2016-01-12 20:03:22,1,-73.99208995518372,40.76807517181807,-74.0365773060853,40.78000387140358,N,1102
id0005997,2,2016-04-12 01:38:00,2016-04-12 01:57:07,1,-73.93893877529018,40.830604843210146,-74.01269598082717,40.836318082865255,N,1147
id0005998,2,2016-06-22 09:52:00,2016-06-22 10:56:52,1,-74.03633823957904,40.76714249145335,-74.12490532576204,40.70727355376505,N,3892
id0005999,1,2016-03-15 01:20:00,2016-03-15 01:27:45,1,-74.06185626283849,40.695775727725824,-74.0286106055018,40.7003671136339,N,465
